StudentID,SubjectName,Type,Score,Date
STU00000,Math,Core,67,2024-01-01
STU00001,Math,Core,52,2024-01-01
STU00002,Math,Core,79,2024-01-01
STU00003,Math,Core,23,2024-01-01
STU00004,Math,Core,88,2024-01-01
STU00005,Math,Core,74,2024-01-01
STU00006,Math,Core,13,2024-01-01
STU00007,Math,Core,83,2024-01-01
STU00008,Math,Core,48,2024-01-01
STU00009,Math,Core,78,2024-01-01
STU00010,Math,Core,30,2024-01-01
STU00011,Math,Core,89,2024-01-01
STU00012,Math,Core,19,2024-01-01
STU00013,Math,Core,18,2024-01-01
STU00014,Math,Core,71,2024-01-01
STU00015,Math,Core,30,2024-01-01
STU00016,Math,Core,53,2024-01-01
STU00017,Math,Core,10,2024-01-01
STU00018,Math,Core,91,2024-01-01
STU00019,Math,Core,76,2024-01-01
STU00020,Math,Core,50,2024-01-01
STU00021,Math,Core,77,2024-01-01
STU00022,Math,Core,18,2024-01-01
STU00023,Math,Core,91,2024-01-01
STU00024,Math,Core,47,2024-01-01
STU00025,Math,Core,36,2024-01-01
STU00026,Math,Core,100,2024-01-01
STU00027,Math,Core,76,2024-01-01
STU00028,Math,Core,92,2024-01-01
STU00029,Math,Core,95,2024-01-01
STU00030,Math,Core,56,2024-01-01
STU00031,Math,Core,91,2024-01-01
STU00032,Math,Core,5,2024-01-01
STU00033,Math,Core,51,2024-01-01
STU00034,Math,Core,16,2024-01-01
STU00035,Math,Core,53,2024-01-01
STU00036,Math,Core,68,2024-01-01
STU00037,Math,Core,5,2024-01-01
STU00038,Math,Core,25,2024-01-01
STU00039,Math,Core,88,2024-01-01
STU00040,Math,Core,87,2024-01-01
STU00041,Math,Core,55,2024-01-01
STU00042,Math,Core,36,2024-01-01
STU00043,Math,Core,85,2024-01-01
STU00044,Math,Core,70,2024-01-01
STU00045,Math,Core,97,2024-01-01
STU00046,Math,Core,23,2024-01-01
STU00047,Math,Core,60,2024-01-01
STU00048,Math,Core,89,2024-01-01
STU00049,Math,Core,77,2024-01-01
STU00050,Math,Core,87,2024-01-01
STU00051,Math,Core,95,2024-01-01
STU00052,Math,Core,28,2024-01-01
STU00053,Math,Core,69,2024-01-01
STU00054,Math,Core,14,2024-01-01
STU00055,Math,Core,6,2024-01-01
STU00056,Math,Core,44,2024-01-01
STU00057,Math,Core,19,2024-01-01
STU00058,Math,Core,97,2024-01-01
STU00059,Math,Core,18,2024-01-01
STU00060,Math,Core,29,2024-01-01
STU00061,Math,Core,24,2024-01-01
STU00062,Math,Core,76,2024-01-01
STU00063,Math,Core,26,2024-01-01
STU00064,Math,Core,86,2024-01-01
STU00065,Math,Core,99,2024-01-01
STU00066,Math,Core,2,2024-01-01
STU00067,Math,Core,21,2024-01-01
STU00068,Math,Core,0,2024-01-01
STU00069,Math,Core,44,2024-01-01
STU00070,Math,Core,45,2024-01-01
STU00071,Math,Core,95,2024-01-01
STU00072,Math,Core,95,2024-01-01
STU00073,Math,Core,73,2024-01-01
STU00074,Math,Core,28,2024-01-01
STU00075,Math,Core,68,2024-01-01
STU00076,Math,Core,67,2024-01-01
STU00077,Math,Core,67,2024-01-01
STU00078,Math,Core,70,2024-01-01
STU00079,Math,Core,13,2024-01-01
STU00080,Math,Core,79,2024-01-01
STU00081,Math,Core,53,2024-01-01
STU00082,Math,Core,7,2024-01-01
STU00083,Math,Core,83,2024-01-01
STU00084,Math,Core,22,2024-01-01
STU00085,Math,Core,62,2024-01-01
STU00086,Math,Core,86,2024-01-01
STU00087,Math,Core,99,2024-01-01
STU00088,Math,Core,76,2024-01-01
STU00089,Math,Core,6,2024-01-01
STU00090,Math,Core,51,2024-01-01
STU00091,Math,Core,49,2024-01-01
STU00092,Math,Core,28,2024-01-01
STU00093,Math,Core,73,2024-01-01
STU00094,Math,Core,93,2024-01-01
STU00095,Math,Core,10,2024-01-01
STU00096,Math,Core,72,2024-01-01
STU00097,Math,Core,50,2024-01-01
STU00098,Math,Core,27,2024-01-01
STU00099,Math,Core,83,2024-01-01
STU00100,Math,Core,17,2024-01-01
STU00101,Math,Core,76,2024-01-01
STU00102,Math,Core,21,2024-01-01
STU00103,Math,Core,19,2024-01-01
STU00104,Math,Core,29,2024-01-01
STU00105,Math,Core,8,2024-01-01
STU00106,Math,Core,89,2024-01-01
STU00107,Math,Core,63,2024-01-01
STU00108,Math,Core,76,2024-01-01
STU00109,Math,Core,2,2024-01-01
STU00110,Math,Core,62,2024-01-01
STU00111,Math,Core,88,2024-01-01
STU00112,Math,Core,20,2024-01-01
STU00113,Math,Core,69,2024-01-01
STU00114,Math,Core,12,2024-01-01
STU00115,Math,Core,52,2024-01-01
STU00116,Math,Core,74,2024-01-01
STU00117,Math,Core,16,2024-01-01
STU00118,Math,Core,99,2024-01-01
STU00119,Math,Core,12,2024-01-01
STU00120,Math,Core,87,2024-01-01
STU00121,Math,Core,72,2024-01-01
STU00122,Math,Core,89,2024-01-01
STU00123,Math,Core,11,2024-01-01
STU00124,Math,Core,7,2024-01-01
STU00125,Math,Core,79,2024-01-01
STU00126,Math,Core,17,2024-01-01
STU00127,Math,Core,14,2024-01-01
STU00128,Math,Core,36,2024-01-01
STU00129,Math,Core,25,2024-01-01
STU00130,Math,Core,58,2024-01-01
STU00131,Math,Core,43,2024-01-01
STU00132,Math,Core,68,2024-01-01
STU00133,Math,Core,33,2024-01-01
STU00134,Math,Core,77,2024-01-01
STU00135,Math,Core,31,2024-01-01
STU00136,Math,Core,19,2024-01-01
STU00137,Math,Core,94,2024-01-01
STU00138,Math,Core,46,2024-01-01
STU00139,Math,Core,85,2024-01-01
STU00140,Math,Core,10,2024-01-01
STU00141,Math,Core,32,2024-01-01
STU00142,Math,Core,45,2024-01-01
STU00143,Math,Core,27,2024-01-01
STU00144,Math,Core,66,2024-01-01
STU00145,Math,Core,41,2024-01-01
STU00146,Math,Core,78,2024-01-01
STU00147,Math,Core,9,2024-01-01
STU00148,Math,Core,61,2024-01-01
STU00149,Math,Core,4,2024-01-01
STU00150,Math,Core,76,2024-01-01
STU00151,Math,Core,73,2024-01-01
STU00152,Math,Core,10,2024-01-01
STU00153,Math,Core,77,2024-01-01
STU00154,Math,Core,67,2024-01-01
STU00155,Math,Core,84,2024-01-01
STU00156,Math,Core,23,2024-01-01
STU00157,Math,Core,25,2024-01-01
STU00158,Math,Core,99,2024-01-01
STU00159,Math,Core,16,2024-01-01
STU00160,Math,Core,82,2024-01-01
STU00161,Math,Core,90,2024-01-01
STU00162,Math,Core,85,2024-01-01
STU00163,Math,Core,74,2024-01-01
STU00164,Math,Core,94,2024-01-01
STU00165,Math,Core,35,2024-01-01
STU00166,Math,Core,72,2024-01-01
STU00167,Math,Core,9,2024-01-01
STU00168,Math,Core,28,2024-01-01
STU00169,Math,Core,85,2024-01-01
STU00170,Math,Core,37,2024-01-01
STU00171,Math,Core,48,2024-01-01
STU00172,Math,Core,60,2024-01-01
STU00173,Math,Core,37,2024-01-01
STU00174,Math,Core,18,2024-01-01
STU00175,Math,Core,21,2024-01-01
STU00176,Math,Core,96,2024-01-01
STU00177,Math,Core,59,2024-01-01
STU00178,Math,Core,59,2024-01-01
STU00179,Math,Core,7,2024-01-01
STU00180,Math,Core,100,2024-01-01
STU00181,Math,Core,69,2024-01-01
STU00182,Math,Core,5,2024-01-01
STU00183,Math,Core,6,2024-01-01
STU00184,Math,Core,75,2024-01-01
STU00185,Math,Core,15,2024-01-01
STU00186,Math,Core,54,2024-01-01
STU00187,Math,Core,5,2024-01-01
STU00188,Math,Core,24,2024-01-01
STU00189,Math,Core,51,2024-01-01
STU00190,Math,Core,67,2024-01-01
STU00191,Math,Core,37,2024-01-01
STU00192,Math,Core,58,2024-01-01
STU00193,Math,Core,4,2024-01-01
STU00194,Math,Core,86,2024-01-01
STU00195,Math,Core,51,2024-01-01
STU00196,Math,Core,27,2024-01-01
STU00197,Math,Core,58,2024-01-01
STU00198,Math,Core,11,2024-01-01
STU00199,Math,Core,30,2024-01-01
STU00200,Math,Core,78,2024-01-01
STU00201,Math,Core,80,2024-01-01
STU00202,Math,Core,18,2024-01-01
STU00203,Math,Core,95,2024-01-01
STU00204,Math,Core,12,2024-01-01
STU00205,Math,Core,74,2024-01-01
STU00206,Math,Core,82,2024-01-01
STU00207,Math,Core,81,2024-01-01
STU00208,Math,Core,82,2024-01-01
STU00209,Math,Core,32,2024-01-01
STU00210,Math,Core,26,2024-01-01
STU00211,Math,Core,31,2024-01-01
STU00212,Math,Core,16,2024-01-01
STU00213,Math,Core,28,2024-01-01
STU00214,Math,Core,49,2024-01-01
STU00215,Math,Core,40,2024-01-01
STU00216,Math,Core,64,2024-01-01
STU00217,Math,Core,56,2024-01-01
STU00218,Math,Core,92,2024-01-01
STU00219,Math,Core,0,2024-01-01
STU00220,Math,Core,33,2024-01-01
STU00221,Math,Core,68,2024-01-01
STU00222,Math,Core,62,2024-01-01
STU00223,Math,Core,22,2024-01-01
STU00224,Math,Core,37,2024-01-01
STU00225,Math,Core,74,2024-01-01
STU00226,Math,Core,49,2024-01-01
STU00227,Math,Core,63,2024-01-01
STU00228,Math,Core,70,2024-01-01
STU00229,Math,Core,36,2024-01-01
STU00230,Math,Core,29,2024-01-01
STU00231,Math,Core,3,2024-01-01
STU00232,Math,Core,33,2024-01-01
STU00233,Math,Core,77,2024-01-01
STU00234,Math,Core,93,2024-01-01
STU00235,Math,Core,53,2024-01-01
STU00236,Math,Core,12,2024-01-01
STU00237,Math,Core,93,2024-01-01
STU00238,Math,Core,8,2024-01-01
STU00239,Math,Core,76,2024-01-01
STU00240,Math,Core,8,2024-01-01
STU00241,Math,Core,25,2024-01-01
STU00242,Math,Core,32,2024-01-01
STU00243,Math,Core,15,2024-01-01
STU00244,Math,Core,47,2024-01-01
STU00245,Math,Core,6,2024-01-01
STU00246,Math,Core,24,2024-01-01
STU00247,Math,Core,88,2024-01-01
STU00248,Math,Core,1,2024-01-01
STU00249,Math,Core,60,2024-01-01
STU00250,Math,Core,29,2024-01-01
STU00251,Math,Core,67,2024-01-01
STU00252,Math,Core,85,2024-01-01
STU00253,Math,Core,14,2024-01-01
STU00254,Math,Core,38,2024-01-01
STU00255,Math,Core,99,2024-01-01
STU00256,Math,Core,96,2024-01-01
STU00257,Math,Core,64,2024-01-01
STU00258,Math,Core,20,2024-01-01
STU00259,Math,Core,65,2024-01-01
STU00260,Math,Core,67,2024-01-01
STU00261,Math,Core,57,2024-01-01
STU00262,Math,Core,52,2024-01-01
STU00263,Math,Core,77,2024-01-01
STU00264,Math,Core,53,2024-01-01
STU00265,Math,Core,46,2024-01-01
STU00266,Math,Core,92,2024-01-01
STU00267,Math,Core,9,2024-01-01
STU00268,Math,Core,16,2024-01-01
STU00269,Math,Core,9,2024-01-01
STU00270,Math,Core,45,2024-01-01
STU00271,Math,Core,88,2024-01-01
STU00272,Math,Core,78,2024-01-01
STU00273,Math,Core,60,2024-01-01
STU00274,Math,Core,3,2024-01-01
STU00275,Math,Core,43,2024-01-01
STU00276,Math,Core,7,2024-01-01
STU00277,Math,Core,54,2024-01-01
STU00278,Math,Core,91,2024-01-01
STU00279,Math,Core,86,2024-01-01
STU00280,Math,Core,13,2024-01-01
STU00281,Math,Core,91,2024-01-01
STU00282,Math,Core,73,2024-01-01
STU00283,Math,Core,28,2024-01-01
STU00284,Math,Core,90,2024-01-01
STU00285,Math,Core,8,2024-01-01
STU00286,Math,Core,23,2024-01-01
STU00287,Math,Core,50,2024-01-01
STU00288,Math,Core,24,2024-01-01
STU00289,Math,Core,74,2024-01-01
STU00290,Math,Core,66,2024-01-01
STU00291,Math,Core,44,2024-01-01
STU00292,Math,Core,33,2024-01-01
STU00293,Math,Core,58,2024-01-01
STU00294,Math,Core,78,2024-01-01
STU00295,Math,Core,89,2024-01-01
STU00296,Math,Core,59,2024-01-01
STU00297,Math,Core,83,2024-01-01
STU00298,Math,Core,6,2024-01-01
STU00299,Math,Core,11,2024-01-01
STU00300,Math,Core,54,2024-01-01
STU00301,Math,Core,39,2024-01-01
STU00302,Math,Core,66,2024-01-01
STU00303,Math,Core,23,2024-01-01
STU00304,Math,Core,43,2024-01-01
STU00305,Math,Core,93,2024-01-01
STU00306,Math,Core,66,2024-01-01
STU00307,Math,Core,27,2024-01-01
STU00308,Math,Core,6,2024-01-01
STU00309,Math,Core,50,2024-01-01
STU00310,Math,Core,1,2024-01-01
STU00311,Math,Core,45,2024-01-01
STU00312,Math,Core,14,2024-01-01
STU00313,Math,Core,74,2024-01-01
STU00314,Math,Core,68,2024-01-01
STU00315,Math,Core,85,2024-01-01
STU00316,Math,Core,87,2024-01-01
STU00317,Math,Core,31,2024-01-01
STU00318,Math,Core,31,2024-01-01
STU00319,Math,Core,0,2024-01-01
STU00320,Math,Core,1,2024-01-01
STU00321,Math,Core,24,2024-01-01
STU00322,Math,Core,25,2024-01-01
STU00323,Math,Core,57,2024-01-01
STU00324,Math,Core,68,2024-01-01
STU00325,Math,Core,46,2024-01-01
STU00326,Math,Core,28,2024-01-01
STU00327,Math,Core,56,2024-01-01
STU00328,Math,Core,7,2024-01-01
STU00329,Math,Core,27,2024-01-01
STU00330,Math,Core,73,2024-01-01
STU00331,Math,Core,20,2024-01-01
STU00332,Math,Core,14,2024-01-01
STU00333,Math,Core,92,2024-01-01
STU00334,Math,Core,54,2024-01-01
STU00335,Math,Core,40,2024-01-01
STU00336,Math,Core,66,2024-01-01
STU00337,Math,Core,27,2024-01-01
STU00338,Math,Core,39,2024-01-01
STU00339,Math,Core,16,2024-01-01
STU00340,Math,Core,52,2024-01-01
STU00341,Math,Core,36,2024-01-01
STU00342,Math,Core,97,2024-01-01
STU00343,Math,Core,49,2024-01-01
STU00344,Math,Core,82,2024-01-01
STU00345,Math,Core,16,2024-01-01
STU00346,Math,Core,41,2024-01-01
STU00347,Math,Core,95,2024-01-01
STU00348,Math,Core,33,2024-01-01
STU00349,Math,Core,52,2024-01-01
STU00350,Math,Core,7,2024-01-01
STU00351,Math,Core,39,2024-01-01
STU00352,Math,Core,5,2024-01-01
STU00353,Math,Core,58,2024-01-01
STU00354,Math,Core,32,2024-01-01
STU00355,Math,Core,84,2024-01-01
STU00356,Math,Core,87,2024-01-01
STU00357,Math,Core,23,2024-01-01
STU00358,Math,Core,15,2024-01-01
STU00359,Math,Core,15,2024-01-01
STU00360,Math,Core,49,2024-01-01
STU00361,Math,Core,13,2024-01-01
STU00362,Math,Core,38,2024-01-01
STU00363,Math,Core,94,2024-01-01
STU00364,Math,Core,48,2024-01-01
STU00365,Math,Core,61,2024-01-01
STU00366,Math,Core,69,2024-01-01
STU00367,Math,Core,2,2024-01-01
STU00368,Math,Core,29,2024-01-01
STU00369,Math,Core,12,2024-01-01
STU00370,Math,Core,82,2024-01-01
STU00371,Math,Core,77,2024-01-01
STU00372,Math,Core,51,2024-01-01
STU00373,Math,Core,31,2024-01-01
STU00374,Math,Core,2,2024-01-01
STU00375,Math,Core,45,2024-01-01
STU00376,Math,Core,8,2024-01-01
STU00377,Math,Core,67,2024-01-01
STU00378,Math,Core,63,2024-01-01
STU00379,Math,Core,85,2024-01-01
STU00380,Math,Core,68,2024-01-01
STU00381,Math,Core,45,2024-01-01
STU00382,Math,Core,47,2024-01-01
STU00383,Math,Core,39,2024-01-01
STU00384,Math,Core,45,2024-01-01
STU00385,Math,Core,91,2024-01-01
STU00386,Math,Core,70,2024-01-01
STU00387,Math,Core,58,2024-01-01
STU00388,Math,Core,17,2024-01-01
STU00389,Math,Core,35,2024-01-01
STU00390,Math,Core,52,2024-01-01
STU00391,Math,Core,15,2024-01-01
STU00392,Math,Core,20,2024-01-01
STU00393,Math,Core,75,2024-01-01
STU00394,Math,Core,48,2024-01-01
STU00395,Math,Core,12,2024-01-01
STU00396,Math,Core,12,2024-01-01
STU00397,Math,Core,94,2024-01-01
STU00398,Math,Core,11,2024-01-01
STU00399,Math,Core,14,2024-01-01
STU00400,Math,Core,0,2024-01-01
STU00401,Math,Core,70,2024-01-01
STU00402,Math,Core,50,2024-01-01
STU00403,Math,Core,40,2024-01-01
STU00404,Math,Core,10,2024-01-01
STU00405,Math,Core,32,2024-01-01
STU00406,Math,Core,54,2024-01-01
STU00407,Math,Core,2,2024-01-01
STU00408,Math,Core,51,2024-01-01
STU00409,Math,Core,10,2024-01-01
STU00410,Math,Core,12,2024-01-01
STU00411,Math,Core,33,2024-01-01
STU00412,Math,Core,87,2024-01-01
STU00413,Math,Core,85,2024-01-01
STU00414,Math,Core,73,2024-01-01
STU00415,Math,Core,4,2024-01-01
STU00416,Math,Core,36,2024-01-01
STU00417,Math,Core,80,2024-01-01
STU00418,Math,Core,68,2024-01-01
STU00419,Math,Core,0,2024-01-01
STU00420,Math,Core,68,2024-01-01
STU00421,Math,Core,51,2024-01-01
STU00422,Math,Core,12,2024-01-01
STU00423,Math,Core,49,2024-01-01
STU00424,Math,Core,59,2024-01-01
STU00425,Math,Core,50,2024-01-01
STU00426,Math,Core,15,2024-01-01
STU00427,Math,Core,48,2024-01-01
STU00428,Math,Core,44,2024-01-01
STU00429,Math,Core,37,2024-01-01
STU00430,Math,Core,44,2024-01-01
STU00431,Math,Core,81,2024-01-01
STU00432,Math,Core,100,2024-01-01
STU00433,Math,Core,67,2024-01-01
STU00434,Math,Core,7,2024-01-01
STU00435,Math,Core,54,2024-01-01
STU00436,Math,Core,64,2024-01-01
STU00437,Math,Core,51,2024-01-01
STU00438,Math,Core,7,2024-01-01
STU00439,Math,Core,8,2024-01-01
STU00440,Math,Core,88,2024-01-01
STU00441,Math,Core,0,2024-01-01
STU00442,Math,Core,60,2024-01-01
STU00443,Math,Core,1,2024-01-01
STU00444,Math,Core,57,2024-01-01
STU00445,Math,Core,99,2024-01-01
STU00446,Math,Core,81,2024-01-01
STU00447,Math,Core,40,2024-01-01
STU00448,Math,Core,33,2024-01-01
STU00449,Math,Core,69,2024-01-01
STU00450,Math,Core,77,2024-01-01
STU00451,Math,Core,6,2024-01-01
STU00452,Math,Core,38,2024-01-01
STU00453,Math,Core,6,2024-01-01
STU00454,Math,Core,94,2024-01-01
STU00455,Math,Core,63,2024-01-01
STU00456,Math,Core,84,2024-01-01
STU00457,Math,Core,82,2024-01-01
STU00458,Math,Core,82,2024-01-01
STU00459,Math,Core,33,2024-01-01
STU00460,Math,Core,8,2024-01-01
STU00461,Math,Core,29,2024-01-01
STU00462,Math,Core,97,2024-01-01
STU00463,Math,Core,56,2024-01-01
STU00464,Math,Core,4,2024-01-01
STU00465,Math,Core,63,2024-01-01
STU00466,Math,Core,72,2024-01-01
STU00467,Math,Core,63,2024-01-01
STU00468,Math,Core,26,2024-01-01
STU00469,Math,Core,86,2024-01-01
STU00470,Math,Core,36,2024-01-01
STU00471,Math,Core,60,2024-01-01
STU00472,Math,Core,67,2024-01-01
STU00473,Math,Core,95,2024-01-01
STU00474,Math,Core,50,2024-01-01
STU00475,Math,Core,20,2024-01-01
STU00476,Math,Core,10,2024-01-01
STU00477,Math,Core,59,2024-01-01
STU00478,Math,Core,25,2024-01-01
STU00479,Math,Core,99,2024-01-01
STU00480,Math,Core,32,2024-01-01
STU00481,Math,Core,92,2024-01-01
STU00482,Math,Core,1,2024-01-01
STU00483,Math,Core,99,2024-01-01
STU00484,Math,Core,25,2024-01-01
STU00485,Math,Core,51,2024-01-01
STU00486,Math,Core,39,2024-01-01
STU00487,Math,Core,36,2024-01-01
STU00488,Math,Core,98,2024-01-01
STU00489,Math,Core,3,2024-01-01
STU00490,Math,Core,50,2024-01-01
STU00491,Math,Core,73,2024-01-01
STU00492,Math,Core,71,2024-01-01
STU00493,Math,Core,62,2024-01-01
STU00494,Math,Core,73,2024-01-01
STU00495,Math,Core,7,2024-01-01
STU00496,Math,Core,0,2024-01-01
STU00497,Math,Core,61,2024-01-01
STU00498,Math,Core,92,2024-01-01
STU00499,Math,Core,37,2024-01-01
STU00500,Math,Core,20,2024-01-01
STU00501,Math,Core,2,2024-01-01
STU00502,Math,Core,82,2024-01-01
STU00503,Math,Core,52,2024-01-01
STU00504,Math,Core,43,2024-01-01
STU00505,Math,Core,23,2024-01-01
STU00506,Math,Core,2,2024-01-01
STU00507,Math,Core,45,2024-01-01
STU00508,Math,Core,76,2024-01-01
STU00509,Math,Core,11,2024-01-01
STU00510,Math,Core,53,2024-01-01
STU00511,Math,Core,72,2024-01-01
STU00512,Math,Core,100,2024-01-01
STU00513,Math,Core,44,2024-01-01
STU00514,Math,Core,57,2024-01-01
STU00515,Math,Core,37,2024-01-01
STU00516,Math,Core,81,2024-01-01
STU00517,Math,Core,46,2024-01-01
STU00518,Math,Core,19,2024-01-01
STU00519,Math,Core,9,2024-01-01
STU00520,Math,Core,92,2024-01-01
STU00521,Math,Core,35,2024-01-01
STU00522,Math,Core,17,2024-01-01
STU00523,Math,Core,26,2024-01-01
STU00524,Math,Core,79,2024-01-01
STU00525,Math,Core,20,2024-01-01
STU00526,Math,Core,74,2024-01-01
STU00527,Math,Core,70,2024-01-01
STU00528,Math,Core,99,2024-01-01
STU00529,Math,Core,73,2024-01-01
STU00530,Math,Core,52,2024-01-01
STU00531,Math,Core,84,2024-01-01
STU00532,Math,Core,53,2024-01-01
STU00533,Math,Core,84,2024-01-01
STU00534,Math,Core,97,2024-01-01
STU00535,Math,Core,10,2024-01-01
STU00536,Math,Core,29,2024-01-01
STU00537,Math,Core,100,2024-01-01
STU00538,Math,Core,16,2024-01-01
STU00539,Math,Core,3,2024-01-01
STU00540,Math,Core,21,2024-01-01
STU00541,Math,Core,63,2024-01-01
STU00542,Math,Core,59,2024-01-01
STU00543,Math,Core,94,2024-01-01
STU00544,Math,Core,38,2024-01-01
STU00545,Math,Core,53,2024-01-01
STU00546,Math,Core,48,2024-01-01
STU00547,Math,Core,93,2024-01-01
STU00548,Math,Core,58,2024-01-01
STU00549,Math,Core,67,2024-01-01
STU00550,Math,Core,81,2024-01-01
STU00551,Math,Core,7,2024-01-01
STU00552,Math,Core,64,2024-01-01
STU00553,Math,Core,90,2024-01-01
STU00554,Math,Core,12,2024-01-01
STU00555,Math,Core,36,2024-01-01
STU00556,Math,Core,33,2024-01-01
STU00557,Math,Core,1,2024-01-01
STU00558,Math,Core,50,2024-01-01
STU00559,Math,Core,24,2024-01-01
STU00560,Math,Core,98,2024-01-01
STU00561,Math,Core,13,2024-01-01
STU00562,Math,Core,75,2024-01-01
STU00563,Math,Core,85,2024-01-01
STU00564,Math,Core,0,2024-01-01
STU00565,Math,Core,83,2024-01-01
STU00566,Math,Core,58,2024-01-01
STU00567,Math,Core,77,2024-01-01
STU00568,Math,Core,66,2024-01-01
STU00569,Math,Core,97,2024-01-01
STU00570,Math,Core,25,2024-01-01
STU00571,Math,Core,22,2024-01-01
STU00572,Math,Core,5,2024-01-01
STU00573,Math,Core,47,2024-01-01
STU00574,Math,Core,55,2024-01-01
STU00575,Math,Core,24,2024-01-01
STU00576,Math,Core,13,2024-01-01
STU00577,Math,Core,46,2024-01-01
STU00578,Math,Core,68,2024-01-01
STU00579,Math,Core,42,2024-01-01
STU00580,Math,Core,6,2024-01-01
STU00581,Math,Core,2,2024-01-01
STU00582,Math,Core,51,2024-01-01
STU00583,Math,Core,58,2024-01-01
STU00584,Math,Core,51,2024-01-01
STU00585,Math,Core,56,2024-01-01
STU00586,Math,Core,97,2024-01-01
STU00587,Math,Core,17,2024-01-01
STU00588,Math,Core,7,2024-01-01
STU00589,Math,Core,7,2024-01-01
STU00590,Math,Core,6,2024-01-01
STU00591,Math,Core,57,2024-01-01
STU00592,Math,Core,51,2024-01-01
STU00593,Math,Core,78,2024-01-01
STU00594,Math,Core,62,2024-01-01
STU00595,Math,Core,41,2024-01-01
STU00596,Math,Core,13,2024-01-01
STU00597,Math,Core,21,2024-01-01
STU00598,Math,Core,24,2024-01-01
STU00599,Math,Core,8,2024-01-01
STU00600,Math,Core,17,2024-01-01
STU00601,Math,Core,24,2024-01-01
STU00602,Math,Core,50,2024-01-01
STU00603,Math,Core,57,2024-01-01
STU00604,Math,Core,33,2024-01-01
STU00605,Math,Core,84,2024-01-01
STU00606,Math,Core,17,2024-01-01
STU00607,Math,Core,47,2024-01-01
STU00608,Math,Core,16,2024-01-01
STU00609,Math,Core,55,2024-01-01
STU00610,Math,Core,21,2024-01-01
STU00611,Math,Core,31,2024-01-01
STU00612,Math,Core,39,2024-01-01
STU00613,Math,Core,51,2024-01-01
STU00614,Math,Core,11,2024-01-01
STU00615,Math,Core,28,2024-01-01
STU00616,Math,Core,35,2024-01-01
STU00617,Math,Core,0,2024-01-01
STU00618,Math,Core,36,2024-01-01
STU00619,Math,Core,31,2024-01-01
STU00620,Math,Core,19,2024-01-01
STU00621,Math,Core,42,2024-01-01
STU00622,Math,Core,38,2024-01-01
STU00623,Math,Core,42,2024-01-01
STU00624,Math,Core,37,2024-01-01
STU00625,Math,Core,60,2024-01-01
STU00626,Math,Core,83,2024-01-01
STU00627,Math,Core,86,2024-01-01
STU00628,Math,Core,92,2024-01-01
STU00629,Math,Core,20,2024-01-01
STU00630,Math,Core,92,2024-01-01
STU00631,Math,Core,94,2024-01-01
STU00632,Math,Core,75,2024-01-01
STU00633,Math,Core,16,2024-01-01
STU00634,Math,Core,13,2024-01-01
STU00635,Math,Core,55,2024-01-01
STU00636,Math,Core,34,2024-01-01
STU00637,Math,Core,41,2024-01-01
STU00638,Math,Core,59,2024-01-01
STU00639,Math,Core,44,2024-01-01
STU00640,Math,Core,83,2024-01-01
STU00641,Math,Core,45,2024-01-01
STU00642,Math,Core,0,2024-01-01
STU00643,Math,Core,20,2024-01-01
STU00644,Math,Core,94,2024-01-01
STU00645,Math,Core,6,2024-01-01
STU00646,Math,Core,91,2024-01-01
STU00647,Math,Core,91,2024-01-01
STU00648,Math,Core,93,2024-01-01
STU00649,Math,Core,68,2024-01-01
STU00650,Math,Core,74,2024-01-01
STU00651,Math,Core,94,2024-01-01
STU00652,Math,Core,82,2024-01-01
STU00653,Math,Core,28,2024-01-01
STU00654,Math,Core,15,2024-01-01
STU00655,Math,Core,16,2024-01-01
STU00656,Math,Core,82,2024-01-01
STU00657,Math,Core,3,2024-01-01
STU00658,Math,Core,79,2024-01-01
STU00659,Math,Core,95,2024-01-01
STU00660,Math,Core,81,2024-01-01
STU00661,Math,Core,40,2024-01-01
STU00662,Math,Core,17,2024-01-01
STU00663,Math,Core,55,2024-01-01
STU00664,Math,Core,28,2024-01-01
STU00665,Math,Core,47,2024-01-01
STU00666,Math,Core,38,2024-01-01
STU00667,Math,Core,53,2024-01-01
STU00668,Math,Core,93,2024-01-01
STU00669,Math,Core,67,2024-01-01
STU00670,Math,Core,43,2024-01-01
STU00671,Math,Core,11,2024-01-01
STU00672,Math,Core,24,2024-01-01
STU00673,Math,Core,82,2024-01-01
STU00674,Math,Core,92,2024-01-01
STU00675,Math,Core,70,2024-01-01
STU00676,Math,Core,10,2024-01-01
STU00677,Math,Core,52,2024-01-01
STU00678,Math,Core,61,2024-01-01
STU00679,Math,Core,14,2024-01-01
STU00680,Math,Core,57,2024-01-01
STU00681,Math,Core,2,2024-01-01
STU00682,Math,Core,73,2024-01-01
STU00683,Math,Core,84,2024-01-01
STU00684,Math,Core,80,2024-01-01
STU00685,Math,Core,89,2024-01-01
STU00686,Math,Core,73,2024-01-01
STU00687,Math,Core,32,2024-01-01
STU00688,Math,Core,0,2024-01-01
STU00689,Math,Core,68,2024-01-01
STU00690,Math,Core,48,2024-01-01
STU00691,Math,Core,69,2024-01-01
STU00692,Math,Core,77,2024-01-01
STU00693,Math,Core,49,2024-01-01
STU00694,Math,Core,20,2024-01-01
STU00695,Math,Core,98,2024-01-01
STU00696,Math,Core,7,2024-01-01
STU00697,Math,Core,90,2024-01-01
STU00698,Math,Core,85,2024-01-01
STU00699,Math,Core,22,2024-01-01
STU00700,Math,Core,78,2024-01-01
STU00701,Math,Core,51,2024-01-01
STU00702,Math,Core,86,2024-01-01
STU00703,Math,Core,31,2024-01-01
STU00704,Math,Core,44,2024-01-01
STU00705,Math,Core,30,2024-01-01
STU00706,Math,Core,89,2024-01-01
STU00707,Math,Core,76,2024-01-01
STU00708,Math,Core,39,2024-01-01
STU00709,Math,Core,9,2024-01-01
STU00710,Math,Core,26,2024-01-01
STU00711,Math,Core,10,2024-01-01
STU00712,Math,Core,93,2024-01-01
STU00713,Math,Core,15,2024-01-01
STU00714,Math,Core,53,2024-01-01
STU00715,Math,Core,8,2024-01-01
STU00716,Math,Core,14,2024-01-01
STU00717,Math,Core,47,2024-01-01
STU00718,Math,Core,39,2024-01-01
STU00719,Math,Core,72,2024-01-01
STU00720,Math,Core,68,2024-01-01
STU00721,Math,Core,26,2024-01-01
STU00722,Math,Core,43,2024-01-01
STU00723,Math,Core,91,2024-01-01
STU00724,Math,Core,80,2024-01-01
STU00725,Math,Core,81,2024-01-01
STU00726,Math,Core,47,2024-01-01
STU00727,Math,Core,41,2024-01-01
STU00728,Math,Core,19,2024-01-01
STU00729,Math,Core,35,2024-01-01
STU00730,Math,Core,38,2024-01-01
STU00731,Math,Core,70,2024-01-01
STU00732,Math,Core,33,2024-01-01
STU00733,Math,Core,60,2024-01-01
STU00734,Math,Core,66,2024-01-01
STU00735,Math,Core,46,2024-01-01
STU00736,Math,Core,61,2024-01-01
STU00737,Math,Core,51,2024-01-01
STU00738,Math,Core,46,2024-01-01
STU00739,Math,Core,5,2024-01-01
STU00740,Math,Core,89,2024-01-01
STU00741,Math,Core,20,2024-01-01
STU00742,Math,Core,37,2024-01-01
STU00743,Math,Core,72,2024-01-01
STU00744,Math,Core,13,2024-01-01
STU00745,Math,Core,89,2024-01-01
STU00746,Math,Core,11,2024-01-01
STU00747,Math,Core,51,2024-01-01
STU00748,Math,Core,56,2024-01-01
STU00749,Math,Core,96,2024-01-01
STU00750,Math,Core,40,2024-01-01
STU00751,Math,Core,48,2024-01-01
STU00752,Math,Core,14,2024-01-01
STU00753,Math,Core,87,2024-01-01
STU00754,Math,Core,86,2024-01-01
STU00755,Math,Core,100,2024-01-01
STU00756,Math,Core,57,2024-01-01
STU00757,Math,Core,81,2024-01-01
STU00758,Math,Core,77,2024-01-01
STU00759,Math,Core,73,2024-01-01
STU00760,Math,Core,1,2024-01-01
STU00761,Math,Core,33,2024-01-01
STU00762,Math,Core,29,2024-01-01
STU00763,Math,Core,85,2024-01-01
STU00764,Math,Core,48,2024-01-01
STU00765,Math,Core,32,2024-01-01
STU00766,Math,Core,63,2024-01-01
STU00767,Math,Core,87,2024-01-01
STU00768,Math,Core,88,2024-01-01
STU00769,Math,Core,95,2024-01-01
STU00770,Math,Core,8,2024-01-01
STU00771,Math,Core,89,2024-01-01
STU00772,Math,Core,13,2024-01-01
STU00773,Math,Core,55,2024-01-01
STU00774,Math,Core,38,2024-01-01
STU00775,Math,Core,74,2024-01-01
STU00776,Math,Core,70,2024-01-01
STU00777,Math,Core,93,2024-01-01
STU00778,Math,Core,87,2024-01-01
STU00779,Math,Core,14,2024-01-01
STU00780,Math,Core,51,2024-01-01
STU00781,Math,Core,46,2024-01-01
STU00782,Math,Core,80,2024-01-01
STU00783,Math,Core,88,2024-01-01
STU00784,Math,Core,33,2024-01-01
STU00785,Math,Core,28,2024-01-01
STU00786,Math,Core,56,2024-01-01
STU00787,Math,Core,27,2024-01-01
STU00788,Math,Core,90,2024-01-01
STU00789,Math,Core,34,2024-01-01
STU00790,Math,Core,25,2024-01-01
STU00791,Math,Core,44,2024-01-01
STU00792,Math,Core,98,2024-01-01
STU00793,Math,Core,6,2024-01-01
STU00794,Math,Core,72,2024-01-01
STU00795,Math,Core,21,2024-01-01
STU00796,Math,Core,66,2024-01-01
STU00797,Math,Core,19,2024-01-01
STU00798,Math,Core,65,2024-01-01
STU00799,Math,Core,6,2024-01-01
STU00800,Math,Core,23,2024-01-01
STU00801,Math,Core,60,2024-01-01
STU00802,Math,Core,67,2024-01-01
STU00803,Math,Core,74,2024-01-01
STU00804,Math,Core,2,2024-01-01
STU00805,Math,Core,96,2024-01-01
STU00806,Math,Core,41,2024-01-01
STU00807,Math,Core,93,2024-01-01
STU00808,Math,Core,99,2024-01-01
STU00809,Math,Core,56,2024-01-01
STU00810,Math,Core,20,2024-01-01
STU00811,Math,Core,18,2024-01-01
STU00812,Math,Core,39,2024-01-01
STU00813,Math,Core,53,2024-01-01
STU00814,Math,Core,94,2024-01-01
STU00815,Math,Core,74,2024-01-01
STU00816,Math,Core,93,2024-01-01
STU00817,Math,Core,74,2024-01-01
STU00818,Math,Core,3,2024-01-01
STU00819,Math,Core,6,2024-01-01
STU00820,Math,Core,25,2024-01-01
STU00821,Math,Core,60,2024-01-01
STU00822,Math,Core,95,2024-01-01
STU00823,Math,Core,89,2024-01-01
STU00824,Math,Core,7,2024-01-01
STU00825,Math,Core,36,2024-01-01
STU00826,Math,Core,75,2024-01-01
STU00827,Math,Core,82,2024-01-01
STU00828,Math,Core,79,2024-01-01
STU00829,Math,Core,43,2024-01-01
STU00830,Math,Core,5,2024-01-01
STU00831,Math,Core,96,2024-01-01
STU00832,Math,Core,95,2024-01-01
STU00833,Math,Core,93,2024-01-01
STU00834,Math,Core,74,2024-01-01
STU00835,Math,Core,3,2024-01-01
STU00836,Math,Core,43,2024-01-01
STU00837,Math,Core,67,2024-01-01
STU00838,Math,Core,95,2024-01-01
STU00839,Math,Core,21,2024-01-01
STU00840,Math,Core,59,2024-01-01
STU00841,Math,Core,38,2024-01-01
STU00842,Math,Core,26,2024-01-01
STU00843,Math,Core,83,2024-01-01
STU00844,Math,Core,4,2024-01-01
STU00845,Math,Core,11,2024-01-01
STU00846,Math,Core,10,2024-01-01
STU00847,Math,Core,42,2024-01-01
STU00848,Math,Core,61,2024-01-01
STU00849,Math,Core,79,2024-01-01
STU00850,Math,Core,96,2024-01-01
STU00851,Math,Core,42,2024-01-01
STU00852,Math,Core,59,2024-01-01
STU00853,Math,Core,47,2024-01-01
STU00854,Math,Core,48,2024-01-01
STU00855,Math,Core,55,2024-01-01
STU00856,Math,Core,9,2024-01-01
STU00857,Math,Core,53,2024-01-01
STU00858,Math,Core,29,2024-01-01
STU00859,Math,Core,68,2024-01-01
STU00860,Math,Core,82,2024-01-01
STU00861,Math,Core,9,2024-01-01
STU00862,Math,Core,70,2024-01-01
STU00863,Math,Core,80,2024-01-01
STU00864,Math,Core,37,2024-01-01
STU00865,Math,Core,5,2024-01-01
STU00866,Math,Core,74,2024-01-01
STU00867,Math,Core,30,2024-01-01
STU00868,Math,Core,56,2024-01-01
STU00869,Math,Core,74,2024-01-01
STU00870,Math,Core,79,2024-01-01
STU00871,Math,Core,9,2024-01-01
STU00872,Math,Core,40,2024-01-01
STU00873,Math,Core,82,2024-01-01
STU00874,Math,Core,14,2024-01-01
STU00875,Math,Core,11,2024-01-01
STU00876,Math,Core,16,2024-01-01
STU00877,Math,Core,34,2024-01-01
STU00878,Math,Core,84,2024-01-01
STU00879,Math,Core,94,2024-01-01
STU00880,Math,Core,27,2024-01-01
STU00881,Math,Core,40,2024-01-01
STU00882,Math,Core,93,2024-01-01
STU00883,Math,Core,96,2024-01-01
STU00884,Math,Core,3,2024-01-01
STU00885,Math,Core,93,2024-01-01
STU00886,Math,Core,2,2024-01-01
STU00887,Math,Core,54,2024-01-01
STU00888,Math,Core,12,2024-01-01
STU00889,Math,Core,15,2024-01-01
STU00890,Math,Core,8,2024-01-01
STU00891,Math,Core,12,2024-01-01
STU00892,Math,Core,52,2024-01-01
STU00893,Math,Core,0,2024-01-01
STU00894,Math,Core,63,2024-01-01
STU00895,Math,Core,91,2024-01-01
STU00896,Math,Core,75,2024-01-01
STU00897,Math,Core,74,2024-01-01
STU00898,Math,Core,57,2024-01-01
STU00899,Math,Core,42,2024-01-01
STU00900,Math,Core,91,2024-01-01
STU00901,Math,Core,68,2024-01-01
STU00902,Math,Core,69,2024-01-01
STU00903,Math,Core,24,2024-01-01
STU00904,Math,Core,18,2024-01-01
STU00905,Math,Core,11,2024-01-01
STU00906,Math,Core,71,2024-01-01
STU00907,Math,Core,50,2024-01-01
STU00908,Math,Core,54,2024-01-01
STU00909,Math,Core,38,2024-01-01
STU00910,Math,Core,74,2024-01-01
STU00911,Math,Core,98,2024-01-01
STU00912,Math,Core,74,2024-01-01
STU00913,Math,Core,42,2024-01-01
STU00914,Math,Core,55,2024-01-01
STU00915,Math,Core,22,2024-01-01
STU00916,Math,Core,95,2024-01-01
STU00917,Math,Core,52,2024-01-01
STU00918,Math,Core,76,2024-01-01
STU00919,Math,Core,25,2024-01-01
STU00920,Math,Core,50,2024-01-01
STU00921,Math,Core,22,2024-01-01
STU00922,Math,Core,75,2024-01-01
STU00923,Math,Core,36,2024-01-01
STU00924,Math,Core,89,2024-01-01
STU00925,Math,Core,89,2024-01-01
STU00926,Math,Core,81,2024-01-01
STU00927,Math,Core,52,2024-01-01
STU00928,Math,Core,98,2024-01-01
STU00929,Math,Core,18,2024-01-01
STU00930,Math,Core,48,2024-01-01
STU00931,Math,Core,30,2024-01-01
STU00932,Math,Core,82,2024-01-01
STU00933,Math,Core,9,2024-01-01
STU00934,Math,Core,88,2024-01-01
STU00935,Math,Core,11,2024-01-01
STU00936,Math,Core,52,2024-01-01
STU00937,Math,Core,80,2024-01-01
STU00938,Math,Core,81,2024-01-01
STU00939,Math,Core,12,2024-01-01
STU00940,Math,Core,80,2024-01-01
STU00941,Math,Core,99,2024-01-01
STU00942,Math,Core,59,2024-01-01
STU00943,Math,Core,86,2024-01-01
STU00944,Math,Core,11,2024-01-01
STU00945,Math,Core,12,2024-01-01
STU00946,Math,Core,47,2024-01-01
STU00947,Math,Core,96,2024-01-01
STU00948,Math,Core,31,2024-01-01
STU00949,Math,Core,46,2024-01-01
STU00950,Math,Core,85,2024-01-01
STU00951,Math,Core,22,2024-01-01
STU00952,Math,Core,71,2024-01-01
STU00953,Math,Core,53,2024-01-01
STU00954,Math,Core,97,2024-01-01
STU00955,Math,Core,40,2024-01-01
STU00956,Math,Core,75,2024-01-01
STU00957,Math,Core,67,2024-01-01
STU00958,Math,Core,47,2024-01-01
STU00959,Math,Core,82,2024-01-01
STU00960,Math,Core,63,2024-01-01
STU00961,Math,Core,99,2024-01-01
STU00962,Math,Core,27,2024-01-01
STU00963,Math,Core,75,2024-01-01
STU00964,Math,Core,80,2024-01-01
STU00965,Math,Core,57,2024-01-01
STU00966,Math,Core,21,2024-01-01
STU00967,Math,Core,67,2024-01-01
STU00968,Math,Core,61,2024-01-01
STU00969,Math,Core,14,2024-01-01
STU00970,Math,Core,76,2024-01-01
STU00971,Math,Core,55,2024-01-01
STU00972,Math,Core,28,2024-01-01
STU00973,Math,Core,28,2024-01-01
STU00974,Math,Core,1,2024-01-01
STU00975,Math,Core,23,2024-01-01
STU00976,Math,Core,64,2024-01-01
STU00977,Math,Core,79,2024-01-01
STU00978,Math,Core,41,2024-01-01
STU00979,Math,Core,78,2024-01-01
STU00980,Math,Core,63,2024-01-01
STU00981,Math,Core,95,2024-01-01
STU00982,Math,Core,0,2024-01-01
STU00983,Math,Core,74,2024-01-01
STU00984,Math,Core,0,2024-01-01
STU00985,Math,Core,91,2024-01-01
STU00986,Math,Core,8,2024-01-01
STU00987,Math,Core,87,2024-01-01
STU00988,Math,Core,69,2024-01-01
STU00989,Math,Core,60,2024-01-01
STU00990,Math,Core,13,2024-01-01
STU00991,Math,Core,98,2024-01-01
STU00992,Math,Core,12,2024-01-01
STU00993,Math,Core,98,2024-01-01
STU00994,Math,Core,30,2024-01-01
STU00995,Math,Core,96,2024-01-01
STU00996,Math,Core,52,2024-01-01
STU00997,Math,Core,60,2024-01-01
STU00998,Math,Core,65,2024-01-01
STU00999,Math,Core,48,2024-01-01
STU01000,Math,Core,9,2024-01-01
STU01001,Math,Core,59,2024-01-01
STU01002,Math,Core,29,2024-01-01
STU01003,Math,Core,16,2024-01-01
STU01004,Math,Core,53,2024-01-01
STU01005,Math,Core,83,2024-01-01
STU01006,Math,Core,40,2024-01-01
STU01007,Math,Core,82,2024-01-01
STU01008,Math,Core,85,2024-01-01
STU01009,Math,Core,73,2024-01-01
STU01010,Math,Core,11,2024-01-01
STU01011,Math,Core,20,2024-01-01
STU01012,Math,Core,91,2024-01-01
STU01013,Math,Core,64,2024-01-01
STU01014,Math,Core,55,2024-01-01
STU01015,Math,Core,36,2024-01-01
STU01016,Math,Core,47,2024-01-01
STU01017,Math,Core,70,2024-01-01
STU01018,Math,Core,18,2024-01-01
STU01019,Math,Core,60,2024-01-01
STU01020,Math,Core,51,2024-01-01
STU01021,Math,Core,61,2024-01-01
STU01022,Math,Core,60,2024-01-01
STU01023,Math,Core,43,2024-01-01
STU01024,Math,Core,99,2024-01-01
STU01025,Math,Core,78,2024-01-01
STU01026,Math,Core,21,2024-01-01
STU01027,Math,Core,22,2024-01-01
STU01028,Math,Core,23,2024-01-01
STU01029,Math,Core,40,2024-01-01
STU01030,Math,Core,64,2024-01-01
STU01031,Math,Core,4,2024-01-01
STU01032,Math,Core,8,2024-01-01
STU01033,Math,Core,74,2024-01-01
STU01034,Math,Core,42,2024-01-01
STU01035,Math,Core,37,2024-01-01
STU01036,Math,Core,48,2024-01-01
STU01037,Math,Core,86,2024-01-01
STU01038,Math,Core,69,2024-01-01
STU01039,Math,Core,14,2024-01-01
STU01040,Math,Core,53,2024-01-01
STU01041,Math,Core,1,2024-01-01
STU01042,Math,Core,71,2024-01-01
STU01043,Math,Core,1,2024-01-01
STU01044,Math,Core,52,2024-01-01
STU01045,Math,Core,44,2024-01-01
STU01046,Math,Core,71,2024-01-01
STU01047,Math,Core,90,2024-01-01
STU01048,Math,Core,91,2024-01-01
STU01049,Math,Core,29,2024-01-01
STU01050,Math,Core,18,2024-01-01
STU01051,Math,Core,38,2024-01-01
STU01052,Math,Core,64,2024-01-01
STU01053,Math,Core,41,2024-01-01
STU01054,Math,Core,35,2024-01-01
STU01055,Math,Core,24,2024-01-01
STU01056,Math,Core,66,2024-01-01
STU01057,Math,Core,59,2024-01-01
STU01058,Math,Core,97,2024-01-01
STU01059,Math,Core,6,2024-01-01
STU01060,Math,Core,84,2024-01-01
STU01061,Math,Core,11,2024-01-01
STU01062,Math,Core,48,2024-01-01
STU01063,Math,Core,28,2024-01-01
STU01064,Math,Core,16,2024-01-01
STU01065,Math,Core,0,2024-01-01
STU01066,Math,Core,69,2024-01-01
STU01067,Math,Core,38,2024-01-01
STU01068,Math,Core,22,2024-01-01
STU01069,Math,Core,60,2024-01-01
STU01070,Math,Core,80,2024-01-01
STU01071,Math,Core,41,2024-01-01
STU01072,Math,Core,4,2024-01-01
STU01073,Math,Core,34,2024-01-01
STU01074,Math,Core,54,2024-01-01
STU01075,Math,Core,97,2024-01-01
STU01076,Math,Core,9,2024-01-01
STU01077,Math,Core,44,2024-01-01
STU01078,Math,Core,2,2024-01-01
STU01079,Math,Core,54,2024-01-01
STU01080,Math,Core,96,2024-01-01
STU01081,Math,Core,48,2024-01-01
STU01082,Math,Core,38,2024-01-01
STU01083,Math,Core,87,2024-01-01
STU01084,Math,Core,78,2024-01-01
STU01085,Math,Core,57,2024-01-01
STU01086,Math,Core,46,2024-01-01
STU01087,Math,Core,22,2024-01-01
STU01088,Math,Core,75,2024-01-01
STU01089,Math,Core,43,2024-01-01
STU01090,Math,Core,71,2024-01-01
STU01091,Math,Core,41,2024-01-01
STU01092,Math,Core,7,2024-01-01
STU01093,Math,Core,57,2024-01-01
STU01094,Math,Core,28,2024-01-01
STU01095,Math,Core,36,2024-01-01
STU01096,Math,Core,68,2024-01-01
STU01097,Math,Core,85,2024-01-01
STU01098,Math,Core,9,2024-01-01
STU01099,Math,Core,24,2024-01-01
STU01100,Math,Core,97,2024-01-01
STU01101,Math,Core,32,2024-01-01
STU01102,Math,Core,27,2024-01-01
STU01103,Math,Core,65,2024-01-01
STU01104,Math,Core,7,2024-01-01
STU01105,Math,Core,88,2024-01-01
STU01106,Math,Core,18,2024-01-01
STU01107,Math,Core,56,2024-01-01
STU01108,Math,Core,29,2024-01-01
STU01109,Math,Core,5,2024-01-01
STU01110,Math,Core,79,2024-01-01
STU01111,Math,Core,85,2024-01-01
STU01112,Math,Core,80,2024-01-01
STU01113,Math,Core,24,2024-01-01
STU01114,Math,Core,21,2024-01-01
STU01115,Math,Core,90,2024-01-01
STU01116,Math,Core,82,2024-01-01
STU01117,Math,Core,61,2024-01-01
STU01118,Math,Core,0,2024-01-01
STU01119,Math,Core,86,2024-01-01
STU01120,Math,Core,75,2024-01-01
STU01121,Math,Core,92,2024-01-01
STU01122,Math,Core,63,2024-01-01
STU01123,Math,Core,24,2024-01-01
STU01124,Math,Core,65,2024-01-01
STU01125,Math,Core,4,2024-01-01
STU01126,Math,Core,56,2024-01-01
STU01127,Math,Core,6,2024-01-01
STU01128,Math,Core,63,2024-01-01
STU01129,Math,Core,28,2024-01-01
STU01130,Math,Core,6,2024-01-01
STU01131,Math,Core,15,2024-01-01
STU01132,Math,Core,78,2024-01-01
STU01133,Math,Core,16,2024-01-01
STU01134,Math,Core,14,2024-01-01
STU01135,Math,Core,60,2024-01-01
STU01136,Math,Core,40,2024-01-01
STU01137,Math,Core,25,2024-01-01
STU01138,Math,Core,55,2024-01-01
STU01139,Math,Core,11,2024-01-01
STU01140,Math,Core,100,2024-01-01
STU01141,Math,Core,45,2024-01-01
STU01142,Math,Core,82,2024-01-01
STU01143,Math,Core,63,2024-01-01
STU01144,Math,Core,23,2024-01-01
STU01145,Math,Core,55,2024-01-01
STU01146,Math,Core,23,2024-01-01
STU01147,Math,Core,7,2024-01-01
STU01148,Math,Core,100,2024-01-01
STU01149,Math,Core,12,2024-01-01
STU01150,Math,Core,96,2024-01-01
STU01151,Math,Core,7,2024-01-01
STU01152,Math,Core,68,2024-01-01
STU01153,Math,Core,8,2024-01-01
STU01154,Math,Core,20,2024-01-01
STU01155,Math,Core,39,2024-01-01
STU01156,Math,Core,94,2024-01-01
STU01157,Math,Core,67,2024-01-01
STU01158,Math,Core,80,2024-01-01
STU01159,Math,Core,10,2024-01-01
STU01160,Math,Core,45,2024-01-01
STU01161,Math,Core,7,2024-01-01
STU01162,Math,Core,34,2024-01-01
STU01163,Math,Core,82,2024-01-01
STU01164,Math,Core,50,2024-01-01
STU01165,Math,Core,77,2024-01-01
STU01166,Math,Core,73,2024-01-01
STU01167,Math,Core,69,2024-01-01
STU01168,Math,Core,47,2024-01-01
STU01169,Math,Core,24,2024-01-01
STU01170,Math,Core,86,2024-01-01
STU01171,Math,Core,89,2024-01-01
STU01172,Math,Core,25,2024-01-01
STU01173,Math,Core,12,2024-01-01
STU01174,Math,Core,31,2024-01-01
STU01175,Math,Core,83,2024-01-01
STU01176,Math,Core,43,2024-01-01
STU01177,Math,Core,59,2024-01-01
STU01178,Math,Core,39,2024-01-01
STU01179,Math,Core,66,2024-01-01
STU01180,Math,Core,100,2024-01-01
STU01181,Math,Core,19,2024-01-01
STU01182,Math,Core,96,2024-01-01
STU01183,Math,Core,39,2024-01-01
STU01184,Math,Core,3,2024-01-01
STU01185,Math,Core,52,2024-01-01
STU01186,Math,Core,86,2024-01-01
STU01187,Math,Core,32,2024-01-01
STU01188,Math,Core,78,2024-01-01
STU01189,Math,Core,9,2024-01-01
STU01190,Math,Core,89,2024-01-01
STU01191,Math,Core,30,2024-01-01
STU01192,Math,Core,48,2024-01-01
STU01193,Math,Core,6,2024-01-01
STU01194,Math,Core,40,2024-01-01
STU01195,Math,Core,28,2024-01-01
STU01196,Math,Core,57,2024-01-01
STU01197,Math,Core,54,2024-01-01
STU01198,Math,Core,5,2024-01-01
STU01199,Math,Core,97,2024-01-01
STU01200,Math,Core,62,2024-01-01
STU01201,Math,Core,24,2024-01-01
STU01202,Math,Core,34,2024-01-01
STU01203,Math,Core,54,2024-01-01
STU01204,Math,Core,15,2024-01-01
STU01205,Math,Core,76,2024-01-01
STU01206,Math,Core,72,2024-01-01
STU01207,Math,Core,3,2024-01-01
STU01208,Math,Core,45,2024-01-01
STU01209,Math,Core,52,2024-01-01
STU01210,Math,Core,28,2024-01-01
STU01211,Math,Core,84,2024-01-01
STU01212,Math,Core,90,2024-01-01
STU01213,Math,Core,87,2024-01-01
STU01214,Math,Core,16,2024-01-01
STU01215,Math,Core,93,2024-01-01
STU01216,Math,Core,71,2024-01-01
STU01217,Math,Core,83,2024-01-01
STU01218,Math,Core,68,2024-01-01
STU01219,Math,Core,49,2024-01-01
STU01220,Math,Core,60,2024-01-01
STU01221,Math,Core,19,2024-01-01
STU01222,Math,Core,65,2024-01-01
STU01223,Math,Core,75,2024-01-01
STU01224,Math,Core,66,2024-01-01
STU01225,Math,Core,29,2024-01-01
STU01226,Math,Core,96,2024-01-01
STU01227,Math,Core,10,2024-01-01
STU01228,Math,Core,91,2024-01-01
STU01229,Math,Core,19,2024-01-01
STU01230,Math,Core,71,2024-01-01
STU01231,Math,Core,46,2024-01-01
STU01232,Math,Core,12,2024-01-01
STU01233,Math,Core,5,2024-01-01
STU01234,Math,Core,44,2024-01-01
STU01235,Math,Core,98,2024-01-01
STU01236,Math,Core,66,2024-01-01
STU01237,Math,Core,54,2024-01-01
STU01238,Math,Core,25,2024-01-01
STU01239,Math,Core,16,2024-01-01
STU01240,Math,Core,100,2024-01-01
STU01241,Math,Core,86,2024-01-01
STU01242,Math,Core,89,2024-01-01
STU01243,Math,Core,52,2024-01-01
STU01244,Math,Core,17,2024-01-01
STU01245,Math,Core,30,2024-01-01
STU01246,Math,Core,62,2024-01-01
STU01247,Math,Core,42,2024-01-01
STU01248,Math,Core,100,2024-01-01
STU01249,Math,Core,73,2024-01-01
STU01250,Math,Core,84,2024-01-01
STU01251,Math,Core,2,2024-01-01
STU01252,Math,Core,4,2024-01-01
STU01253,Math,Core,100,2024-01-01
STU01254,Math,Core,16,2024-01-01
STU01255,Math,Core,82,2024-01-01
STU01256,Math,Core,15,2024-01-01
STU01257,Math,Core,58,2024-01-01
STU01258,Math,Core,43,2024-01-01
STU01259,Math,Core,94,2024-01-01
STU01260,Math,Core,8,2024-01-01
STU01261,Math,Core,87,2024-01-01
STU01262,Math,Core,14,2024-01-01
STU01263,Math,Core,60,2024-01-01
STU01264,Math,Core,19,2024-01-01
STU01265,Math,Core,21,2024-01-01
STU01266,Math,Core,90,2024-01-01
STU01267,Math,Core,17,2024-01-01
STU01268,Math,Core,73,2024-01-01
STU01269,Math,Core,50,2024-01-01
STU01270,Math,Core,56,2024-01-01
STU01271,Math,Core,93,2024-01-01
STU01272,Math,Core,68,2024-01-01
STU01273,Math,Core,93,2024-01-01
STU01274,Math,Core,2,2024-01-01
STU01275,Math,Core,89,2024-01-01
STU01276,Math,Core,50,2024-01-01
STU01277,Math,Core,18,2024-01-01
STU01278,Math,Core,53,2024-01-01
STU01279,Math,Core,92,2024-01-01
STU01280,Math,Core,41,2024-01-01
STU01281,Math,Core,15,2024-01-01
STU01282,Math,Core,39,2024-01-01
STU01283,Math,Core,25,2024-01-01
STU01284,Math,Core,83,2024-01-01
STU01285,Math,Core,27,2024-01-01
STU01286,Math,Core,84,2024-01-01
STU01287,Math,Core,12,2024-01-01
STU01288,Math,Core,1,2024-01-01
STU01289,Math,Core,15,2024-01-01
STU01290,Math,Core,89,2024-01-01
STU01291,Math,Core,50,2024-01-01
STU01292,Math,Core,22,2024-01-01
STU01293,Math,Core,44,2024-01-01
STU01294,Math,Core,67,2024-01-01
STU01295,Math,Core,93,2024-01-01
STU01296,Math,Core,19,2024-01-01
STU01297,Math,Core,56,2024-01-01
STU01298,Math,Core,49,2024-01-01
STU01299,Math,Core,68,2024-01-01
STU01300,Math,Core,42,2024-01-01
STU01301,Math,Core,22,2024-01-01
STU01302,Math,Core,33,2024-01-01
STU01303,Math,Core,74,2024-01-01
STU01304,Math,Core,47,2024-01-01
STU01305,Math,Core,94,2024-01-01
STU01306,Math,Core,67,2024-01-01
STU01307,Math,Core,53,2024-01-01
STU01308,Math,Core,83,2024-01-01
STU01309,Math,Core,62,2024-01-01
STU01310,Math,Core,57,2024-01-01
STU01311,Math,Core,63,2024-01-01
STU01312,Math,Core,99,2024-01-01
STU01313,Math,Core,3,2024-01-01
STU01314,Math,Core,84,2024-01-01
STU01315,Math,Core,26,2024-01-01
STU01316,Math,Core,6,2024-01-01
STU01317,Math,Core,14,2024-01-01
STU01318,Math,Core,99,2024-01-01
STU01319,Math,Core,5,2024-01-01
STU01320,Math,Core,95,2024-01-01
STU01321,Math,Core,81,2024-01-01
STU01322,Math,Core,8,2024-01-01
STU01323,Math,Core,29,2024-01-01
STU01324,Math,Core,16,2024-01-01
STU01325,Math,Core,93,2024-01-01
STU01326,Math,Core,56,2024-01-01
STU01327,Math,Core,59,2024-01-01
STU01328,Math,Core,44,2024-01-01
STU01329,Math,Core,4,2024-01-01
STU01330,Math,Core,41,2024-01-01
STU01331,Math,Core,19,2024-01-01
STU01332,Math,Core,24,2024-01-01
STU01333,Math,Core,31,2024-01-01
STU01334,Math,Core,62,2024-01-01
STU01335,Math,Core,62,2024-01-01
STU01336,Math,Core,33,2024-01-01
STU01337,Math,Core,87,2024-01-01
STU01338,Math,Core,21,2024-01-01
STU01339,Math,Core,25,2024-01-01
STU01340,Math,Core,11,2024-01-01
STU01341,Math,Core,90,2024-01-01
STU01342,Math,Core,44,2024-01-01
STU01343,Math,Core,19,2024-01-01
STU01344,Math,Core,10,2024-01-01
STU01345,Math,Core,65,2024-01-01
STU01346,Math,Core,74,2024-01-01
STU01347,Math,Core,32,2024-01-01
STU01348,Math,Core,94,2024-01-01
STU01349,Math,Core,55,2024-01-01
STU01350,Math,Core,46,2024-01-01
STU01351,Math,Core,25,2024-01-01
STU01352,Math,Core,18,2024-01-01
STU01353,Math,Core,44,2024-01-01
STU01354,Math,Core,85,2024-01-01
STU01355,Math,Core,67,2024-01-01
STU01356,Math,Core,38,2024-01-01
STU01357,Math,Core,28,2024-01-01
STU01358,Math,Core,60,2024-01-01
STU01359,Math,Core,87,2024-01-01
STU01360,Math,Core,15,2024-01-01
STU01361,Math,Core,80,2024-01-01
STU01362,Math,Core,64,2024-01-01
STU01363,Math,Core,48,2024-01-01
STU01364,Math,Core,60,2024-01-01
STU01365,Math,Core,86,2024-01-01
STU01366,Math,Core,24,2024-01-01
STU01367,Math,Core,43,2024-01-01
STU01368,Math,Core,9,2024-01-01
STU01369,Math,Core,95,2024-01-01
STU01370,Math,Core,31,2024-01-01
STU01371,Math,Core,18,2024-01-01
STU01372,Math,Core,25,2024-01-01
STU01373,Math,Core,36,2024-01-01
STU01374,Math,Core,57,2024-01-01
STU01375,Math,Core,19,2024-01-01
STU01376,Math,Core,40,2024-01-01
STU01377,Math,Core,75,2024-01-01
STU01378,Math,Core,29,2024-01-01
STU01379,Math,Core,29,2024-01-01
STU01380,Math,Core,11,2024-01-01
STU01381,Math,Core,13,2024-01-01
STU01382,Math,Core,86,2024-01-01
STU01383,Math,Core,30,2024-01-01
STU01384,Math,Core,20,2024-01-01
STU01385,Math,Core,78,2024-01-01
STU01386,Math,Core,46,2024-01-01
STU01387,Math,Core,100,2024-01-01
STU01388,Math,Core,48,2024-01-01
STU01389,Math,Core,61,2024-01-01
STU01390,Math,Core,91,2024-01-01
STU01391,Math,Core,35,2024-01-01
STU01392,Math,Core,47,2024-01-01
STU01393,Math,Core,3,2024-01-01
STU01394,Math,Core,56,2024-01-01
STU01395,Math,Core,57,2024-01-01
STU01396,Math,Core,96,2024-01-01
STU01397,Math,Core,67,2024-01-01
STU01398,Math,Core,19,2024-01-01
STU01399,Math,Core,39,2024-01-01
STU01400,Math,Core,44,2024-01-01
STU01401,Math,Core,54,2024-01-01
STU01402,Math,Core,6,2024-01-01
STU01403,Math,Core,15,2024-01-01
STU01404,Math,Core,22,2024-01-01
STU01405,Math,Core,56,2024-01-01
STU01406,Math,Core,60,2024-01-01
STU01407,Math,Core,93,2024-01-01
STU01408,Math,Core,55,2024-01-01
STU01409,Math,Core,22,2024-01-01
STU01410,Math,Core,15,2024-01-01
STU01411,Math,Core,95,2024-01-01
STU01412,Math,Core,15,2024-01-01
STU01413,Math,Core,69,2024-01-01
STU01414,Math,Core,97,2024-01-01
STU01415,Math,Core,65,2024-01-01
STU01416,Math,Core,44,2024-01-01
STU01417,Math,Core,46,2024-01-01
STU01418,Math,Core,39,2024-01-01
STU01419,Math,Core,60,2024-01-01
STU01420,Math,Core,46,2024-01-01
STU01421,Math,Core,22,2024-01-01
STU01422,Math,Core,37,2024-01-01
STU01423,Math,Core,26,2024-01-01
STU01424,Math,Core,14,2024-01-01
STU01425,Math,Core,67,2024-01-01
STU01426,Math,Core,98,2024-01-01
STU01427,Math,Core,41,2024-01-01
STU01428,Math,Core,61,2024-01-01
STU01429,Math,Core,20,2024-01-01
STU01430,Math,Core,41,2024-01-01
STU01431,Math,Core,1,2024-01-01
STU01432,Math,Core,85,2024-01-01
STU01433,Math,Core,7,2024-01-01
STU01434,Math,Core,34,2024-01-01
STU01435,Math,Core,14,2024-01-01
STU01436,Math,Core,95,2024-01-01
STU01437,Math,Core,48,2024-01-01
STU01438,Math,Core,8,2024-01-01
STU01439,Math,Core,49,2024-01-01
STU01440,Math,Core,51,2024-01-01
STU01441,Math,Core,18,2024-01-01
STU01442,Math,Core,9,2024-01-01
STU01443,Math,Core,53,2024-01-01
STU01444,Math,Core,3,2024-01-01
STU01445,Math,Core,92,2024-01-01
STU01446,Math,Core,90,2024-01-01
STU01447,Math,Core,52,2024-01-01
STU01448,Math,Core,22,2024-01-01
STU01449,Math,Core,98,2024-01-01
STU01450,Math,Core,74,2024-01-01
STU01451,Math,Core,29,2024-01-01
STU01452,Math,Core,58,2024-01-01
STU01453,Math,Core,98,2024-01-01
STU01454,Math,Core,63,2024-01-01
STU01455,Math,Core,31,2024-01-01
STU01456,Math,Core,71,2024-01-01
STU01457,Math,Core,96,2024-01-01
STU01458,Math,Core,1,2024-01-01
STU01459,Math,Core,44,2024-01-01
STU01460,Math,Core,44,2024-01-01
STU01461,Math,Core,18,2024-01-01
STU01462,Math,Core,58,2024-01-01
STU01463,Math,Core,29,2024-01-01
STU01464,Math,Core,95,2024-01-01
STU01465,Math,Core,64,2024-01-01
STU01466,Math,Core,82,2024-01-01
STU01467,Math,Core,63,2024-01-01
STU01468,Math,Core,57,2024-01-01
STU01469,Math,Core,67,2024-01-01
STU01470,Math,Core,1,2024-01-01
STU01471,Math,Core,55,2024-01-01
STU01472,Math,Core,91,2024-01-01
STU01473,Math,Core,30,2024-01-01
STU01474,Math,Core,21,2024-01-01
STU01475,Math,Core,33,2024-01-01
STU01476,Math,Core,97,2024-01-01
STU01477,Math,Core,82,2024-01-01
STU01478,Math,Core,53,2024-01-01
STU01479,Math,Core,65,2024-01-01
STU01480,Math,Core,1,2024-01-01
STU01481,Math,Core,30,2024-01-01
STU01482,Math,Core,65,2024-01-01
STU01483,Math,Core,78,2024-01-01
STU01484,Math,Core,59,2024-01-01
STU01485,Math,Core,16,2024-01-01
STU01486,Math,Core,28,2024-01-01
STU01487,Math,Core,17,2024-01-01
STU01488,Math,Core,34,2024-01-01
STU01489,Math,Core,61,2024-01-01
STU01490,Math,Core,4,2024-01-01
STU01491,Math,Core,98,2024-01-01
STU01492,Math,Core,91,2024-01-01
STU01493,Math,Core,34,2024-01-01
STU01494,Math,Core,100,2024-01-01
STU01495,Math,Core,25,2024-01-01
STU01496,Math,Core,82,2024-01-01
STU01497,Math,Core,62,2024-01-01
STU01498,Math,Core,52,2024-01-01
STU01499,Math,Core,97,2024-01-01
STU01500,Math,Core,85,2024-01-01
STU01501,Math,Core,49,2024-01-01
STU01502,Math,Core,8,2024-01-01
STU01503,Math,Core,95,2024-01-01
STU01504,Math,Core,22,2024-01-01
STU01505,Math,Core,83,2024-01-01
STU01506,Math,Core,13,2024-01-01
STU01507,Math,Core,82,2024-01-01
STU01508,Math,Core,2,2024-01-01
STU01509,Math,Core,78,2024-01-01
STU01510,Math,Core,8,2024-01-01
STU01511,Math,Core,2,2024-01-01
STU01512,Math,Core,95,2024-01-01
STU01513,Math,Core,43,2024-01-01
STU01514,Math,Core,7,2024-01-01
STU01515,Math,Core,0,2024-01-01
STU01516,Math,Core,93,2024-01-01
STU01517,Math,Core,47,2024-01-01
STU01518,Math,Core,39,2024-01-01
STU01519,Math,Core,40,2024-01-01
STU01520,Math,Core,6,2024-01-01
STU01521,Math,Core,97,2024-01-01
STU01522,Math,Core,24,2024-01-01
STU01523,Math,Core,11,2024-01-01
STU01524,Math,Core,75,2024-01-01
STU01525,Math,Core,11,2024-01-01
STU01526,Math,Core,45,2024-01-01
STU01527,Math,Core,50,2024-01-01
STU01528,Math,Core,79,2024-01-01
STU01529,Math,Core,5,2024-01-01
STU01530,Math,Core,5,2024-01-01
STU01531,Math,Core,65,2024-01-01
STU01532,Math,Core,58,2024-01-01
STU01533,Math,Core,67,2024-01-01
STU01534,Math,Core,95,2024-01-01
STU01535,Math,Core,34,2024-01-01
STU01536,Math,Core,54,2024-01-01
STU01537,Math,Core,60,2024-01-01
STU01538,Math,Core,61,2024-01-01
STU01539,Math,Core,100,2024-01-01
STU01540,Math,Core,3,2024-01-01
STU01541,Math,Core,52,2024-01-01
STU01542,Math,Core,18,2024-01-01
STU01543,Math,Core,81,2024-01-01
STU01544,Math,Core,60,2024-01-01
STU01545,Math,Core,58,2024-01-01
STU01546,Math,Core,63,2024-01-01
STU01547,Math,Core,36,2024-01-01
STU01548,Math,Core,33,2024-01-01
STU01549,Math,Core,28,2024-01-01
STU01550,Math,Core,85,2024-01-01
STU01551,Math,Core,61,2024-01-01
STU01552,Math,Core,86,2024-01-01
STU01553,Math,Core,84,2024-01-01
STU01554,Math,Core,78,2024-01-01
STU01555,Math,Core,52,2024-01-01
STU01556,Math,Core,60,2024-01-01
STU01557,Math,Core,48,2024-01-01
STU01558,Math,Core,15,2024-01-01
STU01559,Math,Core,13,2024-01-01
STU01560,Math,Core,9,2024-01-01
STU01561,Math,Core,97,2024-01-01
STU01562,Math,Core,2,2024-01-01
STU01563,Math,Core,4,2024-01-01
STU01564,Math,Core,85,2024-01-01
STU01565,Math,Core,51,2024-01-01
STU01566,Math,Core,8,2024-01-01
STU01567,Math,Core,51,2024-01-01
STU01568,Math,Core,0,2024-01-01
STU01569,Math,Core,36,2024-01-01
STU01570,Math,Core,83,2024-01-01
STU01571,Math,Core,80,2024-01-01
STU01572,Math,Core,32,2024-01-01
STU01573,Math,Core,7,2024-01-01
STU01574,Math,Core,37,2024-01-01
STU01575,Math,Core,17,2024-01-01
STU01576,Math,Core,71,2024-01-01
STU01577,Math,Core,93,2024-01-01
STU01578,Math,Core,99,2024-01-01
STU01579,Math,Core,81,2024-01-01
STU01580,Math,Core,5,2024-01-01
STU01581,Math,Core,86,2024-01-01
STU01582,Math,Core,1,2024-01-01
STU01583,Math,Core,54,2024-01-01
STU01584,Math,Core,59,2024-01-01
STU01585,Math,Core,51,2024-01-01
STU01586,Math,Core,25,2024-01-01
STU01587,Math,Core,0,2024-01-01
STU01588,Math,Core,90,2024-01-01
STU01589,Math,Core,13,2024-01-01
STU01590,Math,Core,100,2024-01-01
STU01591,Math,Core,92,2024-01-01
STU01592,Math,Core,37,2024-01-01
STU01593,Math,Core,14,2024-01-01
STU01594,Math,Core,42,2024-01-01
STU01595,Math,Core,92,2024-01-01
STU01596,Math,Core,64,2024-01-01
STU01597,Math,Core,42,2024-01-01
STU01598,Math,Core,73,2024-01-01
STU01599,Math,Core,49,2024-01-01
STU01600,Math,Core,50,2024-01-01
STU01601,Math,Core,77,2024-01-01
STU01602,Math,Core,80,2024-01-01
STU01603,Math,Core,63,2024-01-01
STU01604,Math,Core,34,2024-01-01
STU01605,Math,Core,7,2024-01-01
STU01606,Math,Core,36,2024-01-01
STU01607,Math,Core,81,2024-01-01
STU01608,Math,Core,21,2024-01-01
STU01609,Math,Core,99,2024-01-01
STU01610,Math,Core,77,2024-01-01
STU01611,Math,Core,49,2024-01-01
STU01612,Math,Core,44,2024-01-01
STU01613,Math,Core,53,2024-01-01
STU01614,Math,Core,24,2024-01-01
STU01615,Math,Core,25,2024-01-01
STU01616,Math,Core,58,2024-01-01
STU01617,Math,Core,12,2024-01-01
STU01618,Math,Core,95,2024-01-01
STU01619,Math,Core,73,2024-01-01
STU01620,Math,Core,7,2024-01-01
STU01621,Math,Core,3,2024-01-01
STU01622,Math,Core,22,2024-01-01
STU01623,Math,Core,53,2024-01-01
STU01624,Math,Core,39,2024-01-01
STU01625,Math,Core,84,2024-01-01
STU01626,Math,Core,93,2024-01-01
STU01627,Math,Core,45,2024-01-01
STU01628,Math,Core,87,2024-01-01
STU01629,Math,Core,90,2024-01-01
STU01630,Math,Core,41,2024-01-01
STU01631,Math,Core,44,2024-01-01
STU01632,Math,Core,12,2024-01-01
STU01633,Math,Core,98,2024-01-01
STU01634,Math,Core,11,2024-01-01
STU01635,Math,Core,100,2024-01-01
STU01636,Math,Core,17,2024-01-01
STU01637,Math,Core,33,2024-01-01
STU01638,Math,Core,81,2024-01-01
STU01639,Math,Core,55,2024-01-01
STU01640,Math,Core,46,2024-01-01
STU01641,Math,Core,66,2024-01-01
STU01642,Math,Core,35,2024-01-01
STU01643,Math,Core,72,2024-01-01
STU01644,Math,Core,13,2024-01-01
STU01645,Math,Core,66,2024-01-01
STU01646,Math,Core,68,2024-01-01
STU01647,Math,Core,33,2024-01-01
STU01648,Math,Core,76,2024-01-01
STU01649,Math,Core,41,2024-01-01
STU01650,Math,Core,81,2024-01-01
STU01651,Math,Core,45,2024-01-01
STU01652,Math,Core,14,2024-01-01
STU01653,Math,Core,5,2024-01-01
STU01654,Math,Core,14,2024-01-01
STU01655,Math,Core,8,2024-01-01
STU01656,Math,Core,55,2024-01-01
STU01657,Math,Core,94,2024-01-01
STU01658,Math,Core,14,2024-01-01
STU01659,Math,Core,75,2024-01-01
STU01660,Math,Core,27,2024-01-01
STU01661,Math,Core,70,2024-01-01
STU01662,Math,Core,52,2024-01-01
STU01663,Math,Core,78,2024-01-01
STU01664,Math,Core,83,2024-01-01
STU01665,Math,Core,0,2024-01-01
STU01666,Math,Core,12,2024-01-01
STU01667,Math,Core,23,2024-01-01
STU01668,Math,Core,61,2024-01-01
STU01669,Math,Core,66,2024-01-01
STU01670,Math,Core,44,2024-01-01
STU01671,Math,Core,67,2024-01-01
STU01672,Math,Core,18,2024-01-01
STU01673,Math,Core,49,2024-01-01
STU01674,Math,Core,38,2024-01-01
STU01675,Math,Core,68,2024-01-01
STU01676,Math,Core,74,2024-01-01
STU01677,Math,Core,74,2024-01-01
STU01678,Math,Core,24,2024-01-01
STU01679,Math,Core,46,2024-01-01
STU01680,Math,Core,93,2024-01-01
STU01681,Math,Core,92,2024-01-01
STU01682,Math,Core,97,2024-01-01
STU01683,Math,Core,9,2024-01-01
STU01684,Math,Core,74,2024-01-01
STU01685,Math,Core,27,2024-01-01
STU01686,Math,Core,82,2024-01-01
STU01687,Math,Core,67,2024-01-01
STU01688,Math,Core,5,2024-01-01
STU01689,Math,Core,8,2024-01-01
STU01690,Math,Core,14,2024-01-01
STU01691,Math,Core,8,2024-01-01
STU01692,Math,Core,20,2024-01-01
STU01693,Math,Core,16,2024-01-01
STU01694,Math,Core,48,2024-01-01
STU01695,Math,Core,57,2024-01-01
STU01696,Math,Core,15,2024-01-01
STU01697,Math,Core,26,2024-01-01
STU01698,Math,Core,47,2024-01-01
STU01699,Math,Core,33,2024-01-01
STU01700,Math,Core,36,2024-01-01
STU01701,Math,Core,46,2024-01-01
STU01702,Math,Core,46,2024-01-01
STU01703,Math,Core,9,2024-01-01
STU01704,Math,Core,25,2024-01-01
STU01705,Math,Core,23,2024-01-01
STU01706,Math,Core,0,2024-01-01
STU01707,Math,Core,20,2024-01-01
STU01708,Math,Core,30,2024-01-01
STU01709,Math,Core,51,2024-01-01
STU01710,Math,Core,98,2024-01-01
STU01711,Math,Core,38,2024-01-01
STU01712,Math,Core,6,2024-01-01
STU01713,Math,Core,23,2024-01-01
STU01714,Math,Core,2,2024-01-01
STU01715,Math,Core,43,2024-01-01
STU01716,Math,Core,98,2024-01-01
STU01717,Math,Core,73,2024-01-01
STU01718,Math,Core,84,2024-01-01
STU01719,Math,Core,92,2024-01-01
STU01720,Math,Core,46,2024-01-01
STU01721,Math,Core,90,2024-01-01
STU01722,Math,Core,20,2024-01-01
STU01723,Math,Core,77,2024-01-01
STU01724,Math,Core,68,2024-01-01
STU01725,Math,Core,43,2024-01-01
STU01726,Math,Core,31,2024-01-01
STU01727,Math,Core,90,2024-01-01
STU01728,Math,Core,54,2024-01-01
STU01729,Math,Core,91,2024-01-01
STU01730,Math,Core,66,2024-01-01
STU01731,Math,Core,22,2024-01-01
STU01732,Math,Core,94,2024-01-01
STU01733,Math,Core,10,2024-01-01
STU01734,Math,Core,88,2024-01-01
STU01735,Math,Core,47,2024-01-01
STU01736,Math,Core,17,2024-01-01
STU01737,Math,Core,69,2024-01-01
STU01738,Math,Core,39,2024-01-01
STU01739,Math,Core,94,2024-01-01
STU01740,Math,Core,34,2024-01-01
STU01741,Math,Core,93,2024-01-01
STU01742,Math,Core,47,2024-01-01
STU01743,Math,Core,89,2024-01-01
STU01744,Math,Core,47,2024-01-01
STU01745,Math,Core,32,2024-01-01
STU01746,Math,Core,17,2024-01-01
STU01747,Math,Core,96,2024-01-01
STU01748,Math,Core,77,2024-01-01
STU01749,Math,Core,86,2024-01-01
STU01750,Math,Core,14,2024-01-01
STU01751,Math,Core,86,2024-01-01
STU01752,Math,Core,86,2024-01-01
STU01753,Math,Core,77,2024-01-01
STU01754,Math,Core,16,2024-01-01
STU01755,Math,Core,100,2024-01-01
STU01756,Math,Core,10,2024-01-01
STU01757,Math,Core,43,2024-01-01
STU01758,Math,Core,17,2024-01-01
STU01759,Math,Core,21,2024-01-01
STU01760,Math,Core,69,2024-01-01
STU01761,Math,Core,34,2024-01-01
STU01762,Math,Core,12,2024-01-01
STU01763,Math,Core,44,2024-01-01
STU01764,Math,Core,63,2024-01-01
STU01765,Math,Core,11,2024-01-01
STU01766,Math,Core,8,2024-01-01
STU01767,Math,Core,87,2024-01-01
STU01768,Math,Core,5,2024-01-01
STU01769,Math,Core,83,2024-01-01
STU01770,Math,Core,62,2024-01-01
STU01771,Math,Core,88,2024-01-01
STU01772,Math,Core,0,2024-01-01
STU01773,Math,Core,45,2024-01-01
STU01774,Math,Core,1,2024-01-01
STU01775,Math,Core,51,2024-01-01
STU01776,Math,Core,45,2024-01-01
STU01777,Math,Core,92,2024-01-01
STU01778,Math,Core,78,2024-01-01
STU01779,Math,Core,63,2024-01-01
STU01780,Math,Core,93,2024-01-01
STU01781,Math,Core,29,2024-01-01
STU01782,Math,Core,81,2024-01-01
STU01783,Math,Core,78,2024-01-01
STU01784,Math,Core,45,2024-01-01
STU01785,Math,Core,91,2024-01-01
STU01786,Math,Core,7,2024-01-01
STU01787,Math,Core,95,2024-01-01
STU01788,Math,Core,39,2024-01-01
STU01789,Math,Core,44,2024-01-01
STU01790,Math,Core,50,2024-01-01
STU01791,Math,Core,25,2024-01-01
STU01792,Math,Core,13,2024-01-01
STU01793,Math,Core,88,2024-01-01
STU01794,Math,Core,51,2024-01-01
STU01795,Math,Core,0,2024-01-01
STU01796,Math,Core,43,2024-01-01
STU01797,Math,Core,85,2024-01-01
STU01798,Math,Core,55,2024-01-01
STU01799,Math,Core,38,2024-01-01
STU01800,Math,Core,35,2024-01-01
STU01801,Math,Core,57,2024-01-01
STU01802,Math,Core,62,2024-01-01
STU01803,Math,Core,68,2024-01-01
STU01804,Math,Core,43,2024-01-01
STU01805,Math,Core,53,2024-01-01
STU01806,Math,Core,88,2024-01-01
STU01807,Math,Core,95,2024-01-01
STU01808,Math,Core,93,2024-01-01
STU01809,Math,Core,32,2024-01-01
STU01810,Math,Core,42,2024-01-01
STU01811,Math,Core,46,2024-01-01
STU01812,Math,Core,41,2024-01-01
STU01813,Math,Core,72,2024-01-01
STU01814,Math,Core,63,2024-01-01
STU01815,Math,Core,47,2024-01-01
STU01816,Math,Core,19,2024-01-01
STU01817,Math,Core,79,2024-01-01
STU01818,Math,Core,11,2024-01-01
STU01819,Math,Core,0,2024-01-01
STU01820,Math,Core,60,2024-01-01
STU01821,Math,Core,14,2024-01-01
STU01822,Math,Core,94,2024-01-01
STU01823,Math,Core,67,2024-01-01
STU01824,Math,Core,96,2024-01-01
STU01825,Math,Core,57,2024-01-01
STU01826,Math,Core,19,2024-01-01
STU01827,Math,Core,60,2024-01-01
STU01828,Math,Core,11,2024-01-01
STU01829,Math,Core,94,2024-01-01
STU01830,Math,Core,21,2024-01-01
STU01831,Math,Core,65,2024-01-01
STU01832,Math,Core,70,2024-01-01
STU01833,Math,Core,71,2024-01-01
STU01834,Math,Core,5,2024-01-01
STU01835,Math,Core,1,2024-01-01
STU01836,Math,Core,93,2024-01-01
STU01837,Math,Core,11,2024-01-01
STU01838,Math,Core,27,2024-01-01
STU01839,Math,Core,49,2024-01-01
STU01840,Math,Core,99,2024-01-01
STU01841,Math,Core,96,2024-01-01
STU01842,Math,Core,12,2024-01-01
STU01843,Math,Core,96,2024-01-01
STU01844,Math,Core,35,2024-01-01
STU01845,Math,Core,19,2024-01-01
STU01846,Math,Core,99,2024-01-01
STU01847,Math,Core,6,2024-01-01
STU01848,Math,Core,72,2024-01-01
STU01849,Math,Core,93,2024-01-01
STU01850,Math,Core,72,2024-01-01
STU01851,Math,Core,78,2024-01-01
STU01852,Math,Core,23,2024-01-01
STU01853,Math,Core,14,2024-01-01
STU01854,Math,Core,74,2024-01-01
STU01855,Math,Core,12,2024-01-01
STU01856,Math,Core,100,2024-01-01
STU01857,Math,Core,82,2024-01-01
STU01858,Math,Core,74,2024-01-01
STU01859,Math,Core,96,2024-01-01
STU01860,Math,Core,63,2024-01-01
STU01861,Math,Core,58,2024-01-01
STU01862,Math,Core,7,2024-01-01
STU01863,Math,Core,94,2024-01-01
STU01864,Math,Core,21,2024-01-01
STU01865,Math,Core,65,2024-01-01
STU01866,Math,Core,65,2024-01-01
STU01867,Math,Core,96,2024-01-01
STU01868,Math,Core,95,2024-01-01
STU01869,Math,Core,60,2024-01-01
STU01870,Math,Core,13,2024-01-01
STU01871,Math,Core,57,2024-01-01
STU01872,Math,Core,90,2024-01-01
STU01873,Math,Core,27,2024-01-01
STU01874,Math,Core,28,2024-01-01
STU01875,Math,Core,6,2024-01-01
STU01876,Math,Core,90,2024-01-01
STU01877,Math,Core,40,2024-01-01
STU01878,Math,Core,44,2024-01-01
STU01879,Math,Core,23,2024-01-01
STU01880,Math,Core,67,2024-01-01
STU01881,Math,Core,45,2024-01-01
STU01882,Math,Core,31,2024-01-01
STU01883,Math,Core,94,2024-01-01
STU01884,Math,Core,30,2024-01-01
STU01885,Math,Core,40,2024-01-01
STU01886,Math,Core,38,2024-01-01
STU01887,Math,Core,25,2024-01-01
STU01888,Math,Core,78,2024-01-01
STU01889,Math,Core,87,2024-01-01
STU01890,Math,Core,42,2024-01-01
STU01891,Math,Core,93,2024-01-01
STU01892,Math,Core,90,2024-01-01
STU01893,Math,Core,53,2024-01-01
STU01894,Math,Core,22,2024-01-01
STU01895,Math,Core,84,2024-01-01
STU01896,Math,Core,86,2024-01-01
STU01897,Math,Core,21,2024-01-01
STU01898,Math,Core,43,2024-01-01
STU01899,Math,Core,47,2024-01-01
STU01900,Math,Core,6,2024-01-01
STU01901,Math,Core,55,2024-01-01
STU01902,Math,Core,53,2024-01-01
STU01903,Math,Core,18,2024-01-01
STU01904,Math,Core,85,2024-01-01
STU01905,Math,Core,84,2024-01-01
STU01906,Math,Core,22,2024-01-01
STU01907,Math,Core,72,2024-01-01
STU01908,Math,Core,79,2024-01-01
STU01909,Math,Core,33,2024-01-01
STU01910,Math,Core,77,2024-01-01
STU01911,Math,Core,75,2024-01-01
STU01912,Math,Core,36,2024-01-01
STU01913,Math,Core,49,2024-01-01
STU01914,Math,Core,77,2024-01-01
STU01915,Math,Core,50,2024-01-01
STU01916,Math,Core,56,2024-01-01
STU01917,Math,Core,47,2024-01-01
STU01918,Math,Core,31,2024-01-01
STU01919,Math,Core,98,2024-01-01
STU01920,Math,Core,11,2024-01-01
STU01921,Math,Core,4,2024-01-01
STU01922,Math,Core,91,2024-01-01
STU01923,Math,Core,11,2024-01-01
STU01924,Math,Core,97,2024-01-01
STU01925,Math,Core,72,2024-01-01
STU01926,Math,Core,63,2024-01-01
STU01927,Math,Core,52,2024-01-01
STU01928,Math,Core,30,2024-01-01
STU01929,Math,Core,60,2024-01-01
STU01930,Math,Core,34,2024-01-01
STU01931,Math,Core,61,2024-01-01
STU01932,Math,Core,86,2024-01-01
STU01933,Math,Core,19,2024-01-01
STU01934,Math,Core,96,2024-01-01
STU01935,Math,Core,57,2024-01-01
STU01936,Math,Core,4,2024-01-01
STU01937,Math,Core,0,2024-01-01
STU01938,Math,Core,40,2024-01-01
STU01939,Math,Core,73,2024-01-01
STU01940,Math,Core,85,2024-01-01
STU01941,Math,Core,40,2024-01-01
STU01942,Math,Core,21,2024-01-01
STU01943,Math,Core,33,2024-01-01
STU01944,Math,Core,85,2024-01-01
STU01945,Math,Core,94,2024-01-01
STU01946,Math,Core,56,2024-01-01
STU01947,Math,Core,66,2024-01-01
STU01948,Math,Core,35,2024-01-01
STU01949,Math,Core,86,2024-01-01
STU01950,Math,Core,85,2024-01-01
STU01951,Math,Core,32,2024-01-01
STU01952,Math,Core,30,2024-01-01
STU01953,Math,Core,24,2024-01-01
STU01954,Math,Core,47,2024-01-01
STU01955,Math,Core,80,2024-01-01
STU01956,Math,Core,91,2024-01-01
STU01957,Math,Core,84,2024-01-01
STU01958,Math,Core,5,2024-01-01
STU01959,Math,Core,60,2024-01-01
STU01960,Math,Core,18,2024-01-01
STU01961,Math,Core,75,2024-01-01
STU01962,Math,Core,65,2024-01-01
STU01963,Math,Core,7,2024-01-01
STU01964,Math,Core,88,2024-01-01
STU01965,Math,Core,92,2024-01-01
STU01966,Math,Core,57,2024-01-01
STU01967,Math,Core,7,2024-01-01
STU01968,Math,Core,23,2024-01-01
STU01969,Math,Core,11,2024-01-01
STU01970,Math,Core,54,2024-01-01
STU01971,Math,Core,41,2024-01-01
STU01972,Math,Core,49,2024-01-01
STU01973,Math,Core,55,2024-01-01
STU01974,Math,Core,28,2024-01-01
STU01975,Math,Core,51,2024-01-01
STU01976,Math,Core,26,2024-01-01
STU01977,Math,Core,13,2024-01-01
STU01978,Math,Core,9,2024-01-01
STU01979,Math,Core,40,2024-01-01
STU01980,Math,Core,37,2024-01-01
STU01981,Math,Core,70,2024-01-01
STU01982,Math,Core,89,2024-01-01
STU01983,Math,Core,7,2024-01-01
STU01984,Math,Core,68,2024-01-01
STU01985,Math,Core,47,2024-01-01
STU01986,Math,Core,17,2024-01-01
STU01987,Math,Core,71,2024-01-01
STU01988,Math,Core,6,2024-01-01
STU01989,Math,Core,52,2024-01-01
STU01990,Math,Core,77,2024-01-01
STU01991,Math,Core,51,2024-01-01
STU01992,Math,Core,50,2024-01-01
STU01993,Math,Core,51,2024-01-01
STU01994,Math,Core,49,2024-01-01
STU01995,Math,Core,95,2024-01-01
STU01996,Math,Core,99,2024-01-01
STU01997,Math,Core,1,2024-01-01
STU01998,Math,Core,64,2024-01-01
STU01999,Math,Core,86,2024-01-01
STU02000,Math,Core,34,2024-01-01
STU02001,Math,Core,7,2024-01-01
STU02002,Math,Core,49,2024-01-01
STU02003,Math,Core,88,2024-01-01
STU02004,Math,Core,8,2024-01-01
STU02005,Math,Core,8,2024-01-01
STU02006,Math,Core,7,2024-01-01
STU02007,Math,Core,51,2024-01-01
STU02008,Math,Core,63,2024-01-01
STU02009,Math,Core,5,2024-01-01
STU02010,Math,Core,44,2024-01-01
STU02011,Math,Core,86,2024-01-01
STU02012,Math,Core,36,2024-01-01
STU02013,Math,Core,46,2024-01-01
STU02014,Math,Core,84,2024-01-01
STU02015,Math,Core,79,2024-01-01
STU02016,Math,Core,79,2024-01-01
STU02017,Math,Core,96,2024-01-01
STU02018,Math,Core,83,2024-01-01
STU02019,Math,Core,89,2024-01-01
STU02020,Math,Core,3,2024-01-01
STU02021,Math,Core,57,2024-01-01
STU02022,Math,Core,72,2024-01-01
STU02023,Math,Core,90,2024-01-01
STU02024,Math,Core,43,2024-01-01
STU02025,Math,Core,63,2024-01-01
STU02026,Math,Core,64,2024-01-01
STU02027,Math,Core,64,2024-01-01
STU02028,Math,Core,23,2024-01-01
STU02029,Math,Core,38,2024-01-01
STU02030,Math,Core,25,2024-01-01
STU02031,Math,Core,21,2024-01-01
STU02032,Math,Core,7,2024-01-01
STU02033,Math,Core,98,2024-01-01
STU02034,Math,Core,29,2024-01-01
STU02035,Math,Core,66,2024-01-01
STU02036,Math,Core,72,2024-01-01
STU02037,Math,Core,91,2024-01-01
STU02038,Math,Core,15,2024-01-01
STU02039,Math,Core,42,2024-01-01
STU02040,Math,Core,25,2024-01-01
STU02041,Math,Core,9,2024-01-01
STU02042,Math,Core,81,2024-01-01
STU02043,Math,Core,26,2024-01-01
STU02044,Math,Core,36,2024-01-01
STU02045,Math,Core,93,2024-01-01
STU02046,Math,Core,33,2024-01-01
STU02047,Math,Core,37,2024-01-01
STU02048,Math,Core,59,2024-01-01
STU02049,Math,Core,3,2024-01-01
STU02050,Math,Core,97,2024-01-01
STU02051,Math,Core,69,2024-01-01
STU02052,Math,Core,0,2024-01-01
STU02053,Math,Core,38,2024-01-01
STU02054,Math,Core,78,2024-01-01
STU02055,Math,Core,54,2024-01-01
STU02056,Math,Core,92,2024-01-01
STU02057,Math,Core,6,2024-01-01
STU02058,Math,Core,15,2024-01-01
STU02059,Math,Core,8,2024-01-01
STU02060,Math,Core,53,2024-01-01
STU02061,Math,Core,71,2024-01-01
STU02062,Math,Core,92,2024-01-01
STU02063,Math,Core,98,2024-01-01
STU02064,Math,Core,3,2024-01-01
STU02065,Math,Core,43,2024-01-01
STU02066,Math,Core,64,2024-01-01
STU02067,Math,Core,74,2024-01-01
STU02068,Math,Core,52,2024-01-01
STU02069,Math,Core,82,2024-01-01
STU02070,Math,Core,25,2024-01-01
STU02071,Math,Core,74,2024-01-01
STU02072,Math,Core,86,2024-01-01
STU02073,Math,Core,21,2024-01-01
STU02074,Math,Core,50,2024-01-01
STU02075,Math,Core,93,2024-01-01
STU02076,Math,Core,93,2024-01-01
STU02077,Math,Core,94,2024-01-01
STU02078,Math,Core,7,2024-01-01
STU02079,Math,Core,32,2024-01-01
STU02080,Math,Core,23,2024-01-01
STU02081,Math,Core,21,2024-01-01
STU02082,Math,Core,26,2024-01-01
STU02083,Math,Core,10,2024-01-01
STU02084,Math,Core,16,2024-01-01
STU02085,Math,Core,14,2024-01-01
STU02086,Math,Core,83,2024-01-01
STU02087,Math,Core,50,2024-01-01
STU02088,Math,Core,76,2024-01-01
STU02089,Math,Core,91,2024-01-01
STU02090,Math,Core,8,2024-01-01
STU02091,Math,Core,87,2024-01-01
STU02092,Math,Core,28,2024-01-01
STU02093,Math,Core,39,2024-01-01
STU02094,Math,Core,9,2024-01-01
STU02095,Math,Core,64,2024-01-01
STU02096,Math,Core,46,2024-01-01
STU02097,Math,Core,12,2024-01-01
STU02098,Math,Core,88,2024-01-01
STU02099,Math,Core,84,2024-01-01
STU02100,Math,Core,5,2024-01-01
STU02101,Math,Core,10,2024-01-01
STU02102,Math,Core,56,2024-01-01
STU02103,Math,Core,22,2024-01-01
STU02104,Math,Core,81,2024-01-01
STU02105,Math,Core,57,2024-01-01
STU02106,Math,Core,25,2024-01-01
STU02107,Math,Core,49,2024-01-01
STU02108,Math,Core,88,2024-01-01
STU02109,Math,Core,38,2024-01-01
STU02110,Math,Core,96,2024-01-01
STU02111,Math,Core,58,2024-01-01
STU02112,Math,Core,91,2024-01-01
STU02113,Math,Core,70,2024-01-01
STU02114,Math,Core,92,2024-01-01
STU02115,Math,Core,34,2024-01-01
STU02116,Math,Core,80,2024-01-01
STU02117,Math,Core,82,2024-01-01
STU02118,Math,Core,94,2024-01-01
STU02119,Math,Core,21,2024-01-01
STU02120,Math,Core,36,2024-01-01
STU02121,Math,Core,27,2024-01-01
STU02122,Math,Core,19,2024-01-01
STU02123,Math,Core,14,2024-01-01
STU02124,Math,Core,0,2024-01-01
STU02125,Math,Core,97,2024-01-01
STU02126,Math,Core,30,2024-01-01
STU02127,Math,Core,49,2024-01-01
STU02128,Math,Core,81,2024-01-01
STU02129,Math,Core,51,2024-01-01
STU02130,Math,Core,77,2024-01-01
STU02131,Math,Core,19,2024-01-01
STU02132,Math,Core,12,2024-01-01
STU02133,Math,Core,35,2024-01-01
STU02134,Math,Core,89,2024-01-01
STU02135,Math,Core,77,2024-01-01
STU02136,Math,Core,19,2024-01-01
STU02137,Math,Core,97,2024-01-01
STU02138,Math,Core,39,2024-01-01
STU02139,Math,Core,84,2024-01-01
STU02140,Math,Core,71,2024-01-01
STU02141,Math,Core,34,2024-01-01
STU02142,Math,Core,81,2024-01-01
STU02143,Math,Core,69,2024-01-01
STU02144,Math,Core,59,2024-01-01
STU02145,Math,Core,47,2024-01-01
STU02146,Math,Core,22,2024-01-01
STU02147,Math,Core,74,2024-01-01
STU02148,Math,Core,79,2024-01-01
STU02149,Math,Core,59,2024-01-01
STU02150,Math,Core,32,2024-01-01
STU02151,Math,Core,50,2024-01-01
STU02152,Math,Core,38,2024-01-01
STU02153,Math,Core,75,2024-01-01
STU02154,Math,Core,72,2024-01-01
STU02155,Math,Core,56,2024-01-01
STU02156,Math,Core,65,2024-01-01
STU02157,Math,Core,79,2024-01-01
STU02158,Math,Core,14,2024-01-01
STU02159,Math,Core,79,2024-01-01
STU02160,Math,Core,59,2024-01-01
STU02161,Math,Core,90,2024-01-01
STU02162,Math,Core,75,2024-01-01
STU02163,Math,Core,54,2024-01-01
STU02164,Math,Core,49,2024-01-01
STU02165,Math,Core,13,2024-01-01
STU02166,Math,Core,58,2024-01-01
STU02167,Math,Core,22,2024-01-01
STU02168,Math,Core,11,2024-01-01
STU02169,Math,Core,58,2024-01-01
STU02170,Math,Core,64,2024-01-01
STU02171,Math,Core,66,2024-01-01
STU02172,Math,Core,80,2024-01-01
STU02173,Math,Core,71,2024-01-01
STU02174,Math,Core,22,2024-01-01
STU02175,Math,Core,87,2024-01-01
STU02176,Math,Core,86,2024-01-01
STU02177,Math,Core,7,2024-01-01
STU02178,Math,Core,72,2024-01-01
STU02179,Math,Core,78,2024-01-01
STU02180,Math,Core,47,2024-01-01
STU02181,Math,Core,88,2024-01-01
STU02182,Math,Core,76,2024-01-01
STU02183,Math,Core,83,2024-01-01
STU02184,Math,Core,3,2024-01-01
STU02185,Math,Core,83,2024-01-01
STU02186,Math,Core,75,2024-01-01
STU02187,Math,Core,69,2024-01-01
STU02188,Math,Core,56,2024-01-01
STU02189,Math,Core,32,2024-01-01
STU02190,Math,Core,47,2024-01-01
STU02191,Math,Core,0,2024-01-01
STU02192,Math,Core,48,2024-01-01
STU02193,Math,Core,65,2024-01-01
STU02194,Math,Core,34,2024-01-01
STU02195,Math,Core,59,2024-01-01
STU02196,Math,Core,65,2024-01-01
STU02197,Math,Core,18,2024-01-01
STU02198,Math,Core,50,2024-01-01
STU02199,Math,Core,97,2024-01-01
STU02200,Math,Core,87,2024-01-01
STU02201,Math,Core,50,2024-01-01
STU02202,Math,Core,88,2024-01-01
STU02203,Math,Core,95,2024-01-01
STU02204,Math,Core,41,2024-01-01
STU02205,Math,Core,70,2024-01-01
STU02206,Math,Core,65,2024-01-01
STU02207,Math,Core,44,2024-01-01
STU02208,Math,Core,94,2024-01-01
STU02209,Math,Core,0,2024-01-01
STU02210,Math,Core,51,2024-01-01
STU02211,Math,Core,26,2024-01-01
STU02212,Math,Core,56,2024-01-01
STU02213,Math,Core,32,2024-01-01
STU02214,Math,Core,47,2024-01-01
STU02215,Math,Core,79,2024-01-01
STU02216,Math,Core,33,2024-01-01
STU02217,Math,Core,32,2024-01-01
STU02218,Math,Core,67,2024-01-01
STU02219,Math,Core,69,2024-01-01
STU02220,Math,Core,47,2024-01-01
STU02221,Math,Core,9,2024-01-01
STU02222,Math,Core,37,2024-01-01
STU02223,Math,Core,76,2024-01-01
STU02224,Math,Core,95,2024-01-01
STU02225,Math,Core,99,2024-01-01
STU02226,Math,Core,34,2024-01-01
STU02227,Math,Core,36,2024-01-01
STU02228,Math,Core,69,2024-01-01
STU02229,Math,Core,61,2024-01-01
STU02230,Math,Core,35,2024-01-01
STU02231,Math,Core,37,2024-01-01
STU02232,Math,Core,56,2024-01-01
STU02233,Math,Core,77,2024-01-01
STU02234,Math,Core,10,2024-01-01
STU02235,Math,Core,22,2024-01-01
STU02236,Math,Core,68,2024-01-01
STU02237,Math,Core,82,2024-01-01
STU02238,Math,Core,11,2024-01-01
STU02239,Math,Core,15,2024-01-01
STU02240,Math,Core,79,2024-01-01
STU02241,Math,Core,20,2024-01-01
STU02242,Math,Core,90,2024-01-01
STU02243,Math,Core,60,2024-01-01
STU02244,Math,Core,40,2024-01-01
STU02245,Math,Core,1,2024-01-01
STU02246,Math,Core,74,2024-01-01
STU02247,Math,Core,21,2024-01-01
STU02248,Math,Core,88,2024-01-01
STU02249,Math,Core,100,2024-01-01
STU02250,Math,Core,61,2024-01-01
STU02251,Math,Core,50,2024-01-01
STU02252,Math,Core,49,2024-01-01
STU02253,Math,Core,44,2024-01-01
STU02254,Math,Core,8,2024-01-01
STU02255,Math,Core,76,2024-01-01
STU02256,Math,Core,42,2024-01-01
STU02257,Math,Core,7,2024-01-01
STU02258,Math,Core,78,2024-01-01
STU02259,Math,Core,40,2024-01-01
STU02260,Math,Core,8,2024-01-01
STU02261,Math,Core,78,2024-01-01
STU02262,Math,Core,33,2024-01-01
STU02263,Math,Core,73,2024-01-01
STU02264,Math,Core,73,2024-01-01
STU02265,Math,Core,70,2024-01-01
STU02266,Math,Core,8,2024-01-01
STU02267,Math,Core,32,2024-01-01
STU02268,Math,Core,43,2024-01-01
STU02269,Math,Core,40,2024-01-01
STU02270,Math,Core,5,2024-01-01
STU02271,Math,Core,82,2024-01-01
STU02272,Math,Core,49,2024-01-01
STU02273,Math,Core,70,2024-01-01
STU02274,Math,Core,79,2024-01-01
STU02275,Math,Core,70,2024-01-01
STU02276,Math,Core,71,2024-01-01
STU02277,Math,Core,18,2024-01-01
STU02278,Math,Core,41,2024-01-01
STU02279,Math,Core,14,2024-01-01
STU02280,Math,Core,65,2024-01-01
STU02281,Math,Core,79,2024-01-01
STU02282,Math,Core,21,2024-01-01
STU02283,Math,Core,4,2024-01-01
STU02284,Math,Core,74,2024-01-01
STU02285,Math,Core,26,2024-01-01
STU02286,Math,Core,43,2024-01-01
STU02287,Math,Core,53,2024-01-01
STU02288,Math,Core,48,2024-01-01
STU02289,Math,Core,31,2024-01-01
STU02290,Math,Core,15,2024-01-01
STU02291,Math,Core,85,2024-01-01
STU02292,Math,Core,45,2024-01-01
STU02293,Math,Core,95,2024-01-01
STU02294,Math,Core,92,2024-01-01
STU02295,Math,Core,33,2024-01-01
STU02296,Math,Core,96,2024-01-01
STU02297,Math,Core,34,2024-01-01
STU02298,Math,Core,51,2024-01-01
STU02299,Math,Core,19,2024-01-01
STU02300,Math,Core,42,2024-01-01
STU02301,Math,Core,96,2024-01-01
STU02302,Math,Core,68,2024-01-01
STU02303,Math,Core,26,2024-01-01
STU02304,Math,Core,64,2024-01-01
STU02305,Math,Core,6,2024-01-01
STU02306,Math,Core,79,2024-01-01
STU02307,Math,Core,93,2024-01-01
STU02308,Math,Core,87,2024-01-01
STU02309,Math,Core,32,2024-01-01
STU02310,Math,Core,39,2024-01-01
STU02311,Math,Core,8,2024-01-01
STU02312,Math,Core,40,2024-01-01
STU02313,Math,Core,45,2024-01-01
STU02314,Math,Core,15,2024-01-01
STU02315,Math,Core,16,2024-01-01
STU02316,Math,Core,69,2024-01-01
STU02317,Math,Core,71,2024-01-01
STU02318,Math,Core,31,2024-01-01
STU02319,Math,Core,10,2024-01-01
STU02320,Math,Core,41,2024-01-01
STU02321,Math,Core,84,2024-01-01
STU02322,Math,Core,62,2024-01-01
STU02323,Math,Core,91,2024-01-01
STU02324,Math,Core,93,2024-01-01
STU02325,Math,Core,67,2024-01-01
STU02326,Math,Core,56,2024-01-01
STU02327,Math,Core,12,2024-01-01
STU02328,Math,Core,88,2024-01-01
STU02329,Math,Core,80,2024-01-01
STU02330,Math,Core,76,2024-01-01
STU02331,Math,Core,3,2024-01-01
STU02332,Math,Core,61,2024-01-01
STU02333,Math,Core,67,2024-01-01
STU02334,Math,Core,40,2024-01-01
STU02335,Math,Core,87,2024-01-01
STU02336,Math,Core,32,2024-01-01
STU02337,Math,Core,42,2024-01-01
STU02338,Math,Core,42,2024-01-01
STU02339,Math,Core,50,2024-01-01
STU02340,Math,Core,9,2024-01-01
STU02341,Math,Core,44,2024-01-01
STU02342,Math,Core,3,2024-01-01
STU02343,Math,Core,16,2024-01-01
STU02344,Math,Core,63,2024-01-01
STU02345,Math,Core,64,2024-01-01
STU02346,Math,Core,92,2024-01-01
STU02347,Math,Core,90,2024-01-01
STU02348,Math,Core,83,2024-01-01
STU02349,Math,Core,9,2024-01-01
STU02350,Math,Core,89,2024-01-01
STU02351,Math,Core,78,2024-01-01
STU02352,Math,Core,91,2024-01-01
STU02353,Math,Core,97,2024-01-01
STU02354,Math,Core,15,2024-01-01
STU02355,Math,Core,43,2024-01-01
STU02356,Math,Core,53,2024-01-01
STU02357,Math,Core,78,2024-01-01
STU02358,Math,Core,23,2024-01-01
STU02359,Math,Core,75,2024-01-01
STU02360,Math,Core,89,2024-01-01
STU02361,Math,Core,8,2024-01-01
STU02362,Math,Core,38,2024-01-01
STU02363,Math,Core,68,2024-01-01
STU02364,Math,Core,27,2024-01-01
STU02365,Math,Core,43,2024-01-01
STU02366,Math,Core,91,2024-01-01
STU02367,Math,Core,40,2024-01-01
STU02368,Math,Core,80,2024-01-01
STU02369,Math,Core,18,2024-01-01
STU02370,Math,Core,88,2024-01-01
STU02371,Math,Core,62,2024-01-01
STU02372,Math,Core,89,2024-01-01
STU02373,Math,Core,85,2024-01-01
STU02374,Math,Core,55,2024-01-01
STU02375,Math,Core,22,2024-01-01
STU02376,Math,Core,52,2024-01-01
STU02377,Math,Core,39,2024-01-01
STU02378,Math,Core,30,2024-01-01
STU02379,Math,Core,96,2024-01-01
STU02380,Math,Core,32,2024-01-01
STU02381,Math,Core,74,2024-01-01
STU02382,Math,Core,24,2024-01-01
STU02383,Math,Core,27,2024-01-01
STU02384,Math,Core,46,2024-01-01
STU02385,Math,Core,25,2024-01-01
STU02386,Math,Core,6,2024-01-01
STU02387,Math,Core,2,2024-01-01
STU02388,Math,Core,76,2024-01-01
STU02389,Math,Core,59,2024-01-01
STU02390,Math,Core,86,2024-01-01
STU02391,Math,Core,16,2024-01-01
STU02392,Math,Core,82,2024-01-01
STU02393,Math,Core,92,2024-01-01
STU02394,Math,Core,65,2024-01-01
STU02395,Math,Core,3,2024-01-01
STU02396,Math,Core,41,2024-01-01
STU02397,Math,Core,10,2024-01-01
STU02398,Math,Core,55,2024-01-01
STU02399,Math,Core,52,2024-01-01
STU02400,Math,Core,51,2024-01-01
STU02401,Math,Core,1,2024-01-01
STU02402,Math,Core,50,2024-01-01
STU02403,Math,Core,79,2024-01-01
STU02404,Math,Core,87,2024-01-01
STU02405,Math,Core,29,2024-01-01
STU02406,Math,Core,66,2024-01-01
STU02407,Math,Core,83,2024-01-01
STU02408,Math,Core,47,2024-01-01
STU02409,Math,Core,16,2024-01-01
STU02410,Math,Core,28,2024-01-01
STU02411,Math,Core,9,2024-01-01
STU02412,Math,Core,69,2024-01-01
STU02413,Math,Core,77,2024-01-01
STU02414,Math,Core,39,2024-01-01
STU02415,Math,Core,89,2024-01-01
STU02416,Math,Core,75,2024-01-01
STU02417,Math,Core,31,2024-01-01
STU02418,Math,Core,39,2024-01-01
STU02419,Math,Core,97,2024-01-01
STU02420,Math,Core,93,2024-01-01
STU02421,Math,Core,33,2024-01-01
STU02422,Math,Core,54,2024-01-01
STU02423,Math,Core,76,2024-01-01
STU02424,Math,Core,39,2024-01-01
STU02425,Math,Core,53,2024-01-01
STU02426,Math,Core,20,2024-01-01
STU02427,Math,Core,75,2024-01-01
STU02428,Math,Core,38,2024-01-01
STU02429,Math,Core,18,2024-01-01
STU02430,Math,Core,9,2024-01-01
STU02431,Math,Core,49,2024-01-01
STU02432,Math,Core,69,2024-01-01
STU02433,Math,Core,25,2024-01-01
STU02434,Math,Core,91,2024-01-01
STU02435,Math,Core,41,2024-01-01
STU02436,Math,Core,33,2024-01-01
STU02437,Math,Core,40,2024-01-01
STU02438,Math,Core,55,2024-01-01
STU02439,Math,Core,78,2024-01-01
STU02440,Math,Core,26,2024-01-01
STU02441,Math,Core,84,2024-01-01
STU02442,Math,Core,55,2024-01-01
STU02443,Math,Core,67,2024-01-01
STU02444,Math,Core,47,2024-01-01
STU02445,Math,Core,77,2024-01-01
STU02446,Math,Core,80,2024-01-01
STU02447,Math,Core,38,2024-01-01
STU02448,Math,Core,26,2024-01-01
STU02449,Math,Core,36,2024-01-01
STU02450,Math,Core,38,2024-01-01
STU02451,Math,Core,10,2024-01-01
STU02452,Math,Core,1,2024-01-01
STU02453,Math,Core,77,2024-01-01
STU02454,Math,Core,81,2024-01-01
STU02455,Math,Core,26,2024-01-01
STU02456,Math,Core,60,2024-01-01
STU02457,Math,Core,92,2024-01-01
STU02458,Math,Core,22,2024-01-01
STU02459,Math,Core,92,2024-01-01
STU02460,Math,Core,18,2024-01-01
STU02461,Math,Core,36,2024-01-01
STU02462,Math,Core,76,2024-01-01
STU02463,Math,Core,25,2024-01-01
STU02464,Math,Core,33,2024-01-01
STU02465,Math,Core,50,2024-01-01
STU02466,Math,Core,88,2024-01-01
STU02467,Math,Core,74,2024-01-01
STU02468,Math,Core,59,2024-01-01
STU02469,Math,Core,70,2024-01-01
STU02470,Math,Core,42,2024-01-01
STU02471,Math,Core,100,2024-01-01
STU02472,Math,Core,44,2024-01-01
STU02473,Math,Core,0,2024-01-01
STU02474,Math,Core,71,2024-01-01
STU02475,Math,Core,86,2024-01-01
STU02476,Math,Core,22,2024-01-01
STU02477,Math,Core,83,2024-01-01
STU02478,Math,Core,15,2024-01-01
STU02479,Math,Core,25,2024-01-01
STU02480,Math,Core,46,2024-01-01
STU02481,Math,Core,62,2024-01-01
STU02482,Math,Core,18,2024-01-01
STU02483,Math,Core,41,2024-01-01
STU02484,Math,Core,22,2024-01-01
STU02485,Math,Core,5,2024-01-01
STU02486,Math,Core,19,2024-01-01
STU02487,Math,Core,49,2024-01-01
STU02488,Math,Core,54,2024-01-01
STU02489,Math,Core,3,2024-01-01
STU02490,Math,Core,53,2024-01-01
STU02491,Math,Core,42,2024-01-01
STU02492,Math,Core,55,2024-01-01
STU02493,Math,Core,29,2024-01-01
STU02494,Math,Core,58,2024-01-01
STU02495,Math,Core,10,2024-01-01
STU02496,Math,Core,10,2024-01-01
STU02497,Math,Core,67,2024-01-01
STU02498,Math,Core,35,2024-01-01
STU02499,Math,Core,95,2024-01-01
STU02500,Math,Core,53,2024-01-01
STU02501,Math,Core,34,2024-01-01
STU02502,Math,Core,2,2024-01-01
STU02503,Math,Core,23,2024-01-01
STU02504,Math,Core,6,2024-01-01
STU02505,Math,Core,55,2024-01-01
STU02506,Math,Core,12,2024-01-01
STU02507,Math,Core,98,2024-01-01
STU02508,Math,Core,58,2024-01-01
STU02509,Math,Core,66,2024-01-01
STU02510,Math,Core,5,2024-01-01
STU02511,Math,Core,67,2024-01-01
STU02512,Math,Core,85,2024-01-01
STU02513,Math,Core,88,2024-01-01
STU02514,Math,Core,89,2024-01-01
STU02515,Math,Core,97,2024-01-01
STU02516,Math,Core,43,2024-01-01
STU02517,Math,Core,82,2024-01-01
STU02518,Math,Core,91,2024-01-01
STU02519,Math,Core,99,2024-01-01
STU02520,Math,Core,86,2024-01-01
STU02521,Math,Core,42,2024-01-01
STU02522,Math,Core,29,2024-01-01
STU02523,Math,Core,26,2024-01-01
STU02524,Math,Core,44,2024-01-01
STU02525,Math,Core,84,2024-01-01
STU02526,Math,Core,82,2024-01-01
STU02527,Math,Core,98,2024-01-01
STU02528,Math,Core,98,2024-01-01
STU02529,Math,Core,55,2024-01-01
STU02530,Math,Core,68,2024-01-01
STU02531,Math,Core,31,2024-01-01
STU02532,Math,Core,41,2024-01-01
STU02533,Math,Core,7,2024-01-01
STU02534,Math,Core,11,2024-01-01
STU02535,Math,Core,8,2024-01-01
STU02536,Math,Core,29,2024-01-01
STU02537,Math,Core,77,2024-01-01
STU02538,Math,Core,26,2024-01-01
STU02539,Math,Core,80,2024-01-01
STU02540,Math,Core,91,2024-01-01
STU02541,Math,Core,18,2024-01-01
STU02542,Math,Core,95,2024-01-01
STU02543,Math,Core,17,2024-01-01
STU02544,Math,Core,94,2024-01-01
STU02545,Math,Core,8,2024-01-01
STU02546,Math,Core,90,2024-01-01
STU02547,Math,Core,86,2024-01-01
STU02548,Math,Core,2,2024-01-01
STU02549,Math,Core,78,2024-01-01
STU02550,Math,Core,82,2024-01-01
STU02551,Math,Core,39,2024-01-01
STU02552,Math,Core,25,2024-01-01
STU02553,Math,Core,15,2024-01-01
STU02554,Math,Core,4,2024-01-01
STU02555,Math,Core,77,2024-01-01
STU02556,Math,Core,30,2024-01-01
STU02557,Math,Core,11,2024-01-01
STU02558,Math,Core,94,2024-01-01
STU02559,Math,Core,68,2024-01-01
STU02560,Math,Core,38,2024-01-01
STU02561,Math,Core,90,2024-01-01
STU02562,Math,Core,9,2024-01-01
STU02563,Math,Core,13,2024-01-01
STU02564,Math,Core,53,2024-01-01
STU02565,Math,Core,21,2024-01-01
STU02566,Math,Core,23,2024-01-01
STU02567,Math,Core,53,2024-01-01
STU02568,Math,Core,67,2024-01-01
STU02569,Math,Core,56,2024-01-01
STU02570,Math,Core,85,2024-01-01
STU02571,Math,Core,38,2024-01-01
STU02572,Math,Core,0,2024-01-01
STU02573,Math,Core,82,2024-01-01
STU02574,Math,Core,97,2024-01-01
STU02575,Math,Core,71,2024-01-01
STU02576,Math,Core,48,2024-01-01
STU02577,Math,Core,43,2024-01-01
STU02578,Math,Core,89,2024-01-01
STU02579,Math,Core,54,2024-01-01
STU02580,Math,Core,62,2024-01-01
STU02581,Math,Core,57,2024-01-01
STU02582,Math,Core,16,2024-01-01
STU02583,Math,Core,40,2024-01-01
STU02584,Math,Core,70,2024-01-01
STU02585,Math,Core,48,2024-01-01
STU02586,Math,Core,18,2024-01-01
STU02587,Math,Core,29,2024-01-01
STU02588,Math,Core,5,2024-01-01
STU02589,Math,Core,47,2024-01-01
STU02590,Math,Core,37,2024-01-01
STU02591,Math,Core,49,2024-01-01
STU02592,Math,Core,52,2024-01-01
STU02593,Math,Core,21,2024-01-01
STU02594,Math,Core,43,2024-01-01
STU02595,Math,Core,83,2024-01-01
STU02596,Math,Core,8,2024-01-01
STU02597,Math,Core,25,2024-01-01
STU02598,Math,Core,39,2024-01-01
STU02599,Math,Core,8,2024-01-01
STU02600,Math,Core,96,2024-01-01
STU02601,Math,Core,42,2024-01-01
STU02602,Math,Core,86,2024-01-01
STU02603,Math,Core,47,2024-01-01
STU02604,Math,Core,43,2024-01-01
STU02605,Math,Core,93,2024-01-01
STU02606,Math,Core,71,2024-01-01
STU02607,Math,Core,66,2024-01-01
STU02608,Math,Core,54,2024-01-01
STU02609,Math,Core,68,2024-01-01
STU02610,Math,Core,38,2024-01-01
STU02611,Math,Core,79,2024-01-01
STU02612,Math,Core,45,2024-01-01
STU02613,Math,Core,83,2024-01-01
STU02614,Math,Core,34,2024-01-01
STU02615,Math,Core,85,2024-01-01
STU02616,Math,Core,33,2024-01-01
STU02617,Math,Core,23,2024-01-01
STU02618,Math,Core,23,2024-01-01
STU02619,Math,Core,37,2024-01-01
STU02620,Math,Core,87,2024-01-01
STU02621,Math,Core,93,2024-01-01
STU02622,Math,Core,49,2024-01-01
STU02623,Math,Core,93,2024-01-01
STU02624,Math,Core,82,2024-01-01
STU02625,Math,Core,86,2024-01-01
STU02626,Math,Core,2,2024-01-01
STU02627,Math,Core,1,2024-01-01
STU02628,Math,Core,28,2024-01-01
STU02629,Math,Core,3,2024-01-01
STU02630,Math,Core,41,2024-01-01
STU02631,Math,Core,58,2024-01-01
STU02632,Math,Core,25,2024-01-01
STU02633,Math,Core,54,2024-01-01
STU02634,Math,Core,41,2024-01-01
STU02635,Math,Core,80,2024-01-01
STU02636,Math,Core,61,2024-01-01
STU02637,Math,Core,33,2024-01-01
STU02638,Math,Core,85,2024-01-01
STU02639,Math,Core,40,2024-01-01
STU02640,Math,Core,52,2024-01-01
STU02641,Math,Core,42,2024-01-01
STU02642,Math,Core,45,2024-01-01
STU02643,Math,Core,74,2024-01-01
STU02644,Math,Core,1,2024-01-01
STU02645,Math,Core,45,2024-01-01
STU02646,Math,Core,29,2024-01-01
STU02647,Math,Core,29,2024-01-01
STU02648,Math,Core,99,2024-01-01
STU02649,Math,Core,13,2024-01-01
STU02650,Math,Core,87,2024-01-01
STU02651,Math,Core,2,2024-01-01
STU02652,Math,Core,31,2024-01-01
STU02653,Math,Core,72,2024-01-01
STU02654,Math,Core,30,2024-01-01
STU02655,Math,Core,94,2024-01-01
STU02656,Math,Core,16,2024-01-01
STU02657,Math,Core,18,2024-01-01
STU02658,Math,Core,52,2024-01-01
STU02659,Math,Core,83,2024-01-01
STU02660,Math,Core,26,2024-01-01
STU02661,Math,Core,36,2024-01-01
STU02662,Math,Core,50,2024-01-01
STU02663,Math,Core,8,2024-01-01
STU02664,Math,Core,42,2024-01-01
STU02665,Math,Core,2,2024-01-01
STU02666,Math,Core,16,2024-01-01
STU02667,Math,Core,26,2024-01-01
STU02668,Math,Core,44,2024-01-01
STU02669,Math,Core,51,2024-01-01
STU02670,Math,Core,75,2024-01-01
STU02671,Math,Core,74,2024-01-01
STU02672,Math,Core,39,2024-01-01
STU02673,Math,Core,23,2024-01-01
STU02674,Math,Core,84,2024-01-01
STU02675,Math,Core,89,2024-01-01
STU02676,Math,Core,77,2024-01-01
STU02677,Math,Core,41,2024-01-01
STU02678,Math,Core,36,2024-01-01
STU02679,Math,Core,75,2024-01-01
STU02680,Math,Core,53,2024-01-01
STU02681,Math,Core,28,2024-01-01
STU02682,Math,Core,30,2024-01-01
STU02683,Math,Core,89,2024-01-01
STU02684,Math,Core,33,2024-01-01
STU02685,Math,Core,53,2024-01-01
STU02686,Math,Core,76,2024-01-01
STU02687,Math,Core,23,2024-01-01
STU02688,Math,Core,71,2024-01-01
STU02689,Math,Core,53,2024-01-01
STU02690,Math,Core,56,2024-01-01
STU02691,Math,Core,56,2024-01-01
STU02692,Math,Core,67,2024-01-01
STU02693,Math,Core,75,2024-01-01
STU02694,Math,Core,89,2024-01-01
STU02695,Math,Core,84,2024-01-01
STU02696,Math,Core,45,2024-01-01
STU02697,Math,Core,53,2024-01-01
STU02698,Math,Core,17,2024-01-01
STU02699,Math,Core,35,2024-01-01
STU02700,Math,Core,76,2024-01-01
STU02701,Math,Core,39,2024-01-01
STU02702,Math,Core,95,2024-01-01
STU02703,Math,Core,10,2024-01-01
STU02704,Math,Core,81,2024-01-01
STU02705,Math,Core,73,2024-01-01
STU02706,Math,Core,91,2024-01-01
STU02707,Math,Core,87,2024-01-01
STU02708,Math,Core,98,2024-01-01
STU02709,Math,Core,50,2024-01-01
STU02710,Math,Core,79,2024-01-01
STU02711,Math,Core,65,2024-01-01
STU02712,Math,Core,6,2024-01-01
STU02713,Math,Core,21,2024-01-01
STU02714,Math,Core,62,2024-01-01
STU02715,Math,Core,42,2024-01-01
STU02716,Math,Core,24,2024-01-01
STU02717,Math,Core,71,2024-01-01
STU02718,Math,Core,16,2024-01-01
STU02719,Math,Core,6,2024-01-01
STU02720,Math,Core,3,2024-01-01
STU02721,Math,Core,74,2024-01-01
STU02722,Math,Core,8,2024-01-01
STU02723,Math,Core,49,2024-01-01
STU02724,Math,Core,33,2024-01-01
STU02725,Math,Core,64,2024-01-01
STU02726,Math,Core,93,2024-01-01
STU02727,Math,Core,40,2024-01-01
STU02728,Math,Core,32,2024-01-01
STU02729,Math,Core,3,2024-01-01
STU02730,Math,Core,96,2024-01-01
STU02731,Math,Core,11,2024-01-01
STU02732,Math,Core,97,2024-01-01
STU02733,Math,Core,37,2024-01-01
STU02734,Math,Core,17,2024-01-01
STU02735,Math,Core,15,2024-01-01
STU02736,Math,Core,55,2024-01-01
STU02737,Math,Core,83,2024-01-01
STU02738,Math,Core,42,2024-01-01
STU02739,Math,Core,45,2024-01-01
STU02740,Math,Core,1,2024-01-01
STU02741,Math,Core,54,2024-01-01
STU02742,Math,Core,61,2024-01-01
STU02743,Math,Core,90,2024-01-01
STU02744,Math,Core,2,2024-01-01
STU02745,Math,Core,75,2024-01-01
STU02746,Math,Core,30,2024-01-01
STU02747,Math,Core,6,2024-01-01
STU02748,Math,Core,85,2024-01-01
STU02749,Math,Core,11,2024-01-01
STU02750,Math,Core,42,2024-01-01
STU02751,Math,Core,86,2024-01-01
STU02752,Math,Core,62,2024-01-01
STU02753,Math,Core,77,2024-01-01
STU02754,Math,Core,74,2024-01-01
STU02755,Math,Core,9,2024-01-01
STU02756,Math,Core,56,2024-01-01
STU02757,Math,Core,40,2024-01-01
STU02758,Math,Core,62,2024-01-01
STU02759,Math,Core,3,2024-01-01
STU02760,Math,Core,1,2024-01-01
STU02761,Math,Core,43,2024-01-01
STU02762,Math,Core,49,2024-01-01
STU02763,Math,Core,72,2024-01-01
STU02764,Math,Core,49,2024-01-01
STU02765,Math,Core,97,2024-01-01
STU02766,Math,Core,71,2024-01-01
STU02767,Math,Core,9,2024-01-01
STU02768,Math,Core,36,2024-01-01
STU02769,Math,Core,2,2024-01-01
STU02770,Math,Core,76,2024-01-01
STU02771,Math,Core,38,2024-01-01
STU02772,Math,Core,17,2024-01-01
STU02773,Math,Core,57,2024-01-01
STU02774,Math,Core,26,2024-01-01
STU02775,Math,Core,44,2024-01-01
STU02776,Math,Core,11,2024-01-01
STU02777,Math,Core,76,2024-01-01
STU02778,Math,Core,69,2024-01-01
STU02779,Math,Core,38,2024-01-01
STU02780,Math,Core,93,2024-01-01
STU02781,Math,Core,11,2024-01-01
STU02782,Math,Core,75,2024-01-01
STU02783,Math,Core,83,2024-01-01
STU02784,Math,Core,93,2024-01-01
STU02785,Math,Core,17,2024-01-01
STU02786,Math,Core,97,2024-01-01
STU02787,Math,Core,36,2024-01-01
STU02788,Math,Core,25,2024-01-01
STU02789,Math,Core,81,2024-01-01
STU02790,Math,Core,99,2024-01-01
STU02791,Math,Core,0,2024-01-01
STU02792,Math,Core,95,2024-01-01
STU02793,Math,Core,83,2024-01-01
STU02794,Math,Core,22,2024-01-01
STU02795,Math,Core,19,2024-01-01
STU02796,Math,Core,42,2024-01-01
STU02797,Math,Core,32,2024-01-01
STU02798,Math,Core,56,2024-01-01
STU02799,Math,Core,91,2024-01-01
STU02800,Math,Core,53,2024-01-01
STU02801,Math,Core,74,2024-01-01
STU02802,Math,Core,64,2024-01-01
STU02803,Math,Core,8,2024-01-01
STU02804,Math,Core,51,2024-01-01
STU02805,Math,Core,20,2024-01-01
STU02806,Math,Core,16,2024-01-01
STU02807,Math,Core,73,2024-01-01
STU02808,Math,Core,34,2024-01-01
STU02809,Math,Core,49,2024-01-01
STU02810,Math,Core,17,2024-01-01
STU02811,Math,Core,45,2024-01-01
STU02812,Math,Core,59,2024-01-01
STU02813,Math,Core,71,2024-01-01
STU02814,Math,Core,27,2024-01-01
STU02815,Math,Core,22,2024-01-01
STU02816,Math,Core,20,2024-01-01
STU02817,Math,Core,38,2024-01-01
STU02818,Math,Core,90,2024-01-01
STU02819,Math,Core,25,2024-01-01
STU02820,Math,Core,99,2024-01-01
STU02821,Math,Core,71,2024-01-01
STU02822,Math,Core,14,2024-01-01
STU02823,Math,Core,85,2024-01-01
STU02824,Math,Core,40,2024-01-01
STU02825,Math,Core,63,2024-01-01
STU02826,Math,Core,8,2024-01-01
STU02827,Math,Core,12,2024-01-01
STU02828,Math,Core,64,2024-01-01
STU02829,Math,Core,71,2024-01-01
STU02830,Math,Core,94,2024-01-01
STU02831,Math,Core,15,2024-01-01
STU02832,Math,Core,91,2024-01-01
STU02833,Math,Core,6,2024-01-01
STU02834,Math,Core,97,2024-01-01
STU02835,Math,Core,50,2024-01-01
STU02836,Math,Core,59,2024-01-01
STU02837,Math,Core,51,2024-01-01
STU02838,Math,Core,73,2024-01-01
STU02839,Math,Core,23,2024-01-01
STU02840,Math,Core,46,2024-01-01
STU02841,Math,Core,64,2024-01-01
STU02842,Math,Core,9,2024-01-01
STU02843,Math,Core,3,2024-01-01
STU02844,Math,Core,93,2024-01-01
STU02845,Math,Core,20,2024-01-01
STU02846,Math,Core,71,2024-01-01
STU02847,Math,Core,18,2024-01-01
STU02848,Math,Core,24,2024-01-01
STU02849,Math,Core,17,2024-01-01
STU02850,Math,Core,83,2024-01-01
STU02851,Math,Core,89,2024-01-01
STU02852,Math,Core,20,2024-01-01
STU02853,Math,Core,69,2024-01-01
STU02854,Math,Core,27,2024-01-01
STU02855,Math,Core,80,2024-01-01
STU02856,Math,Core,30,2024-01-01
STU02857,Math,Core,15,2024-01-01
STU02858,Math,Core,27,2024-01-01
STU02859,Math,Core,18,2024-01-01
STU02860,Math,Core,47,2024-01-01
STU02861,Math,Core,98,2024-01-01
STU02862,Math,Core,60,2024-01-01
STU02863,Math,Core,66,2024-01-01
STU02864,Math,Core,94,2024-01-01
STU02865,Math,Core,29,2024-01-01
STU02866,Math,Core,11,2024-01-01
STU02867,Math,Core,23,2024-01-01
STU02868,Math,Core,95,2024-01-01
STU02869,Math,Core,86,2024-01-01
STU02870,Math,Core,77,2024-01-01
STU02871,Math,Core,26,2024-01-01
STU02872,Math,Core,33,2024-01-01
STU02873,Math,Core,9,2024-01-01
STU02874,Math,Core,80,2024-01-01
STU02875,Math,Core,57,2024-01-01
STU02876,Math,Core,15,2024-01-01
STU02877,Math,Core,12,2024-01-01
STU02878,Math,Core,66,2024-01-01
STU02879,Math,Core,93,2024-01-01
STU02880,Math,Core,3,2024-01-01
STU02881,Math,Core,20,2024-01-01
STU02882,Math,Core,61,2024-01-01
STU02883,Math,Core,53,2024-01-01
STU02884,Math,Core,3,2024-01-01
STU02885,Math,Core,73,2024-01-01
STU02886,Math,Core,58,2024-01-01
STU02887,Math,Core,53,2024-01-01
STU02888,Math,Core,15,2024-01-01
STU02889,Math,Core,61,2024-01-01
STU02890,Math,Core,55,2024-01-01
STU02891,Math,Core,92,2024-01-01
STU02892,Math,Core,50,2024-01-01
STU02893,Math,Core,78,2024-01-01
STU02894,Math,Core,15,2024-01-01
STU02895,Math,Core,29,2024-01-01
STU02896,Math,Core,45,2024-01-01
STU02897,Math,Core,78,2024-01-01
STU02898,Math,Core,45,2024-01-01
STU02899,Math,Core,5,2024-01-01
STU02900,Math,Core,73,2024-01-01
STU02901,Math,Core,87,2024-01-01
STU02902,Math,Core,79,2024-01-01
STU02903,Math,Core,14,2024-01-01
STU02904,Math,Core,42,2024-01-01
STU02905,Math,Core,12,2024-01-01
STU02906,Math,Core,78,2024-01-01
STU02907,Math,Core,62,2024-01-01
STU02908,Math,Core,11,2024-01-01
STU02909,Math,Core,12,2024-01-01
STU02910,Math,Core,57,2024-01-01
STU02911,Math,Core,49,2024-01-01
STU02912,Math,Core,59,2024-01-01
STU02913,Math,Core,16,2024-01-01
STU02914,Math,Core,56,2024-01-01
STU02915,Math,Core,65,2024-01-01
STU02916,Math,Core,92,2024-01-01
STU02917,Math,Core,77,2024-01-01
STU02918,Math,Core,48,2024-01-01
STU02919,Math,Core,15,2024-01-01
STU02920,Math,Core,1,2024-01-01
STU02921,Math,Core,88,2024-01-01
STU02922,Math,Core,8,2024-01-01
STU02923,Math,Core,43,2024-01-01
STU02924,Math,Core,54,2024-01-01
STU02925,Math,Core,62,2024-01-01
STU02926,Math,Core,24,2024-01-01
STU02927,Math,Core,49,2024-01-01
STU02928,Math,Core,83,2024-01-01
STU02929,Math,Core,98,2024-01-01
STU02930,Math,Core,85,2024-01-01
STU02931,Math,Core,40,2024-01-01
STU02932,Math,Core,74,2024-01-01
STU02933,Math,Core,74,2024-01-01
STU02934,Math,Core,19,2024-01-01
STU02935,Math,Core,100,2024-01-01
STU02936,Math,Core,55,2024-01-01
STU02937,Math,Core,73,2024-01-01
STU02938,Math,Core,87,2024-01-01
STU02939,Math,Core,47,2024-01-01
STU02940,Math,Core,100,2024-01-01
STU02941,Math,Core,29,2024-01-01
STU02942,Math,Core,66,2024-01-01
STU02943,Math,Core,49,2024-01-01
STU02944,Math,Core,22,2024-01-01
STU02945,Math,Core,62,2024-01-01
STU02946,Math,Core,90,2024-01-01
STU02947,Math,Core,12,2024-01-01
STU02948,Math,Core,20,2024-01-01
STU02949,Math,Core,31,2024-01-01
STU02950,Math,Core,15,2024-01-01
STU02951,Math,Core,5,2024-01-01
STU02952,Math,Core,1,2024-01-01
STU02953,Math,Core,39,2024-01-01
STU02954,Math,Core,48,2024-01-01
STU02955,Math,Core,96,2024-01-01
STU02956,Math,Core,13,2024-01-01
STU02957,Math,Core,24,2024-01-01
STU02958,Math,Core,61,2024-01-01
STU02959,Math,Core,8,2024-01-01
STU02960,Math,Core,96,2024-01-01
STU02961,Math,Core,6,2024-01-01
STU02962,Math,Core,49,2024-01-01
STU02963,Math,Core,96,2024-01-01
STU02964,Math,Core,73,2024-01-01
STU02965,Math,Core,92,2024-01-01
STU02966,Math,Core,1,2024-01-01
STU02967,Math,Core,62,2024-01-01
STU02968,Math,Core,43,2024-01-01
STU02969,Math,Core,69,2024-01-01
STU02970,Math,Core,95,2024-01-01
STU02971,Math,Core,22,2024-01-01
STU02972,Math,Core,61,2024-01-01
STU02973,Math,Core,80,2024-01-01
STU02974,Math,Core,24,2024-01-01
STU02975,Math,Core,82,2024-01-01
STU02976,Math,Core,26,2024-01-01
STU02977,Math,Core,13,2024-01-01
STU02978,Math,Core,88,2024-01-01
STU02979,Math,Core,80,2024-01-01
STU02980,Math,Core,17,2024-01-01
STU02981,Math,Core,63,2024-01-01
STU02982,Math,Core,97,2024-01-01
STU02983,Math,Core,43,2024-01-01
STU02984,Math,Core,86,2024-01-01
STU02985,Math,Core,21,2024-01-01
STU02986,Math,Core,57,2024-01-01
STU02987,Math,Core,36,2024-01-01
STU02988,Math,Core,21,2024-01-01
STU02989,Math,Core,86,2024-01-01
STU02990,Math,Core,17,2024-01-01
STU02991,Math,Core,20,2024-01-01
STU02992,Math,Core,18,2024-01-01
STU02993,Math,Core,83,2024-01-01
STU02994,Math,Core,5,2024-01-01
STU02995,Math,Core,50,2024-01-01
STU02996,Math,Core,97,2024-01-01
STU02997,Math,Core,17,2024-01-01
STU02998,Math,Core,78,2024-01-01
STU02999,Math,Core,61,2024-01-01
STU03000,Math,Core,48,2024-01-01
STU03001,Math,Core,89,2024-01-01
STU03002,Math,Core,33,2024-01-01
STU03003,Math,Core,73,2024-01-01
STU03004,Math,Core,97,2024-01-01
STU03005,Math,Core,77,2024-01-01
STU03006,Math,Core,65,2024-01-01
STU03007,Math,Core,27,2024-01-01
STU03008,Math,Core,6,2024-01-01
STU03009,Math,Core,78,2024-01-01
STU03010,Math,Core,61,2024-01-01
STU03011,Math,Core,96,2024-01-01
STU03012,Math,Core,42,2024-01-01
STU03013,Math,Core,23,2024-01-01
STU03014,Math,Core,94,2024-01-01
STU03015,Math,Core,59,2024-01-01
STU03016,Math,Core,55,2024-01-01
STU03017,Math,Core,74,2024-01-01
STU03018,Math,Core,19,2024-01-01
STU03019,Math,Core,9,2024-01-01
STU03020,Math,Core,55,2024-01-01
STU03021,Math,Core,41,2024-01-01
STU03022,Math,Core,18,2024-01-01
STU03023,Math,Core,25,2024-01-01
STU03024,Math,Core,5,2024-01-01
STU03025,Math,Core,41,2024-01-01
STU03026,Math,Core,72,2024-01-01
STU03027,Math,Core,90,2024-01-01
STU03028,Math,Core,47,2024-01-01
STU03029,Math,Core,14,2024-01-01
STU03030,Math,Core,34,2024-01-01
STU03031,Math,Core,20,2024-01-01
STU03032,Math,Core,39,2024-01-01
STU03033,Math,Core,77,2024-01-01
STU03034,Math,Core,35,2024-01-01
STU03035,Math,Core,52,2024-01-01
STU03036,Math,Core,40,2024-01-01
STU03037,Math,Core,5,2024-01-01
STU03038,Math,Core,51,2024-01-01
STU03039,Math,Core,19,2024-01-01
STU03040,Math,Core,95,2024-01-01
STU03041,Math,Core,85,2024-01-01
STU03042,Math,Core,28,2024-01-01
STU03043,Math,Core,72,2024-01-01
STU03044,Math,Core,61,2024-01-01
STU03045,Math,Core,38,2024-01-01
STU03046,Math,Core,5,2024-01-01
STU03047,Math,Core,65,2024-01-01
STU03048,Math,Core,48,2024-01-01
STU03049,Math,Core,0,2024-01-01
STU03050,Math,Core,36,2024-01-01
STU03051,Math,Core,87,2024-01-01
STU03052,Math,Core,51,2024-01-01
STU03053,Math,Core,28,2024-01-01
STU03054,Math,Core,14,2024-01-01
STU03055,Math,Core,83,2024-01-01
STU03056,Math,Core,41,2024-01-01
STU03057,Math,Core,68,2024-01-01
STU03058,Math,Core,33,2024-01-01
STU03059,Math,Core,93,2024-01-01
STU03060,Math,Core,53,2024-01-01
STU03061,Math,Core,76,2024-01-01
STU03062,Math,Core,53,2024-01-01
STU03063,Math,Core,7,2024-01-01
STU03064,Math,Core,69,2024-01-01
STU03065,Math,Core,9,2024-01-01
STU03066,Math,Core,55,2024-01-01
STU03067,Math,Core,82,2024-01-01
STU03068,Math,Core,66,2024-01-01
STU03069,Math,Core,10,2024-01-01
STU03070,Math,Core,65,2024-01-01
STU03071,Math,Core,68,2024-01-01
STU03072,Math,Core,88,2024-01-01
STU03073,Math,Core,69,2024-01-01
STU03074,Math,Core,15,2024-01-01
STU03075,Math,Core,69,2024-01-01
STU03076,Math,Core,96,2024-01-01
STU03077,Math,Core,48,2024-01-01
STU03078,Math,Core,95,2024-01-01
STU03079,Math,Core,42,2024-01-01
STU03080,Math,Core,2,2024-01-01
STU03081,Math,Core,32,2024-01-01
STU03082,Math,Core,37,2024-01-01
STU03083,Math,Core,5,2024-01-01
STU03084,Math,Core,79,2024-01-01
STU03085,Math,Core,44,2024-01-01
STU03086,Math,Core,82,2024-01-01
STU03087,Math,Core,83,2024-01-01
STU03088,Math,Core,94,2024-01-01
STU03089,Math,Core,81,2024-01-01
STU03090,Math,Core,37,2024-01-01
STU03091,Math,Core,32,2024-01-01
STU03092,Math,Core,49,2024-01-01
STU03093,Math,Core,85,2024-01-01
STU03094,Math,Core,98,2024-01-01
STU03095,Math,Core,53,2024-01-01
STU03096,Math,Core,96,2024-01-01
STU03097,Math,Core,5,2024-01-01
STU03098,Math,Core,49,2024-01-01
STU03099,Math,Core,2,2024-01-01
STU03100,Math,Core,18,2024-01-01
STU03101,Math,Core,72,2024-01-01
STU03102,Math,Core,72,2024-01-01
STU03103,Math,Core,42,2024-01-01
STU03104,Math,Core,36,2024-01-01
STU03105,Math,Core,46,2024-01-01
STU03106,Math,Core,16,2024-01-01
STU03107,Math,Core,96,2024-01-01
STU03108,Math,Core,7,2024-01-01
STU03109,Math,Core,57,2024-01-01
STU03110,Math,Core,17,2024-01-01
STU03111,Math,Core,17,2024-01-01
STU03112,Math,Core,45,2024-01-01
STU03113,Math,Core,46,2024-01-01
STU03114,Math,Core,99,2024-01-01
STU03115,Math,Core,16,2024-01-01
STU03116,Math,Core,83,2024-01-01
STU03117,Math,Core,64,2024-01-01
STU03118,Math,Core,58,2024-01-01
STU03119,Math,Core,76,2024-01-01
STU03120,Math,Core,3,2024-01-01
STU03121,Math,Core,74,2024-01-01
STU03122,Math,Core,3,2024-01-01
STU03123,Math,Core,5,2024-01-01
STU03124,Math,Core,25,2024-01-01
STU03125,Math,Core,44,2024-01-01
STU03126,Math,Core,53,2024-01-01
STU03127,Math,Core,59,2024-01-01
STU03128,Math,Core,54,2024-01-01
STU03129,Math,Core,49,2024-01-01
STU03130,Math,Core,19,2024-01-01
STU03131,Math,Core,0,2024-01-01
STU03132,Math,Core,38,2024-01-01
STU03133,Math,Core,63,2024-01-01
STU03134,Math,Core,74,2024-01-01
STU03135,Math,Core,91,2024-01-01
STU03136,Math,Core,77,2024-01-01
STU03137,Math,Core,55,2024-01-01
STU03138,Math,Core,6,2024-01-01
STU03139,Math,Core,58,2024-01-01
STU03140,Math,Core,90,2024-01-01
STU03141,Math,Core,92,2024-01-01
STU03142,Math,Core,73,2024-01-01
STU03143,Math,Core,35,2024-01-01
STU03144,Math,Core,18,2024-01-01
STU03145,Math,Core,82,2024-01-01
STU03146,Math,Core,60,2024-01-01
STU03147,Math,Core,3,2024-01-01
STU03148,Math,Core,96,2024-01-01
STU03149,Math,Core,44,2024-01-01
STU03150,Math,Core,29,2024-01-01
STU03151,Math,Core,93,2024-01-01
STU03152,Math,Core,53,2024-01-01
STU03153,Math,Core,25,2024-01-01
STU03154,Math,Core,81,2024-01-01
STU03155,Math,Core,97,2024-01-01
STU03156,Math,Core,60,2024-01-01
STU03157,Math,Core,9,2024-01-01
STU03158,Math,Core,89,2024-01-01
STU03159,Math,Core,22,2024-01-01
STU03160,Math,Core,74,2024-01-01
STU03161,Math,Core,36,2024-01-01
STU03162,Math,Core,4,2024-01-01
STU03163,Math,Core,28,2024-01-01
STU03164,Math,Core,10,2024-01-01
STU03165,Math,Core,24,2024-01-01
STU03166,Math,Core,5,2024-01-01
STU03167,Math,Core,46,2024-01-01
STU03168,Math,Core,52,2024-01-01
STU03169,Math,Core,27,2024-01-01
STU03170,Math,Core,84,2024-01-01
STU03171,Math,Core,44,2024-01-01
STU03172,Math,Core,27,2024-01-01
STU03173,Math,Core,10,2024-01-01
STU03174,Math,Core,26,2024-01-01
STU03175,Math,Core,89,2024-01-01
STU03176,Math,Core,50,2024-01-01
STU03177,Math,Core,53,2024-01-01
STU03178,Math,Core,79,2024-01-01
STU03179,Math,Core,37,2024-01-01
STU03180,Math,Core,9,2024-01-01
STU03181,Math,Core,95,2024-01-01
STU03182,Math,Core,79,2024-01-01
STU03183,Math,Core,83,2024-01-01
STU03184,Math,Core,100,2024-01-01
STU03185,Math,Core,29,2024-01-01
STU03186,Math,Core,51,2024-01-01
STU03187,Math,Core,80,2024-01-01
STU03188,Math,Core,61,2024-01-01
STU03189,Math,Core,60,2024-01-01
STU03190,Math,Core,28,2024-01-01
STU03191,Math,Core,42,2024-01-01
STU03192,Math,Core,57,2024-01-01
STU03193,Math,Core,71,2024-01-01
STU03194,Math,Core,19,2024-01-01
STU03195,Math,Core,16,2024-01-01
STU03196,Math,Core,71,2024-01-01
STU03197,Math,Core,28,2024-01-01
STU03198,Math,Core,53,2024-01-01
STU03199,Math,Core,67,2024-01-01
STU03200,Math,Core,67,2024-01-01
STU03201,Math,Core,67,2024-01-01
STU03202,Math,Core,55,2024-01-01
STU03203,Math,Core,98,2024-01-01
STU03204,Math,Core,93,2024-01-01
STU03205,Math,Core,33,2024-01-01
STU03206,Math,Core,53,2024-01-01
STU03207,Math,Core,41,2024-01-01
STU03208,Math,Core,69,2024-01-01
STU03209,Math,Core,88,2024-01-01
STU03210,Math,Core,83,2024-01-01
STU03211,Math,Core,81,2024-01-01
STU03212,Math,Core,89,2024-01-01
STU03213,Math,Core,95,2024-01-01
STU03214,Math,Core,21,2024-01-01
STU03215,Math,Core,8,2024-01-01
STU03216,Math,Core,93,2024-01-01
STU03217,Math,Core,14,2024-01-01
STU03218,Math,Core,85,2024-01-01
STU03219,Math,Core,94,2024-01-01
STU03220,Math,Core,97,2024-01-01
STU03221,Math,Core,11,2024-01-01
STU03222,Math,Core,62,2024-01-01
STU03223,Math,Core,6,2024-01-01
STU03224,Math,Core,73,2024-01-01
STU03225,Math,Core,17,2024-01-01
STU03226,Math,Core,92,2024-01-01
STU03227,Math,Core,32,2024-01-01
STU03228,Math,Core,8,2024-01-01
STU03229,Math,Core,54,2024-01-01
STU03230,Math,Core,81,2024-01-01
STU03231,Math,Core,75,2024-01-01
STU03232,Math,Core,15,2024-01-01
STU03233,Math,Core,17,2024-01-01
STU03234,Math,Core,90,2024-01-01
STU03235,Math,Core,55,2024-01-01
STU03236,Math,Core,57,2024-01-01
STU03237,Math,Core,2,2024-01-01
STU03238,Math,Core,43,2024-01-01
STU03239,Math,Core,69,2024-01-01
STU03240,Math,Core,34,2024-01-01
STU03241,Math,Core,57,2024-01-01
STU03242,Math,Core,25,2024-01-01
STU03243,Math,Core,88,2024-01-01
STU03244,Math,Core,13,2024-01-01
STU03245,Math,Core,56,2024-01-01
STU03246,Math,Core,71,2024-01-01
STU03247,Math,Core,57,2024-01-01
STU03248,Math,Core,85,2024-01-01
STU03249,Math,Core,51,2024-01-01
STU03250,Math,Core,36,2024-01-01
STU03251,Math,Core,69,2024-01-01
STU03252,Math,Core,92,2024-01-01
STU03253,Math,Core,27,2024-01-01
STU03254,Math,Core,86,2024-01-01
STU03255,Math,Core,71,2024-01-01
STU03256,Math,Core,100,2024-01-01
STU03257,Math,Core,66,2024-01-01
STU03258,Math,Core,22,2024-01-01
STU03259,Math,Core,83,2024-01-01
STU03260,Math,Core,57,2024-01-01
STU03261,Math,Core,87,2024-01-01
STU03262,Math,Core,15,2024-01-01
STU03263,Math,Core,11,2024-01-01
STU03264,Math,Core,59,2024-01-01
STU03265,Math,Core,67,2024-01-01
STU03266,Math,Core,54,2024-01-01
STU03267,Math,Core,71,2024-01-01
STU03268,Math,Core,25,2024-01-01
STU03269,Math,Core,35,2024-01-01
STU03270,Math,Core,79,2024-01-01
STU03271,Math,Core,70,2024-01-01
STU03272,Math,Core,35,2024-01-01
STU03273,Math,Core,76,2024-01-01
STU03274,Math,Core,42,2024-01-01
STU03275,Math,Core,81,2024-01-01
STU03276,Math,Core,24,2024-01-01
STU03277,Math,Core,54,2024-01-01
STU03278,Math,Core,87,2024-01-01
STU03279,Math,Core,13,2024-01-01
STU03280,Math,Core,32,2024-01-01
STU03281,Math,Core,25,2024-01-01
STU03282,Math,Core,54,2024-01-01
STU03283,Math,Core,80,2024-01-01
STU03284,Math,Core,19,2024-01-01
STU03285,Math,Core,82,2024-01-01
STU03286,Math,Core,57,2024-01-01
STU03287,Math,Core,39,2024-01-01
STU03288,Math,Core,33,2024-01-01
STU03289,Math,Core,63,2024-01-01
STU03290,Math,Core,13,2024-01-01
STU03291,Math,Core,69,2024-01-01
STU03292,Math,Core,79,2024-01-01
STU03293,Math,Core,56,2024-01-01
STU03294,Math,Core,43,2024-01-01
STU03295,Math,Core,8,2024-01-01
STU03296,Math,Core,84,2024-01-01
STU03297,Math,Core,17,2024-01-01
STU03298,Math,Core,7,2024-01-01
STU03299,Math,Core,13,2024-01-01
STU03300,Math,Core,20,2024-01-01
STU03301,Math,Core,88,2024-01-01
STU03302,Math,Core,21,2024-01-01
STU03303,Math,Core,22,2024-01-01
STU03304,Math,Core,46,2024-01-01
STU03305,Math,Core,18,2024-01-01
STU03306,Math,Core,80,2024-01-01
STU03307,Math,Core,36,2024-01-01
STU03308,Math,Core,67,2024-01-01
STU03309,Math,Core,9,2024-01-01
STU03310,Math,Core,93,2024-01-01
STU03311,Math,Core,43,2024-01-01
STU03312,Math,Core,19,2024-01-01
STU03313,Math,Core,61,2024-01-01
STU03314,Math,Core,84,2024-01-01
STU03315,Math,Core,47,2024-01-01
STU03316,Math,Core,22,2024-01-01
STU03317,Math,Core,6,2024-01-01
STU03318,Math,Core,41,2024-01-01
STU03319,Math,Core,14,2024-01-01
STU03320,Math,Core,60,2024-01-01
STU03321,Math,Core,15,2024-01-01
STU03322,Math,Core,41,2024-01-01
STU03323,Math,Core,20,2024-01-01
STU03324,Math,Core,37,2024-01-01
STU03325,Math,Core,10,2024-01-01
STU03326,Math,Core,18,2024-01-01
STU03327,Math,Core,0,2024-01-01
STU03328,Math,Core,45,2024-01-01
STU03329,Math,Core,55,2024-01-01
STU03330,Math,Core,11,2024-01-01
STU03331,Math,Core,73,2024-01-01
STU03332,Math,Core,94,2024-01-01
STU03333,Math,Core,30,2024-01-01
STU03334,Math,Core,48,2024-01-01
STU03335,Math,Core,39,2024-01-01
STU03336,Math,Core,76,2024-01-01
STU03337,Math,Core,10,2024-01-01
STU03338,Math,Core,14,2024-01-01
STU03339,Math,Core,39,2024-01-01
STU03340,Math,Core,3,2024-01-01
STU03341,Math,Core,76,2024-01-01
STU03342,Math,Core,39,2024-01-01
STU03343,Math,Core,75,2024-01-01
STU03344,Math,Core,69,2024-01-01
STU03345,Math,Core,68,2024-01-01
STU03346,Math,Core,65,2024-01-01
STU03347,Math,Core,52,2024-01-01
STU03348,Math,Core,30,2024-01-01
STU03349,Math,Core,99,2024-01-01
STU03350,Math,Core,100,2024-01-01
STU03351,Math,Core,9,2024-01-01
STU03352,Math,Core,70,2024-01-01
STU03353,Math,Core,90,2024-01-01
STU03354,Math,Core,42,2024-01-01
STU03355,Math,Core,6,2024-01-01
STU03356,Math,Core,38,2024-01-01
STU03357,Math,Core,24,2024-01-01
STU03358,Math,Core,63,2024-01-01
STU03359,Math,Core,15,2024-01-01
STU03360,Math,Core,23,2024-01-01
STU03361,Math,Core,79,2024-01-01
STU03362,Math,Core,40,2024-01-01
STU03363,Math,Core,81,2024-01-01
STU03364,Math,Core,57,2024-01-01
STU03365,Math,Core,3,2024-01-01
STU03366,Math,Core,67,2024-01-01
STU03367,Math,Core,16,2024-01-01
STU03368,Math,Core,80,2024-01-01
STU03369,Math,Core,1,2024-01-01
STU03370,Math,Core,21,2024-01-01
STU03371,Math,Core,8,2024-01-01
STU03372,Math,Core,55,2024-01-01
STU03373,Math,Core,66,2024-01-01
STU03374,Math,Core,100,2024-01-01
STU03375,Math,Core,59,2024-01-01
STU03376,Math,Core,12,2024-01-01
STU03377,Math,Core,14,2024-01-01
STU03378,Math,Core,27,2024-01-01
STU03379,Math,Core,12,2024-01-01
STU03380,Math,Core,75,2024-01-01
STU03381,Math,Core,17,2024-01-01
STU03382,Math,Core,21,2024-01-01
STU03383,Math,Core,96,2024-01-01
STU03384,Math,Core,7,2024-01-01
STU03385,Math,Core,57,2024-01-01
STU03386,Math,Core,36,2024-01-01
STU03387,Math,Core,40,2024-01-01
STU03388,Math,Core,19,2024-01-01
STU03389,Math,Core,69,2024-01-01
STU03390,Math,Core,9,2024-01-01
STU03391,Math,Core,51,2024-01-01
STU03392,Math,Core,25,2024-01-01
STU03393,Math,Core,73,2024-01-01
STU03394,Math,Core,2,2024-01-01
STU03395,Math,Core,2,2024-01-01
STU03396,Math,Core,31,2024-01-01
STU03397,Math,Core,22,2024-01-01
STU03398,Math,Core,7,2024-01-01
STU03399,Math,Core,64,2024-01-01
STU03400,Math,Core,67,2024-01-01
STU03401,Math,Core,75,2024-01-01
STU03402,Math,Core,65,2024-01-01
STU03403,Math,Core,73,2024-01-01
STU03404,Math,Core,91,2024-01-01
STU03405,Math,Core,62,2024-01-01
STU03406,Math,Core,18,2024-01-01
STU03407,Math,Core,53,2024-01-01
STU03408,Math,Core,52,2024-01-01
STU03409,Math,Core,61,2024-01-01
STU03410,Math,Core,54,2024-01-01
STU03411,Math,Core,67,2024-01-01
STU03412,Math,Core,61,2024-01-01
STU03413,Math,Core,31,2024-01-01
STU03414,Math,Core,45,2024-01-01
STU03415,Math,Core,18,2024-01-01
STU03416,Math,Core,85,2024-01-01
STU03417,Math,Core,35,2024-01-01
STU03418,Math,Core,31,2024-01-01
STU03419,Math,Core,44,2024-01-01
STU03420,Math,Core,38,2024-01-01
STU03421,Math,Core,91,2024-01-01
STU03422,Math,Core,97,2024-01-01
STU03423,Math,Core,54,2024-01-01
STU03424,Math,Core,5,2024-01-01
STU03425,Math,Core,98,2024-01-01
STU03426,Math,Core,25,2024-01-01
STU03427,Math,Core,77,2024-01-01
STU03428,Math,Core,20,2024-01-01
STU03429,Math,Core,56,2024-01-01
STU03430,Math,Core,89,2024-01-01
STU03431,Math,Core,77,2024-01-01
STU03432,Math,Core,30,2024-01-01
STU03433,Math,Core,13,2024-01-01
STU03434,Math,Core,68,2024-01-01
STU03435,Math,Core,35,2024-01-01
STU03436,Math,Core,93,2024-01-01
STU03437,Math,Core,61,2024-01-01
STU03438,Math,Core,89,2024-01-01
STU03439,Math,Core,64,2024-01-01
STU03440,Math,Core,10,2024-01-01
STU03441,Math,Core,7,2024-01-01
STU03442,Math,Core,34,2024-01-01
STU03443,Math,Core,25,2024-01-01
STU03444,Math,Core,85,2024-01-01
STU03445,Math,Core,87,2024-01-01
STU03446,Math,Core,30,2024-01-01
STU03447,Math,Core,41,2024-01-01
STU03448,Math,Core,38,2024-01-01
STU03449,Math,Core,35,2024-01-01
STU03450,Math,Core,2,2024-01-01
STU03451,Math,Core,57,2024-01-01
STU03452,Math,Core,78,2024-01-01
STU03453,Math,Core,85,2024-01-01
STU03454,Math,Core,9,2024-01-01
STU03455,Math,Core,89,2024-01-01
STU03456,Math,Core,1,2024-01-01
STU03457,Math,Core,94,2024-01-01
STU03458,Math,Core,92,2024-01-01
STU03459,Math,Core,70,2024-01-01
STU03460,Math,Core,9,2024-01-01
STU03461,Math,Core,99,2024-01-01
STU03462,Math,Core,5,2024-01-01
STU03463,Math,Core,44,2024-01-01
STU03464,Math,Core,10,2024-01-01
STU03465,Math,Core,100,2024-01-01
STU03466,Math,Core,70,2024-01-01
STU03467,Math,Core,63,2024-01-01
STU03468,Math,Core,48,2024-01-01
STU03469,Math,Core,0,2024-01-01
STU03470,Math,Core,84,2024-01-01
STU03471,Math,Core,99,2024-01-01
STU03472,Math,Core,99,2024-01-01
STU03473,Math,Core,45,2024-01-01
STU03474,Math,Core,90,2024-01-01
STU03475,Math,Core,53,2024-01-01
STU03476,Math,Core,54,2024-01-01
STU03477,Math,Core,5,2024-01-01
STU03478,Math,Core,59,2024-01-01
STU03479,Math,Core,29,2024-01-01
STU03480,Math,Core,81,2024-01-01
STU03481,Math,Core,44,2024-01-01
STU03482,Math,Core,47,2024-01-01
STU03483,Math,Core,58,2024-01-01
STU03484,Math,Core,24,2024-01-01
STU03485,Math,Core,74,2024-01-01
STU03486,Math,Core,8,2024-01-01
STU03487,Math,Core,75,2024-01-01
STU03488,Math,Core,48,2024-01-01
STU03489,Math,Core,71,2024-01-01
STU03490,Math,Core,34,2024-01-01
STU03491,Math,Core,26,2024-01-01
STU03492,Math,Core,35,2024-01-01
STU03493,Math,Core,1,2024-01-01
STU03494,Math,Core,55,2024-01-01
STU03495,Math,Core,3,2024-01-01
STU03496,Math,Core,47,2024-01-01
STU03497,Math,Core,68,2024-01-01
STU03498,Math,Core,0,2024-01-01
STU03499,Math,Core,64,2024-01-01
STU03500,Math,Core,58,2024-01-01
STU03501,Math,Core,60,2024-01-01
STU03502,Math,Core,82,2024-01-01
STU03503,Math,Core,89,2024-01-01
STU03504,Math,Core,21,2024-01-01
STU03505,Math,Core,15,2024-01-01
STU03506,Math,Core,24,2024-01-01
STU03507,Math,Core,91,2024-01-01
STU03508,Math,Core,67,2024-01-01
STU03509,Math,Core,98,2024-01-01
STU03510,Math,Core,72,2024-01-01
STU03511,Math,Core,62,2024-01-01
STU03512,Math,Core,98,2024-01-01
STU03513,Math,Core,78,2024-01-01
STU03514,Math,Core,18,2024-01-01
STU03515,Math,Core,100,2024-01-01
STU03516,Math,Core,55,2024-01-01
STU03517,Math,Core,87,2024-01-01
STU03518,Math,Core,38,2024-01-01
STU03519,Math,Core,11,2024-01-01
STU03520,Math,Core,43,2024-01-01
STU03521,Math,Core,7,2024-01-01
STU03522,Math,Core,11,2024-01-01
STU03523,Math,Core,12,2024-01-01
STU03524,Math,Core,4,2024-01-01
STU03525,Math,Core,76,2024-01-01
STU03526,Math,Core,72,2024-01-01
STU03527,Math,Core,71,2024-01-01
STU03528,Math,Core,65,2024-01-01
STU03529,Math,Core,93,2024-01-01
STU03530,Math,Core,79,2024-01-01
STU03531,Math,Core,55,2024-01-01
STU03532,Math,Core,52,2024-01-01
STU03533,Math,Core,1,2024-01-01
STU03534,Math,Core,43,2024-01-01
STU03535,Math,Core,46,2024-01-01
STU03536,Math,Core,87,2024-01-01
STU03537,Math,Core,78,2024-01-01
STU03538,Math,Core,6,2024-01-01
STU03539,Math,Core,14,2024-01-01
STU03540,Math,Core,99,2024-01-01
STU03541,Math,Core,62,2024-01-01
STU03542,Math,Core,16,2024-01-01
STU03543,Math,Core,44,2024-01-01
STU03544,Math,Core,1,2024-01-01
STU03545,Math,Core,37,2024-01-01
STU03546,Math,Core,33,2024-01-01
STU03547,Math,Core,68,2024-01-01
STU03548,Math,Core,99,2024-01-01
STU03549,Math,Core,67,2024-01-01
STU03550,Math,Core,82,2024-01-01
STU03551,Math,Core,75,2024-01-01
STU03552,Math,Core,25,2024-01-01
STU03553,Math,Core,76,2024-01-01
STU03554,Math,Core,57,2024-01-01
STU03555,Math,Core,24,2024-01-01
STU03556,Math,Core,69,2024-01-01
STU03557,Math,Core,83,2024-01-01
STU03558,Math,Core,22,2024-01-01
STU03559,Math,Core,40,2024-01-01
STU03560,Math,Core,77,2024-01-01
STU03561,Math,Core,34,2024-01-01
STU03562,Math,Core,15,2024-01-01
STU03563,Math,Core,55,2024-01-01
STU03564,Math,Core,67,2024-01-01
STU03565,Math,Core,88,2024-01-01
STU03566,Math,Core,92,2024-01-01
STU03567,Math,Core,59,2024-01-01
STU03568,Math,Core,60,2024-01-01
STU03569,Math,Core,51,2024-01-01
STU03570,Math,Core,85,2024-01-01
STU03571,Math,Core,54,2024-01-01
STU03572,Math,Core,31,2024-01-01
STU03573,Math,Core,82,2024-01-01
STU03574,Math,Core,92,2024-01-01
STU03575,Math,Core,88,2024-01-01
STU03576,Math,Core,31,2024-01-01
STU03577,Math,Core,99,2024-01-01
STU03578,Math,Core,90,2024-01-01
STU03579,Math,Core,39,2024-01-01
STU03580,Math,Core,7,2024-01-01
STU03581,Math,Core,22,2024-01-01
STU03582,Math,Core,42,2024-01-01
STU03583,Math,Core,69,2024-01-01
STU03584,Math,Core,3,2024-01-01
STU03585,Math,Core,32,2024-01-01
STU03586,Math,Core,93,2024-01-01
STU03587,Math,Core,50,2024-01-01
STU03588,Math,Core,87,2024-01-01
STU03589,Math,Core,97,2024-01-01
STU03590,Math,Core,54,2024-01-01
STU03591,Math,Core,32,2024-01-01
STU03592,Math,Core,63,2024-01-01
STU03593,Math,Core,49,2024-01-01
STU03594,Math,Core,84,2024-01-01
STU03595,Math,Core,94,2024-01-01
STU03596,Math,Core,67,2024-01-01
STU03597,Math,Core,15,2024-01-01
STU03598,Math,Core,65,2024-01-01
STU03599,Math,Core,96,2024-01-01
STU03600,Math,Core,85,2024-01-01
STU03601,Math,Core,92,2024-01-01
STU03602,Math,Core,64,2024-01-01
STU03603,Math,Core,61,2024-01-01
STU03604,Math,Core,0,2024-01-01
STU03605,Math,Core,2,2024-01-01
STU03606,Math,Core,29,2024-01-01
STU03607,Math,Core,63,2024-01-01
STU03608,Math,Core,85,2024-01-01
STU03609,Math,Core,9,2024-01-01
STU03610,Math,Core,63,2024-01-01
STU03611,Math,Core,37,2024-01-01
STU03612,Math,Core,36,2024-01-01
STU03613,Math,Core,3,2024-01-01
STU03614,Math,Core,24,2024-01-01
STU03615,Math,Core,11,2024-01-01
STU03616,Math,Core,98,2024-01-01
STU03617,Math,Core,77,2024-01-01
STU03618,Math,Core,56,2024-01-01
STU03619,Math,Core,31,2024-01-01
STU03620,Math,Core,74,2024-01-01
STU03621,Math,Core,58,2024-01-01
STU03622,Math,Core,84,2024-01-01
STU03623,Math,Core,7,2024-01-01
STU03624,Math,Core,61,2024-01-01
STU03625,Math,Core,55,2024-01-01
STU03626,Math,Core,96,2024-01-01
STU03627,Math,Core,16,2024-01-01
STU03628,Math,Core,55,2024-01-01
STU03629,Math,Core,81,2024-01-01
STU03630,Math,Core,83,2024-01-01
STU03631,Math,Core,71,2024-01-01
STU03632,Math,Core,18,2024-01-01
STU03633,Math,Core,54,2024-01-01
STU03634,Math,Core,8,2024-01-01
STU03635,Math,Core,29,2024-01-01
STU03636,Math,Core,90,2024-01-01
STU03637,Math,Core,66,2024-01-01
STU03638,Math,Core,54,2024-01-01
STU03639,Math,Core,100,2024-01-01
STU03640,Math,Core,87,2024-01-01
STU03641,Math,Core,22,2024-01-01
STU03642,Math,Core,8,2024-01-01
STU03643,Math,Core,50,2024-01-01
STU03644,Math,Core,32,2024-01-01
STU03645,Math,Core,20,2024-01-01
STU03646,Math,Core,82,2024-01-01
STU03647,Math,Core,44,2024-01-01
STU03648,Math,Core,31,2024-01-01
STU03649,Math,Core,45,2024-01-01
STU03650,Math,Core,95,2024-01-01
STU03651,Math,Core,46,2024-01-01
STU03652,Math,Core,37,2024-01-01
STU03653,Math,Core,60,2024-01-01
STU03654,Math,Core,7,2024-01-01
STU03655,Math,Core,36,2024-01-01
STU03656,Math,Core,64,2024-01-01
STU03657,Math,Core,32,2024-01-01
STU03658,Math,Core,38,2024-01-01
STU03659,Math,Core,74,2024-01-01
STU03660,Math,Core,88,2024-01-01
STU03661,Math,Core,93,2024-01-01
STU03662,Math,Core,15,2024-01-01
STU03663,Math,Core,58,2024-01-01
STU03664,Math,Core,33,2024-01-01
STU03665,Math,Core,11,2024-01-01
STU03666,Math,Core,24,2024-01-01
STU03667,Math,Core,98,2024-01-01
STU03668,Math,Core,99,2024-01-01
STU03669,Math,Core,66,2024-01-01
STU03670,Math,Core,31,2024-01-01
STU03671,Math,Core,13,2024-01-01
STU03672,Math,Core,57,2024-01-01
STU03673,Math,Core,56,2024-01-01
STU03674,Math,Core,13,2024-01-01
STU03675,Math,Core,54,2024-01-01
STU03676,Math,Core,61,2024-01-01
STU03677,Math,Core,92,2024-01-01
STU03678,Math,Core,99,2024-01-01
STU03679,Math,Core,45,2024-01-01
STU03680,Math,Core,1,2024-01-01
STU03681,Math,Core,24,2024-01-01
STU03682,Math,Core,67,2024-01-01
STU03683,Math,Core,25,2024-01-01
STU03684,Math,Core,78,2024-01-01
STU03685,Math,Core,93,2024-01-01
STU03686,Math,Core,76,2024-01-01
STU03687,Math,Core,57,2024-01-01
STU03688,Math,Core,1,2024-01-01
STU03689,Math,Core,81,2024-01-01
STU03690,Math,Core,18,2024-01-01
STU03691,Math,Core,9,2024-01-01
STU03692,Math,Core,28,2024-01-01
STU03693,Math,Core,65,2024-01-01
STU03694,Math,Core,92,2024-01-01
STU03695,Math,Core,32,2024-01-01
STU03696,Math,Core,95,2024-01-01
STU03697,Math,Core,1,2024-01-01
STU03698,Math,Core,51,2024-01-01
STU03699,Math,Core,78,2024-01-01
STU03700,Math,Core,28,2024-01-01
STU03701,Math,Core,66,2024-01-01
STU03702,Math,Core,70,2024-01-01
STU03703,Math,Core,43,2024-01-01
STU03704,Math,Core,87,2024-01-01
STU03705,Math,Core,73,2024-01-01
STU03706,Math,Core,49,2024-01-01
STU03707,Math,Core,56,2024-01-01
STU03708,Math,Core,86,2024-01-01
STU03709,Math,Core,24,2024-01-01
STU03710,Math,Core,67,2024-01-01
STU03711,Math,Core,24,2024-01-01
STU03712,Math,Core,37,2024-01-01
STU03713,Math,Core,11,2024-01-01
STU03714,Math,Core,53,2024-01-01
STU03715,Math,Core,55,2024-01-01
STU03716,Math,Core,22,2024-01-01
STU03717,Math,Core,30,2024-01-01
STU03718,Math,Core,92,2024-01-01
STU03719,Math,Core,97,2024-01-01
STU03720,Math,Core,22,2024-01-01
STU03721,Math,Core,39,2024-01-01
STU03722,Math,Core,4,2024-01-01
STU03723,Math,Core,55,2024-01-01
STU03724,Math,Core,28,2024-01-01
STU03725,Math,Core,47,2024-01-01
STU03726,Math,Core,93,2024-01-01
STU03727,Math,Core,21,2024-01-01
STU03728,Math,Core,17,2024-01-01
STU03729,Math,Core,26,2024-01-01
STU03730,Math,Core,2,2024-01-01
STU03731,Math,Core,62,2024-01-01
STU03732,Math,Core,81,2024-01-01
STU03733,Math,Core,57,2024-01-01
STU03734,Math,Core,16,2024-01-01
STU03735,Math,Core,33,2024-01-01
STU03736,Math,Core,41,2024-01-01
STU03737,Math,Core,49,2024-01-01
STU03738,Math,Core,75,2024-01-01
STU03739,Math,Core,45,2024-01-01
STU03740,Math,Core,77,2024-01-01
STU03741,Math,Core,70,2024-01-01
STU03742,Math,Core,39,2024-01-01
STU03743,Math,Core,35,2024-01-01
STU03744,Math,Core,31,2024-01-01
STU03745,Math,Core,35,2024-01-01
STU03746,Math,Core,98,2024-01-01
STU03747,Math,Core,45,2024-01-01
STU03748,Math,Core,76,2024-01-01
STU03749,Math,Core,68,2024-01-01
STU03750,Math,Core,45,2024-01-01
STU03751,Math,Core,83,2024-01-01
STU03752,Math,Core,70,2024-01-01
STU03753,Math,Core,34,2024-01-01
STU03754,Math,Core,75,2024-01-01
STU03755,Math,Core,1,2024-01-01
STU03756,Math,Core,74,2024-01-01
STU03757,Math,Core,29,2024-01-01
STU03758,Math,Core,69,2024-01-01
STU03759,Math,Core,57,2024-01-01
STU03760,Math,Core,15,2024-01-01
STU03761,Math,Core,10,2024-01-01
STU03762,Math,Core,23,2024-01-01
STU03763,Math,Core,18,2024-01-01
STU03764,Math,Core,65,2024-01-01
STU03765,Math,Core,89,2024-01-01
STU03766,Math,Core,56,2024-01-01
STU03767,Math,Core,46,2024-01-01
STU03768,Math,Core,79,2024-01-01
STU03769,Math,Core,52,2024-01-01
STU03770,Math,Core,80,2024-01-01
STU03771,Math,Core,69,2024-01-01
STU03772,Math,Core,3,2024-01-01
STU03773,Math,Core,4,2024-01-01
STU03774,Math,Core,96,2024-01-01
STU03775,Math,Core,91,2024-01-01
STU03776,Math,Core,58,2024-01-01
STU03777,Math,Core,34,2024-01-01
STU03778,Math,Core,28,2024-01-01
STU03779,Math,Core,91,2024-01-01
STU03780,Math,Core,27,2024-01-01
STU03781,Math,Core,92,2024-01-01
STU03782,Math,Core,72,2024-01-01
STU03783,Math,Core,76,2024-01-01
STU03784,Math,Core,84,2024-01-01
STU03785,Math,Core,90,2024-01-01
STU03786,Math,Core,25,2024-01-01
STU03787,Math,Core,35,2024-01-01
STU03788,Math,Core,77,2024-01-01
STU03789,Math,Core,29,2024-01-01
STU03790,Math,Core,50,2024-01-01
STU03791,Math,Core,71,2024-01-01
STU03792,Math,Core,72,2024-01-01
STU03793,Math,Core,21,2024-01-01
STU03794,Math,Core,57,2024-01-01
STU03795,Math,Core,3,2024-01-01
STU03796,Math,Core,91,2024-01-01
STU03797,Math,Core,38,2024-01-01
STU03798,Math,Core,14,2024-01-01
STU03799,Math,Core,8,2024-01-01
STU03800,Math,Core,25,2024-01-01
STU03801,Math,Core,50,2024-01-01
STU03802,Math,Core,4,2024-01-01
STU03803,Math,Core,78,2024-01-01
STU03804,Math,Core,64,2024-01-01
STU03805,Math,Core,19,2024-01-01
STU03806,Math,Core,0,2024-01-01
STU03807,Math,Core,98,2024-01-01
STU03808,Math,Core,75,2024-01-01
STU03809,Math,Core,48,2024-01-01
STU03810,Math,Core,51,2024-01-01
STU03811,Math,Core,23,2024-01-01
STU03812,Math,Core,7,2024-01-01
STU03813,Math,Core,54,2024-01-01
STU03814,Math,Core,38,2024-01-01
STU03815,Math,Core,31,2024-01-01
STU03816,Math,Core,92,2024-01-01
STU03817,Math,Core,96,2024-01-01
STU03818,Math,Core,90,2024-01-01
STU03819,Math,Core,26,2024-01-01
STU03820,Math,Core,51,2024-01-01
STU03821,Math,Core,84,2024-01-01
STU03822,Math,Core,13,2024-01-01
STU03823,Math,Core,51,2024-01-01
STU03824,Math,Core,43,2024-01-01
STU03825,Math,Core,34,2024-01-01
STU03826,Math,Core,31,2024-01-01
STU03827,Math,Core,96,2024-01-01
STU03828,Math,Core,68,2024-01-01
STU03829,Math,Core,15,2024-01-01
STU03830,Math,Core,40,2024-01-01
STU03831,Math,Core,20,2024-01-01
STU03832,Math,Core,91,2024-01-01
STU03833,Math,Core,34,2024-01-01
STU03834,Math,Core,71,2024-01-01
STU03835,Math,Core,26,2024-01-01
STU03836,Math,Core,96,2024-01-01
STU03837,Math,Core,3,2024-01-01
STU03838,Math,Core,40,2024-01-01
STU03839,Math,Core,72,2024-01-01
STU03840,Math,Core,69,2024-01-01
STU03841,Math,Core,97,2024-01-01
STU03842,Math,Core,72,2024-01-01
STU03843,Math,Core,28,2024-01-01
STU03844,Math,Core,10,2024-01-01
STU03845,Math,Core,69,2024-01-01
STU03846,Math,Core,61,2024-01-01
STU03847,Math,Core,85,2024-01-01
STU03848,Math,Core,75,2024-01-01
STU03849,Math,Core,78,2024-01-01
STU03850,Math,Core,17,2024-01-01
STU03851,Math,Core,77,2024-01-01
STU03852,Math,Core,72,2024-01-01
STU03853,Math,Core,84,2024-01-01
STU03854,Math,Core,76,2024-01-01
STU03855,Math,Core,46,2024-01-01
STU03856,Math,Core,35,2024-01-01
STU03857,Math,Core,38,2024-01-01
STU03858,Math,Core,19,2024-01-01
STU03859,Math,Core,42,2024-01-01
STU03860,Math,Core,57,2024-01-01
STU03861,Math,Core,11,2024-01-01
STU03862,Math,Core,76,2024-01-01
STU03863,Math,Core,6,2024-01-01
STU03864,Math,Core,91,2024-01-01
STU03865,Math,Core,65,2024-01-01
STU03866,Math,Core,87,2024-01-01
STU03867,Math,Core,87,2024-01-01
STU03868,Math,Core,57,2024-01-01
STU03869,Math,Core,71,2024-01-01
STU03870,Math,Core,99,2024-01-01
STU03871,Math,Core,53,2024-01-01
STU03872,Math,Core,85,2024-01-01
STU03873,Math,Core,25,2024-01-01
STU03874,Math,Core,6,2024-01-01
STU03875,Math,Core,17,2024-01-01
STU03876,Math,Core,90,2024-01-01
STU03877,Math,Core,41,2024-01-01
STU03878,Math,Core,49,2024-01-01
STU03879,Math,Core,96,2024-01-01
STU03880,Math,Core,7,2024-01-01
STU03881,Math,Core,51,2024-01-01
STU03882,Math,Core,30,2024-01-01
STU03883,Math,Core,82,2024-01-01
STU03884,Math,Core,20,2024-01-01
STU03885,Math,Core,16,2024-01-01
STU03886,Math,Core,5,2024-01-01
STU03887,Math,Core,97,2024-01-01
STU03888,Math,Core,88,2024-01-01
STU03889,Math,Core,81,2024-01-01
STU03890,Math,Core,52,2024-01-01
STU03891,Math,Core,34,2024-01-01
STU03892,Math,Core,31,2024-01-01
STU03893,Math,Core,12,2024-01-01
STU03894,Math,Core,76,2024-01-01
STU03895,Math,Core,56,2024-01-01
STU03896,Math,Core,98,2024-01-01
STU03897,Math,Core,33,2024-01-01
STU03898,Math,Core,61,2024-01-01
STU03899,Math,Core,9,2024-01-01
STU03900,Math,Core,52,2024-01-01
STU03901,Math,Core,6,2024-01-01
STU03902,Math,Core,70,2024-01-01
STU03903,Math,Core,88,2024-01-01
STU03904,Math,Core,68,2024-01-01
STU03905,Math,Core,62,2024-01-01
STU03906,Math,Core,50,2024-01-01
STU03907,Math,Core,61,2024-01-01
STU03908,Math,Core,55,2024-01-01
STU03909,Math,Core,61,2024-01-01
STU03910,Math,Core,47,2024-01-01
STU03911,Math,Core,79,2024-01-01
STU03912,Math,Core,15,2024-01-01
STU03913,Math,Core,48,2024-01-01
STU03914,Math,Core,32,2024-01-01
STU03915,Math,Core,30,2024-01-01
STU03916,Math,Core,40,2024-01-01
STU03917,Math,Core,60,2024-01-01
STU03918,Math,Core,0,2024-01-01
STU03919,Math,Core,47,2024-01-01
STU03920,Math,Core,67,2024-01-01
STU03921,Math,Core,20,2024-01-01
STU03922,Math,Core,10,2024-01-01
STU03923,Math,Core,89,2024-01-01
STU03924,Math,Core,16,2024-01-01
STU03925,Math,Core,25,2024-01-01
STU03926,Math,Core,26,2024-01-01
STU03927,Math,Core,36,2024-01-01
STU03928,Math,Core,0,2024-01-01
STU03929,Math,Core,45,2024-01-01
STU03930,Math,Core,2,2024-01-01
STU03931,Math,Core,29,2024-01-01
STU03932,Math,Core,95,2024-01-01
STU03933,Math,Core,35,2024-01-01
STU03934,Math,Core,100,2024-01-01
STU03935,Math,Core,98,2024-01-01
STU03936,Math,Core,27,2024-01-01
STU03937,Math,Core,83,2024-01-01
STU03938,Math,Core,24,2024-01-01
STU03939,Math,Core,23,2024-01-01
STU03940,Math,Core,83,2024-01-01
STU03941,Math,Core,26,2024-01-01
STU03942,Math,Core,65,2024-01-01
STU03943,Math,Core,3,2024-01-01
STU03944,Math,Core,35,2024-01-01
STU03945,Math,Core,95,2024-01-01
STU03946,Math,Core,73,2024-01-01
STU03947,Math,Core,42,2024-01-01
STU03948,Math,Core,54,2024-01-01
STU03949,Math,Core,36,2024-01-01
STU03950,Math,Core,85,2024-01-01
STU03951,Math,Core,51,2024-01-01
STU03952,Math,Core,28,2024-01-01
STU03953,Math,Core,90,2024-01-01
STU03954,Math,Core,27,2024-01-01
STU03955,Math,Core,25,2024-01-01
STU03956,Math,Core,79,2024-01-01
STU03957,Math,Core,34,2024-01-01
STU03958,Math,Core,68,2024-01-01
STU03959,Math,Core,6,2024-01-01
STU03960,Math,Core,60,2024-01-01
STU03961,Math,Core,20,2024-01-01
STU03962,Math,Core,12,2024-01-01
STU03963,Math,Core,27,2024-01-01
STU03964,Math,Core,23,2024-01-01
STU03965,Math,Core,99,2024-01-01
STU03966,Math,Core,57,2024-01-01
STU03967,Math,Core,20,2024-01-01
STU03968,Math,Core,4,2024-01-01
STU03969,Math,Core,36,2024-01-01
STU03970,Math,Core,66,2024-01-01
STU03971,Math,Core,10,2024-01-01
STU03972,Math,Core,12,2024-01-01
STU03973,Math,Core,58,2024-01-01
STU03974,Math,Core,46,2024-01-01
STU03975,Math,Core,72,2024-01-01
STU03976,Math,Core,93,2024-01-01
STU03977,Math,Core,27,2024-01-01
STU03978,Math,Core,29,2024-01-01
STU03979,Math,Core,49,2024-01-01
STU03980,Math,Core,20,2024-01-01
STU03981,Math,Core,93,2024-01-01
STU03982,Math,Core,95,2024-01-01
STU03983,Math,Core,30,2024-01-01
STU03984,Math,Core,56,2024-01-01
STU03985,Math,Core,23,2024-01-01
STU03986,Math,Core,79,2024-01-01
STU03987,Math,Core,91,2024-01-01
STU03988,Math,Core,27,2024-01-01
STU03989,Math,Core,3,2024-01-01
STU03990,Math,Core,13,2024-01-01
STU03991,Math,Core,27,2024-01-01
STU03992,Math,Core,42,2024-01-01
STU03993,Math,Core,25,2024-01-01
STU03994,Math,Core,5,2024-01-01
STU03995,Math,Core,61,2024-01-01
STU03996,Math,Core,45,2024-01-01
STU03997,Math,Core,92,2024-01-01
STU03998,Math,Core,79,2024-01-01
STU03999,Math,Core,5,2024-01-01
STU04000,Math,Core,67,2024-01-01
STU04001,Math,Core,11,2024-01-01
STU04002,Math,Core,44,2024-01-01
STU04003,Math,Core,23,2024-01-01
STU04004,Math,Core,41,2024-01-01
STU04005,Math,Core,57,2024-01-01
STU04006,Math,Core,59,2024-01-01
STU04007,Math,Core,1,2024-01-01
STU04008,Math,Core,53,2024-01-01
STU04009,Math,Core,58,2024-01-01
STU04010,Math,Core,97,2024-01-01
STU04011,Math,Core,39,2024-01-01
STU04012,Math,Core,48,2024-01-01
STU04013,Math,Core,77,2024-01-01
STU04014,Math,Core,66,2024-01-01
STU04015,Math,Core,15,2024-01-01
STU04016,Math,Core,38,2024-01-01
STU04017,Math,Core,5,2024-01-01
STU04018,Math,Core,14,2024-01-01
STU04019,Math,Core,32,2024-01-01
STU04020,Math,Core,55,2024-01-01
STU04021,Math,Core,82,2024-01-01
STU04022,Math,Core,59,2024-01-01
STU04023,Math,Core,38,2024-01-01
STU04024,Math,Core,10,2024-01-01
STU04025,Math,Core,33,2024-01-01
STU04026,Math,Core,58,2024-01-01
STU04027,Math,Core,25,2024-01-01
STU04028,Math,Core,70,2024-01-01
STU04029,Math,Core,82,2024-01-01
STU04030,Math,Core,42,2024-01-01
STU04031,Math,Core,8,2024-01-01
STU04032,Math,Core,44,2024-01-01
STU04033,Math,Core,85,2024-01-01
STU04034,Math,Core,68,2024-01-01
STU04035,Math,Core,33,2024-01-01
STU04036,Math,Core,97,2024-01-01
STU04037,Math,Core,78,2024-01-01
STU04038,Math,Core,48,2024-01-01
STU04039,Math,Core,84,2024-01-01
STU04040,Math,Core,88,2024-01-01
STU04041,Math,Core,48,2024-01-01
STU04042,Math,Core,50,2024-01-01
STU04043,Math,Core,91,2024-01-01
STU04044,Math,Core,54,2024-01-01
STU04045,Math,Core,32,2024-01-01
STU04046,Math,Core,94,2024-01-01
STU04047,Math,Core,76,2024-01-01
STU04048,Math,Core,88,2024-01-01
STU04049,Math,Core,11,2024-01-01
STU04050,Math,Core,70,2024-01-01
STU04051,Math,Core,34,2024-01-01
STU04052,Math,Core,39,2024-01-01
STU04053,Math,Core,74,2024-01-01
STU04054,Math,Core,1,2024-01-01
STU04055,Math,Core,72,2024-01-01
STU04056,Math,Core,31,2024-01-01
STU04057,Math,Core,35,2024-01-01
STU04058,Math,Core,80,2024-01-01
STU04059,Math,Core,41,2024-01-01
STU04060,Math,Core,3,2024-01-01
STU04061,Math,Core,71,2024-01-01
STU04062,Math,Core,0,2024-01-01
STU04063,Math,Core,48,2024-01-01
STU04064,Math,Core,75,2024-01-01
STU04065,Math,Core,92,2024-01-01
STU04066,Math,Core,41,2024-01-01
STU04067,Math,Core,85,2024-01-01
STU04068,Math,Core,31,2024-01-01
STU04069,Math,Core,75,2024-01-01
STU04070,Math,Core,85,2024-01-01
STU04071,Math,Core,89,2024-01-01
STU04072,Math,Core,44,2024-01-01
STU04073,Math,Core,31,2024-01-01
STU04074,Math,Core,67,2024-01-01
STU04075,Math,Core,25,2024-01-01
STU04076,Math,Core,81,2024-01-01
STU04077,Math,Core,61,2024-01-01
STU04078,Math,Core,5,2024-01-01
STU04079,Math,Core,47,2024-01-01
STU04080,Math,Core,29,2024-01-01
STU04081,Math,Core,35,2024-01-01
STU04082,Math,Core,67,2024-01-01
STU04083,Math,Core,58,2024-01-01
STU04084,Math,Core,75,2024-01-01
STU04085,Math,Core,59,2024-01-01
STU04086,Math,Core,50,2024-01-01
STU04087,Math,Core,97,2024-01-01
STU04088,Math,Core,5,2024-01-01
STU04089,Math,Core,77,2024-01-01
STU04090,Math,Core,13,2024-01-01
STU04091,Math,Core,47,2024-01-01
STU04092,Math,Core,67,2024-01-01
STU04093,Math,Core,22,2024-01-01
STU04094,Math,Core,94,2024-01-01
STU04095,Math,Core,26,2024-01-01
STU04096,Math,Core,85,2024-01-01
STU04097,Math,Core,37,2024-01-01
STU04098,Math,Core,18,2024-01-01
STU04099,Math,Core,22,2024-01-01
STU04100,Math,Core,11,2024-01-01
STU04101,Math,Core,72,2024-01-01
STU04102,Math,Core,49,2024-01-01
STU04103,Math,Core,71,2024-01-01
STU04104,Math,Core,0,2024-01-01
STU04105,Math,Core,3,2024-01-01
STU04106,Math,Core,18,2024-01-01
STU04107,Math,Core,18,2024-01-01
STU04108,Math,Core,23,2024-01-01
STU04109,Math,Core,70,2024-01-01
STU04110,Math,Core,39,2024-01-01
STU04111,Math,Core,96,2024-01-01
STU04112,Math,Core,1,2024-01-01
STU04113,Math,Core,82,2024-01-01
STU04114,Math,Core,49,2024-01-01
STU04115,Math,Core,44,2024-01-01
STU04116,Math,Core,97,2024-01-01
STU04117,Math,Core,10,2024-01-01
STU04118,Math,Core,31,2024-01-01
STU04119,Math,Core,93,2024-01-01
STU04120,Math,Core,73,2024-01-01
STU04121,Math,Core,65,2024-01-01
STU04122,Math,Core,94,2024-01-01
STU04123,Math,Core,21,2024-01-01
STU04124,Math,Core,40,2024-01-01
STU04125,Math,Core,91,2024-01-01
STU04126,Math,Core,16,2024-01-01
STU04127,Math,Core,77,2024-01-01
STU04128,Math,Core,90,2024-01-01
STU04129,Math,Core,66,2024-01-01
STU04130,Math,Core,72,2024-01-01
STU04131,Math,Core,54,2024-01-01
STU04132,Math,Core,91,2024-01-01
STU04133,Math,Core,73,2024-01-01
STU04134,Math,Core,60,2024-01-01
STU04135,Math,Core,19,2024-01-01
STU04136,Math,Core,62,2024-01-01
STU04137,Math,Core,8,2024-01-01
STU04138,Math,Core,7,2024-01-01
STU04139,Math,Core,68,2024-01-01
STU04140,Math,Core,9,2024-01-01
STU04141,Math,Core,18,2024-01-01
STU04142,Math,Core,29,2024-01-01
STU04143,Math,Core,84,2024-01-01
STU04144,Math,Core,56,2024-01-01
STU04145,Math,Core,4,2024-01-01
STU04146,Math,Core,75,2024-01-01
STU04147,Math,Core,69,2024-01-01
STU04148,Math,Core,5,2024-01-01
STU04149,Math,Core,16,2024-01-01
STU04150,Math,Core,99,2024-01-01
STU04151,Math,Core,34,2024-01-01
STU04152,Math,Core,27,2024-01-01
STU04153,Math,Core,52,2024-01-01
STU04154,Math,Core,36,2024-01-01
STU04155,Math,Core,29,2024-01-01
STU04156,Math,Core,66,2024-01-01
STU04157,Math,Core,49,2024-01-01
STU04158,Math,Core,24,2024-01-01
STU04159,Math,Core,38,2024-01-01
STU04160,Math,Core,68,2024-01-01
STU04161,Math,Core,30,2024-01-01
STU04162,Math,Core,87,2024-01-01
STU04163,Math,Core,60,2024-01-01
STU04164,Math,Core,0,2024-01-01
STU04165,Math,Core,50,2024-01-01
STU04166,Math,Core,20,2024-01-01
STU04167,Math,Core,88,2024-01-01
STU04168,Math,Core,96,2024-01-01
STU04169,Math,Core,50,2024-01-01
STU04170,Math,Core,90,2024-01-01
STU04171,Math,Core,15,2024-01-01
STU04172,Math,Core,61,2024-01-01
STU04173,Math,Core,84,2024-01-01
STU04174,Math,Core,97,2024-01-01
STU04175,Math,Core,14,2024-01-01
STU04176,Math,Core,7,2024-01-01
STU04177,Math,Core,82,2024-01-01
STU04178,Math,Core,86,2024-01-01
STU04179,Math,Core,36,2024-01-01
STU04180,Math,Core,88,2024-01-01
STU04181,Math,Core,13,2024-01-01
STU04182,Math,Core,77,2024-01-01
STU04183,Math,Core,64,2024-01-01
STU04184,Math,Core,82,2024-01-01
STU04185,Math,Core,48,2024-01-01
STU04186,Math,Core,78,2024-01-01
STU04187,Math,Core,75,2024-01-01
STU04188,Math,Core,78,2024-01-01
STU04189,Math,Core,21,2024-01-01
STU04190,Math,Core,71,2024-01-01
STU04191,Math,Core,31,2024-01-01
STU04192,Math,Core,71,2024-01-01
STU04193,Math,Core,66,2024-01-01
STU04194,Math,Core,80,2024-01-01
STU04195,Math,Core,43,2024-01-01
STU04196,Math,Core,67,2024-01-01
STU04197,Math,Core,21,2024-01-01
STU04198,Math,Core,3,2024-01-01
STU04199,Math,Core,87,2024-01-01
STU04200,Math,Core,21,2024-01-01
STU04201,Math,Core,62,2024-01-01
STU04202,Math,Core,8,2024-01-01
STU04203,Math,Core,65,2024-01-01
STU04204,Math,Core,12,2024-01-01
STU04205,Math,Core,97,2024-01-01
STU04206,Math,Core,86,2024-01-01
STU04207,Math,Core,3,2024-01-01
STU04208,Math,Core,11,2024-01-01
STU04209,Math,Core,0,2024-01-01
STU04210,Math,Core,55,2024-01-01
STU04211,Math,Core,45,2024-01-01
STU04212,Math,Core,96,2024-01-01
STU04213,Math,Core,85,2024-01-01
STU04214,Math,Core,19,2024-01-01
STU04215,Math,Core,69,2024-01-01
STU04216,Math,Core,57,2024-01-01
STU04217,Math,Core,8,2024-01-01
STU04218,Math,Core,87,2024-01-01
STU04219,Math,Core,46,2024-01-01
STU04220,Math,Core,51,2024-01-01
STU04221,Math,Core,47,2024-01-01
STU04222,Math,Core,4,2024-01-01
STU04223,Math,Core,24,2024-01-01
STU04224,Math,Core,82,2024-01-01
STU04225,Math,Core,24,2024-01-01
STU04226,Math,Core,68,2024-01-01
STU04227,Math,Core,64,2024-01-01
STU04228,Math,Core,51,2024-01-01
STU04229,Math,Core,29,2024-01-01
STU04230,Math,Core,87,2024-01-01
STU04231,Math,Core,3,2024-01-01
STU04232,Math,Core,3,2024-01-01
STU04233,Math,Core,78,2024-01-01
STU04234,Math,Core,64,2024-01-01
STU04235,Math,Core,7,2024-01-01
STU04236,Math,Core,3,2024-01-01
STU04237,Math,Core,86,2024-01-01
STU04238,Math,Core,75,2024-01-01
STU04239,Math,Core,100,2024-01-01
STU04240,Math,Core,61,2024-01-01
STU04241,Math,Core,48,2024-01-01
STU04242,Math,Core,57,2024-01-01
STU04243,Math,Core,23,2024-01-01
STU04244,Math,Core,95,2024-01-01
STU04245,Math,Core,2,2024-01-01
STU04246,Math,Core,18,2024-01-01
STU04247,Math,Core,62,2024-01-01
STU04248,Math,Core,57,2024-01-01
STU04249,Math,Core,86,2024-01-01
STU04250,Math,Core,58,2024-01-01
STU04251,Math,Core,30,2024-01-01
STU04252,Math,Core,54,2024-01-01
STU04253,Math,Core,77,2024-01-01
STU04254,Math,Core,79,2024-01-01
STU04255,Math,Core,67,2024-01-01
STU04256,Math,Core,89,2024-01-01
STU04257,Math,Core,73,2024-01-01
STU04258,Math,Core,98,2024-01-01
STU04259,Math,Core,39,2024-01-01
STU04260,Math,Core,67,2024-01-01
STU04261,Math,Core,45,2024-01-01
STU04262,Math,Core,34,2024-01-01
STU04263,Math,Core,39,2024-01-01
STU04264,Math,Core,56,2024-01-01
STU04265,Math,Core,64,2024-01-01
STU04266,Math,Core,78,2024-01-01
STU04267,Math,Core,23,2024-01-01
STU04268,Math,Core,66,2024-01-01
STU04269,Math,Core,2,2024-01-01
STU04270,Math,Core,55,2024-01-01
STU04271,Math,Core,28,2024-01-01
STU04272,Math,Core,14,2024-01-01
STU04273,Math,Core,8,2024-01-01
STU04274,Math,Core,75,2024-01-01
STU04275,Math,Core,57,2024-01-01
STU04276,Math,Core,71,2024-01-01
STU04277,Math,Core,3,2024-01-01
STU04278,Math,Core,39,2024-01-01
STU04279,Math,Core,55,2024-01-01
STU04280,Math,Core,57,2024-01-01
STU04281,Math,Core,22,2024-01-01
STU04282,Math,Core,8,2024-01-01
STU04283,Math,Core,17,2024-01-01
STU04284,Math,Core,48,2024-01-01
STU04285,Math,Core,9,2024-01-01
STU04286,Math,Core,17,2024-01-01
STU04287,Math,Core,14,2024-01-01
STU04288,Math,Core,50,2024-01-01
STU04289,Math,Core,96,2024-01-01
STU04290,Math,Core,94,2024-01-01
STU04291,Math,Core,98,2024-01-01
STU04292,Math,Core,32,2024-01-01
STU04293,Math,Core,9,2024-01-01
STU04294,Math,Core,12,2024-01-01
STU04295,Math,Core,80,2024-01-01
STU04296,Math,Core,92,2024-01-01
STU04297,Math,Core,68,2024-01-01
STU04298,Math,Core,96,2024-01-01
STU04299,Math,Core,25,2024-01-01
STU04300,Math,Core,49,2024-01-01
STU04301,Math,Core,50,2024-01-01
STU04302,Math,Core,91,2024-01-01
STU04303,Math,Core,57,2024-01-01
STU04304,Math,Core,31,2024-01-01
STU04305,Math,Core,72,2024-01-01
STU04306,Math,Core,56,2024-01-01
STU04307,Math,Core,31,2024-01-01
STU04308,Math,Core,67,2024-01-01
STU04309,Math,Core,42,2024-01-01
STU04310,Math,Core,6,2024-01-01
STU04311,Math,Core,74,2024-01-01
STU04312,Math,Core,89,2024-01-01
STU04313,Math,Core,77,2024-01-01
STU04314,Math,Core,22,2024-01-01
STU04315,Math,Core,48,2024-01-01
STU04316,Math,Core,20,2024-01-01
STU04317,Math,Core,93,2024-01-01
STU04318,Math,Core,46,2024-01-01
STU04319,Math,Core,17,2024-01-01
STU04320,Math,Core,90,2024-01-01
STU04321,Math,Core,24,2024-01-01
STU04322,Math,Core,30,2024-01-01
STU04323,Math,Core,37,2024-01-01
STU04324,Math,Core,100,2024-01-01
STU04325,Math,Core,94,2024-01-01
STU04326,Math,Core,67,2024-01-01
STU04327,Math,Core,86,2024-01-01
STU04328,Math,Core,19,2024-01-01
STU04329,Math,Core,47,2024-01-01
STU04330,Math,Core,96,2024-01-01
STU04331,Math,Core,61,2024-01-01
STU04332,Math,Core,8,2024-01-01
STU04333,Math,Core,59,2024-01-01
STU04334,Math,Core,50,2024-01-01
STU04335,Math,Core,10,2024-01-01
STU04336,Math,Core,53,2024-01-01
STU04337,Math,Core,41,2024-01-01
STU04338,Math,Core,27,2024-01-01
STU04339,Math,Core,29,2024-01-01
STU04340,Math,Core,18,2024-01-01
STU04341,Math,Core,40,2024-01-01
STU04342,Math,Core,77,2024-01-01
STU04343,Math,Core,27,2024-01-01
STU04344,Math,Core,95,2024-01-01
STU04345,Math,Core,59,2024-01-01
STU04346,Math,Core,35,2024-01-01
STU04347,Math,Core,10,2024-01-01
STU04348,Math,Core,35,2024-01-01
STU04349,Math,Core,84,2024-01-01
STU04350,Math,Core,63,2024-01-01
STU04351,Math,Core,3,2024-01-01
STU04352,Math,Core,58,2024-01-01
STU04353,Math,Core,6,2024-01-01
STU04354,Math,Core,96,2024-01-01
STU04355,Math,Core,65,2024-01-01
STU04356,Math,Core,81,2024-01-01
STU04357,Math,Core,6,2024-01-01
STU04358,Math,Core,65,2024-01-01
STU04359,Math,Core,6,2024-01-01
STU04360,Math,Core,45,2024-01-01
STU04361,Math,Core,7,2024-01-01
STU04362,Math,Core,20,2024-01-01
STU04363,Math,Core,74,2024-01-01
STU04364,Math,Core,32,2024-01-01
STU04365,Math,Core,4,2024-01-01
STU04366,Math,Core,80,2024-01-01
STU04367,Math,Core,10,2024-01-01
STU04368,Math,Core,54,2024-01-01
STU04369,Math,Core,92,2024-01-01
STU04370,Math,Core,73,2024-01-01
STU04371,Math,Core,82,2024-01-01
STU04372,Math,Core,49,2024-01-01
STU04373,Math,Core,21,2024-01-01
STU04374,Math,Core,29,2024-01-01
STU04375,Math,Core,61,2024-01-01
STU04376,Math,Core,87,2024-01-01
STU04377,Math,Core,22,2024-01-01
STU04378,Math,Core,34,2024-01-01
STU04379,Math,Core,15,2024-01-01
STU04380,Math,Core,86,2024-01-01
STU04381,Math,Core,64,2024-01-01
STU04382,Math,Core,2,2024-01-01
STU04383,Math,Core,67,2024-01-01
STU04384,Math,Core,62,2024-01-01
STU04385,Math,Core,61,2024-01-01
STU04386,Math,Core,73,2024-01-01
STU04387,Math,Core,38,2024-01-01
STU04388,Math,Core,52,2024-01-01
STU04389,Math,Core,75,2024-01-01
STU04390,Math,Core,91,2024-01-01
STU04391,Math,Core,94,2024-01-01
STU04392,Math,Core,91,2024-01-01
STU04393,Math,Core,83,2024-01-01
STU04394,Math,Core,23,2024-01-01
STU04395,Math,Core,92,2024-01-01
STU04396,Math,Core,30,2024-01-01
STU04397,Math,Core,63,2024-01-01
STU04398,Math,Core,48,2024-01-01
STU04399,Math,Core,73,2024-01-01
STU04400,Math,Core,95,2024-01-01
STU04401,Math,Core,24,2024-01-01
STU04402,Math,Core,40,2024-01-01
STU04403,Math,Core,32,2024-01-01
STU04404,Math,Core,64,2024-01-01
STU04405,Math,Core,36,2024-01-01
STU04406,Math,Core,82,2024-01-01
STU04407,Math,Core,24,2024-01-01
STU04408,Math,Core,8,2024-01-01
STU04409,Math,Core,7,2024-01-01
STU04410,Math,Core,22,2024-01-01
STU04411,Math,Core,59,2024-01-01
STU04412,Math,Core,66,2024-01-01
STU04413,Math,Core,32,2024-01-01
STU04414,Math,Core,35,2024-01-01
STU04415,Math,Core,99,2024-01-01
STU04416,Math,Core,55,2024-01-01
STU04417,Math,Core,78,2024-01-01
STU04418,Math,Core,41,2024-01-01
STU04419,Math,Core,65,2024-01-01
STU04420,Math,Core,21,2024-01-01
STU04421,Math,Core,47,2024-01-01
STU04422,Math,Core,80,2024-01-01
STU04423,Math,Core,58,2024-01-01
STU04424,Math,Core,51,2024-01-01
STU04425,Math,Core,34,2024-01-01
STU04426,Math,Core,74,2024-01-01
STU04427,Math,Core,53,2024-01-01
STU04428,Math,Core,61,2024-01-01
STU04429,Math,Core,16,2024-01-01
STU04430,Math,Core,71,2024-01-01
STU04431,Math,Core,48,2024-01-01
STU04432,Math,Core,22,2024-01-01
STU04433,Math,Core,39,2024-01-01
STU04434,Math,Core,18,2024-01-01
STU04435,Math,Core,55,2024-01-01
STU04436,Math,Core,5,2024-01-01
STU04437,Math,Core,67,2024-01-01
STU04438,Math,Core,90,2024-01-01
STU04439,Math,Core,53,2024-01-01
STU04440,Math,Core,96,2024-01-01
STU04441,Math,Core,78,2024-01-01
STU04442,Math,Core,13,2024-01-01
STU04443,Math,Core,25,2024-01-01
STU04444,Math,Core,98,2024-01-01
STU04445,Math,Core,82,2024-01-01
STU04446,Math,Core,32,2024-01-01
STU04447,Math,Core,69,2024-01-01
STU04448,Math,Core,28,2024-01-01
STU04449,Math,Core,12,2024-01-01
STU04450,Math,Core,47,2024-01-01
STU04451,Math,Core,29,2024-01-01
STU04452,Math,Core,79,2024-01-01
STU04453,Math,Core,4,2024-01-01
STU04454,Math,Core,42,2024-01-01
STU04455,Math,Core,40,2024-01-01
STU04456,Math,Core,33,2024-01-01
STU04457,Math,Core,16,2024-01-01
STU04458,Math,Core,3,2024-01-01
STU04459,Math,Core,17,2024-01-01
STU04460,Math,Core,89,2024-01-01
STU04461,Math,Core,61,2024-01-01
STU04462,Math,Core,38,2024-01-01
STU04463,Math,Core,91,2024-01-01
STU04464,Math,Core,41,2024-01-01
STU04465,Math,Core,40,2024-01-01
STU04466,Math,Core,68,2024-01-01
STU04467,Math,Core,98,2024-01-01
STU04468,Math,Core,73,2024-01-01
STU04469,Math,Core,5,2024-01-01
STU04470,Math,Core,99,2024-01-01
STU04471,Math,Core,42,2024-01-01
STU04472,Math,Core,78,2024-01-01
STU04473,Math,Core,97,2024-01-01
STU04474,Math,Core,6,2024-01-01
STU04475,Math,Core,47,2024-01-01
STU04476,Math,Core,27,2024-01-01
STU04477,Math,Core,100,2024-01-01
STU04478,Math,Core,30,2024-01-01
STU04479,Math,Core,18,2024-01-01
STU04480,Math,Core,30,2024-01-01
STU04481,Math,Core,11,2024-01-01
STU04482,Math,Core,9,2024-01-01
STU04483,Math,Core,78,2024-01-01
STU04484,Math,Core,3,2024-01-01
STU04485,Math,Core,19,2024-01-01
STU04486,Math,Core,47,2024-01-01
STU04487,Math,Core,13,2024-01-01
STU04488,Math,Core,36,2024-01-01
STU04489,Math,Core,34,2024-01-01
STU04490,Math,Core,11,2024-01-01
STU04491,Math,Core,69,2024-01-01
STU04492,Math,Core,78,2024-01-01
STU04493,Math,Core,30,2024-01-01
STU04494,Math,Core,51,2024-01-01
STU04495,Math,Core,15,2024-01-01
STU04496,Math,Core,21,2024-01-01
STU04497,Math,Core,16,2024-01-01
STU04498,Math,Core,28,2024-01-01
STU04499,Math,Core,64,2024-01-01
STU04500,Math,Core,67,2024-01-01
STU04501,Math,Core,66,2024-01-01
STU04502,Math,Core,86,2024-01-01
STU04503,Math,Core,60,2024-01-01
STU04504,Math,Core,77,2024-01-01
STU04505,Math,Core,4,2024-01-01
STU04506,Math,Core,5,2024-01-01
STU04507,Math,Core,98,2024-01-01
STU04508,Math,Core,71,2024-01-01
STU04509,Math,Core,48,2024-01-01
STU04510,Math,Core,62,2024-01-01
STU04511,Math,Core,99,2024-01-01
STU04512,Math,Core,57,2024-01-01
STU04513,Math,Core,66,2024-01-01
STU04514,Math,Core,1,2024-01-01
STU04515,Math,Core,32,2024-01-01
STU04516,Math,Core,92,2024-01-01
STU04517,Math,Core,92,2024-01-01
STU04518,Math,Core,5,2024-01-01
STU04519,Math,Core,100,2024-01-01
STU04520,Math,Core,11,2024-01-01
STU04521,Math,Core,97,2024-01-01
STU04522,Math,Core,85,2024-01-01
STU04523,Math,Core,68,2024-01-01
STU04524,Math,Core,15,2024-01-01
STU04525,Math,Core,87,2024-01-01
STU04526,Math,Core,33,2024-01-01
STU04527,Math,Core,76,2024-01-01
STU04528,Math,Core,53,2024-01-01
STU04529,Math,Core,33,2024-01-01
STU04530,Math,Core,45,2024-01-01
STU04531,Math,Core,64,2024-01-01
STU04532,Math,Core,40,2024-01-01
STU04533,Math,Core,0,2024-01-01
STU04534,Math,Core,19,2024-01-01
STU04535,Math,Core,16,2024-01-01
STU04536,Math,Core,46,2024-01-01
STU04537,Math,Core,3,2024-01-01
STU04538,Math,Core,14,2024-01-01
STU04539,Math,Core,51,2024-01-01
STU04540,Math,Core,54,2024-01-01
STU04541,Math,Core,96,2024-01-01
STU04542,Math,Core,50,2024-01-01
STU04543,Math,Core,20,2024-01-01
STU04544,Math,Core,33,2024-01-01
STU04545,Math,Core,8,2024-01-01
STU04546,Math,Core,39,2024-01-01
STU04547,Math,Core,98,2024-01-01
STU04548,Math,Core,4,2024-01-01
STU04549,Math,Core,43,2024-01-01
STU04550,Math,Core,19,2024-01-01
STU04551,Math,Core,30,2024-01-01
STU04552,Math,Core,97,2024-01-01
STU04553,Math,Core,33,2024-01-01
STU04554,Math,Core,6,2024-01-01
STU04555,Math,Core,40,2024-01-01
STU04556,Math,Core,42,2024-01-01
STU04557,Math,Core,1,2024-01-01
STU04558,Math,Core,18,2024-01-01
STU04559,Math,Core,51,2024-01-01
STU04560,Math,Core,66,2024-01-01
STU04561,Math,Core,59,2024-01-01
STU04562,Math,Core,65,2024-01-01
STU04563,Math,Core,62,2024-01-01
STU04564,Math,Core,33,2024-01-01
STU04565,Math,Core,29,2024-01-01
STU04566,Math,Core,9,2024-01-01
STU04567,Math,Core,15,2024-01-01
STU04568,Math,Core,42,2024-01-01
STU04569,Math,Core,6,2024-01-01
STU04570,Math,Core,75,2024-01-01
STU04571,Math,Core,39,2024-01-01
STU04572,Math,Core,83,2024-01-01
STU04573,Math,Core,30,2024-01-01
STU04574,Math,Core,73,2024-01-01
STU04575,Math,Core,51,2024-01-01
STU04576,Math,Core,1,2024-01-01
STU04577,Math,Core,33,2024-01-01
STU04578,Math,Core,34,2024-01-01
STU04579,Math,Core,99,2024-01-01
STU04580,Math,Core,72,2024-01-01
STU04581,Math,Core,72,2024-01-01
STU04582,Math,Core,7,2024-01-01
STU04583,Math,Core,41,2024-01-01
STU04584,Math,Core,100,2024-01-01
STU04585,Math,Core,32,2024-01-01
STU04586,Math,Core,75,2024-01-01
STU04587,Math,Core,67,2024-01-01
STU04588,Math,Core,44,2024-01-01
STU04589,Math,Core,25,2024-01-01
STU04590,Math,Core,7,2024-01-01
STU04591,Math,Core,74,2024-01-01
STU04592,Math,Core,63,2024-01-01
STU04593,Math,Core,3,2024-01-01
STU04594,Math,Core,99,2024-01-01
STU04595,Math,Core,71,2024-01-01
STU04596,Math,Core,82,2024-01-01
STU04597,Math,Core,62,2024-01-01
STU04598,Math,Core,36,2024-01-01
STU04599,Math,Core,55,2024-01-01
STU04600,Math,Core,70,2024-01-01
STU04601,Math,Core,92,2024-01-01
STU04602,Math,Core,45,2024-01-01
STU04603,Math,Core,2,2024-01-01
STU04604,Math,Core,97,2024-01-01
STU04605,Math,Core,0,2024-01-01
STU04606,Math,Core,91,2024-01-01
STU04607,Math,Core,23,2024-01-01
STU04608,Math,Core,30,2024-01-01
STU04609,Math,Core,48,2024-01-01
STU04610,Math,Core,30,2024-01-01
STU04611,Math,Core,36,2024-01-01
STU04612,Math,Core,17,2024-01-01
STU04613,Math,Core,42,2024-01-01
STU04614,Math,Core,54,2024-01-01
STU04615,Math,Core,84,2024-01-01
STU04616,Math,Core,86,2024-01-01
STU04617,Math,Core,16,2024-01-01
STU04618,Math,Core,50,2024-01-01
STU04619,Math,Core,93,2024-01-01
STU04620,Math,Core,47,2024-01-01
STU04621,Math,Core,23,2024-01-01
STU04622,Math,Core,3,2024-01-01
STU04623,Math,Core,93,2024-01-01
STU04624,Math,Core,22,2024-01-01
STU04625,Math,Core,60,2024-01-01
STU04626,Math,Core,41,2024-01-01
STU04627,Math,Core,34,2024-01-01
STU04628,Math,Core,10,2024-01-01
STU04629,Math,Core,38,2024-01-01
STU04630,Math,Core,42,2024-01-01
STU04631,Math,Core,9,2024-01-01
STU04632,Math,Core,86,2024-01-01
STU04633,Math,Core,61,2024-01-01
STU04634,Math,Core,25,2024-01-01
STU04635,Math,Core,79,2024-01-01
STU04636,Math,Core,55,2024-01-01
STU04637,Math,Core,61,2024-01-01
STU04638,Math,Core,6,2024-01-01
STU04639,Math,Core,21,2024-01-01
STU04640,Math,Core,67,2024-01-01
STU04641,Math,Core,32,2024-01-01
STU04642,Math,Core,69,2024-01-01
STU04643,Math,Core,12,2024-01-01
STU04644,Math,Core,4,2024-01-01
STU04645,Math,Core,37,2024-01-01
STU04646,Math,Core,93,2024-01-01
STU04647,Math,Core,33,2024-01-01
STU04648,Math,Core,18,2024-01-01
STU04649,Math,Core,35,2024-01-01
STU04650,Math,Core,11,2024-01-01
STU04651,Math,Core,91,2024-01-01
STU04652,Math,Core,41,2024-01-01
STU04653,Math,Core,30,2024-01-01
STU04654,Math,Core,54,2024-01-01
STU04655,Math,Core,71,2024-01-01
STU04656,Math,Core,77,2024-01-01
STU04657,Math,Core,25,2024-01-01
STU04658,Math,Core,22,2024-01-01
STU04659,Math,Core,55,2024-01-01
STU04660,Math,Core,37,2024-01-01
STU04661,Math,Core,27,2024-01-01
STU04662,Math,Core,6,2024-01-01
STU04663,Math,Core,0,2024-01-01
STU04664,Math,Core,22,2024-01-01
STU04665,Math,Core,1,2024-01-01
STU04666,Math,Core,94,2024-01-01
STU04667,Math,Core,47,2024-01-01
STU04668,Math,Core,83,2024-01-01
STU04669,Math,Core,8,2024-01-01
STU04670,Math,Core,94,2024-01-01
STU04671,Math,Core,82,2024-01-01
STU04672,Math,Core,45,2024-01-01
STU04673,Math,Core,18,2024-01-01
STU04674,Math,Core,69,2024-01-01
STU04675,Math,Core,75,2024-01-01
STU04676,Math,Core,36,2024-01-01
STU04677,Math,Core,36,2024-01-01
STU04678,Math,Core,72,2024-01-01
STU04679,Math,Core,55,2024-01-01
STU04680,Math,Core,97,2024-01-01
STU04681,Math,Core,66,2024-01-01
STU04682,Math,Core,5,2024-01-01
STU04683,Math,Core,85,2024-01-01
STU04684,Math,Core,49,2024-01-01
STU04685,Math,Core,71,2024-01-01
STU04686,Math,Core,69,2024-01-01
STU04687,Math,Core,94,2024-01-01
STU04688,Math,Core,61,2024-01-01
STU04689,Math,Core,54,2024-01-01
STU04690,Math,Core,67,2024-01-01
STU04691,Math,Core,20,2024-01-01
STU04692,Math,Core,92,2024-01-01
STU04693,Math,Core,48,2024-01-01
STU04694,Math,Core,71,2024-01-01
STU04695,Math,Core,11,2024-01-01
STU04696,Math,Core,97,2024-01-01
STU04697,Math,Core,11,2024-01-01
STU04698,Math,Core,77,2024-01-01
STU04699,Math,Core,49,2024-01-01
STU04700,Math,Core,32,2024-01-01
STU04701,Math,Core,4,2024-01-01
STU04702,Math,Core,56,2024-01-01
STU04703,Math,Core,5,2024-01-01
STU04704,Math,Core,65,2024-01-01
STU04705,Math,Core,45,2024-01-01
STU04706,Math,Core,68,2024-01-01
STU04707,Math,Core,65,2024-01-01
STU04708,Math,Core,77,2024-01-01
STU04709,Math,Core,96,2024-01-01
STU04710,Math,Core,68,2024-01-01
STU04711,Math,Core,94,2024-01-01
STU04712,Math,Core,90,2024-01-01
STU04713,Math,Core,92,2024-01-01
STU04714,Math,Core,36,2024-01-01
STU04715,Math,Core,56,2024-01-01
STU04716,Math,Core,13,2024-01-01
STU04717,Math,Core,36,2024-01-01
STU04718,Math,Core,39,2024-01-01
STU04719,Math,Core,69,2024-01-01
STU04720,Math,Core,72,2024-01-01
STU04721,Math,Core,27,2024-01-01
STU04722,Math,Core,66,2024-01-01
STU04723,Math,Core,31,2024-01-01
STU04724,Math,Core,8,2024-01-01
STU04725,Math,Core,39,2024-01-01
STU04726,Math,Core,89,2024-01-01
STU04727,Math,Core,53,2024-01-01
STU04728,Math,Core,33,2024-01-01
STU04729,Math,Core,72,2024-01-01
STU04730,Math,Core,13,2024-01-01
STU04731,Math,Core,59,2024-01-01
STU04732,Math,Core,45,2024-01-01
STU04733,Math,Core,79,2024-01-01
STU04734,Math,Core,88,2024-01-01
STU04735,Math,Core,87,2024-01-01
STU04736,Math,Core,65,2024-01-01
STU04737,Math,Core,43,2024-01-01
STU04738,Math,Core,82,2024-01-01
STU04739,Math,Core,79,2024-01-01
STU04740,Math,Core,63,2024-01-01
STU04741,Math,Core,55,2024-01-01
STU04742,Math,Core,8,2024-01-01
STU04743,Math,Core,86,2024-01-01
STU04744,Math,Core,62,2024-01-01
STU04745,Math,Core,63,2024-01-01
STU04746,Math,Core,20,2024-01-01
STU04747,Math,Core,16,2024-01-01
STU04748,Math,Core,66,2024-01-01
STU04749,Math,Core,49,2024-01-01
STU04750,Math,Core,44,2024-01-01
STU04751,Math,Core,85,2024-01-01
STU04752,Math,Core,97,2024-01-01
STU04753,Math,Core,56,2024-01-01
STU04754,Math,Core,30,2024-01-01
STU04755,Math,Core,28,2024-01-01
STU04756,Math,Core,10,2024-01-01
STU04757,Math,Core,25,2024-01-01
STU04758,Math,Core,28,2024-01-01
STU04759,Math,Core,18,2024-01-01
STU04760,Math,Core,79,2024-01-01
STU04761,Math,Core,12,2024-01-01
STU04762,Math,Core,3,2024-01-01
STU04763,Math,Core,100,2024-01-01
STU04764,Math,Core,76,2024-01-01
STU04765,Math,Core,14,2024-01-01
STU04766,Math,Core,28,2024-01-01
STU04767,Math,Core,41,2024-01-01
STU04768,Math,Core,96,2024-01-01
STU04769,Math,Core,77,2024-01-01
STU04770,Math,Core,90,2024-01-01
STU04771,Math,Core,5,2024-01-01
STU04772,Math,Core,97,2024-01-01
STU04773,Math,Core,11,2024-01-01
STU04774,Math,Core,70,2024-01-01
STU04775,Math,Core,71,2024-01-01
STU04776,Math,Core,93,2024-01-01
STU04777,Math,Core,94,2024-01-01
STU04778,Math,Core,14,2024-01-01
STU04779,Math,Core,59,2024-01-01
STU04780,Math,Core,51,2024-01-01
STU04781,Math,Core,65,2024-01-01
STU04782,Math,Core,46,2024-01-01
STU04783,Math,Core,79,2024-01-01
STU04784,Math,Core,15,2024-01-01
STU04785,Math,Core,63,2024-01-01
STU04786,Math,Core,60,2024-01-01
STU04787,Math,Core,65,2024-01-01
STU04788,Math,Core,20,2024-01-01
STU04789,Math,Core,35,2024-01-01
STU04790,Math,Core,61,2024-01-01
STU04791,Math,Core,78,2024-01-01
STU04792,Math,Core,2,2024-01-01
STU04793,Math,Core,86,2024-01-01
STU04794,Math,Core,96,2024-01-01
STU04795,Math,Core,46,2024-01-01
STU04796,Math,Core,62,2024-01-01
STU04797,Math,Core,93,2024-01-01
STU04798,Math,Core,23,2024-01-01
STU04799,Math,Core,31,2024-01-01
STU04800,Math,Core,60,2024-01-01
STU04801,Math,Core,1,2024-01-01
STU04802,Math,Core,7,2024-01-01
STU04803,Math,Core,74,2024-01-01
STU04804,Math,Core,70,2024-01-01
STU04805,Math,Core,50,2024-01-01
STU04806,Math,Core,62,2024-01-01
STU04807,Math,Core,86,2024-01-01
STU04808,Math,Core,57,2024-01-01
STU04809,Math,Core,80,2024-01-01
STU04810,Math,Core,100,2024-01-01
STU04811,Math,Core,5,2024-01-01
STU04812,Math,Core,95,2024-01-01
STU04813,Math,Core,20,2024-01-01
STU04814,Math,Core,48,2024-01-01
STU04815,Math,Core,70,2024-01-01
STU04816,Math,Core,86,2024-01-01
STU04817,Math,Core,97,2024-01-01
STU04818,Math,Core,57,2024-01-01
STU04819,Math,Core,68,2024-01-01
STU04820,Math,Core,10,2024-01-01
STU04821,Math,Core,69,2024-01-01
STU04822,Math,Core,34,2024-01-01
STU04823,Math,Core,32,2024-01-01
STU04824,Math,Core,81,2024-01-01
STU04825,Math,Core,5,2024-01-01
STU04826,Math,Core,57,2024-01-01
STU04827,Math,Core,33,2024-01-01
STU04828,Math,Core,31,2024-01-01
STU04829,Math,Core,78,2024-01-01
STU04830,Math,Core,15,2024-01-01
STU04831,Math,Core,55,2024-01-01
STU04832,Math,Core,83,2024-01-01
STU04833,Math,Core,100,2024-01-01
STU04834,Math,Core,82,2024-01-01
STU04835,Math,Core,8,2024-01-01
STU04836,Math,Core,1,2024-01-01
STU04837,Math,Core,12,2024-01-01
STU04838,Math,Core,50,2024-01-01
STU04839,Math,Core,87,2024-01-01
STU04840,Math,Core,36,2024-01-01
STU04841,Math,Core,23,2024-01-01
STU04842,Math,Core,21,2024-01-01
STU04843,Math,Core,76,2024-01-01
STU04844,Math,Core,94,2024-01-01
STU04845,Math,Core,51,2024-01-01
STU04846,Math,Core,40,2024-01-01
STU04847,Math,Core,75,2024-01-01
STU04848,Math,Core,47,2024-01-01
STU04849,Math,Core,67,2024-01-01
STU04850,Math,Core,24,2024-01-01
STU04851,Math,Core,43,2024-01-01
STU04852,Math,Core,36,2024-01-01
STU04853,Math,Core,34,2024-01-01
STU04854,Math,Core,70,2024-01-01
STU04855,Math,Core,46,2024-01-01
STU04856,Math,Core,60,2024-01-01
STU04857,Math,Core,98,2024-01-01
STU04858,Math,Core,9,2024-01-01
STU04859,Math,Core,53,2024-01-01
STU04860,Math,Core,95,2024-01-01
STU04861,Math,Core,95,2024-01-01
STU04862,Math,Core,96,2024-01-01
STU04863,Math,Core,58,2024-01-01
STU04864,Math,Core,78,2024-01-01
STU04865,Math,Core,68,2024-01-01
STU04866,Math,Core,39,2024-01-01
STU04867,Math,Core,4,2024-01-01
STU04868,Math,Core,65,2024-01-01
STU04869,Math,Core,25,2024-01-01
STU04870,Math,Core,62,2024-01-01
STU04871,Math,Core,34,2024-01-01
STU04872,Math,Core,84,2024-01-01
STU04873,Math,Core,64,2024-01-01
STU04874,Math,Core,35,2024-01-01
STU04875,Math,Core,12,2024-01-01
STU04876,Math,Core,55,2024-01-01
STU04877,Math,Core,97,2024-01-01
STU04878,Math,Core,37,2024-01-01
STU04879,Math,Core,75,2024-01-01
STU04880,Math,Core,23,2024-01-01
STU04881,Math,Core,72,2024-01-01
STU04882,Math,Core,5,2024-01-01
STU04883,Math,Core,14,2024-01-01
STU04884,Math,Core,9,2024-01-01
STU04885,Math,Core,55,2024-01-01
STU04886,Math,Core,81,2024-01-01
STU04887,Math,Core,92,2024-01-01
STU04888,Math,Core,59,2024-01-01
STU04889,Math,Core,10,2024-01-01
STU04890,Math,Core,90,2024-01-01
STU04891,Math,Core,98,2024-01-01
STU04892,Math,Core,37,2024-01-01
STU04893,Math,Core,88,2024-01-01
STU04894,Math,Core,2,2024-01-01
STU04895,Math,Core,17,2024-01-01
STU04896,Math,Core,13,2024-01-01
STU04897,Math,Core,57,2024-01-01
STU04898,Math,Core,27,2024-01-01
STU04899,Math,Core,99,2024-01-01
STU04900,Math,Core,69,2024-01-01
STU04901,Math,Core,21,2024-01-01
STU04902,Math,Core,31,2024-01-01
STU04903,Math,Core,62,2024-01-01
STU04904,Math,Core,59,2024-01-01
STU04905,Math,Core,100,2024-01-01
STU04906,Math,Core,52,2024-01-01
STU04907,Math,Core,92,2024-01-01
STU04908,Math,Core,85,2024-01-01
STU04909,Math,Core,31,2024-01-01
STU04910,Math,Core,3,2024-01-01
STU04911,Math,Core,9,2024-01-01
STU04912,Math,Core,78,2024-01-01
STU04913,Math,Core,13,2024-01-01
STU04914,Math,Core,9,2024-01-01
STU04915,Math,Core,62,2024-01-01
STU04916,Math,Core,66,2024-01-01
STU04917,Math,Core,83,2024-01-01
STU04918,Math,Core,69,2024-01-01
STU04919,Math,Core,24,2024-01-01
STU04920,Math,Core,63,2024-01-01
STU04921,Math,Core,2,2024-01-01
STU04922,Math,Core,3,2024-01-01
STU04923,Math,Core,48,2024-01-01
STU04924,Math,Core,23,2024-01-01
STU04925,Math,Core,95,2024-01-01
STU04926,Math,Core,98,2024-01-01
STU04927,Math,Core,40,2024-01-01
STU04928,Math,Core,12,2024-01-01
STU04929,Math,Core,83,2024-01-01
STU04930,Math,Core,77,2024-01-01
STU04931,Math,Core,30,2024-01-01
STU04932,Math,Core,100,2024-01-01
STU04933,Math,Core,66,2024-01-01
STU04934,Math,Core,64,2024-01-01
STU04935,Math,Core,41,2024-01-01
STU04936,Math,Core,18,2024-01-01
STU04937,Math,Core,8,2024-01-01
STU04938,Math,Core,24,2024-01-01
STU04939,Math,Core,65,2024-01-01
STU04940,Math,Core,27,2024-01-01
STU04941,Math,Core,24,2024-01-01
STU04942,Math,Core,44,2024-01-01
STU04943,Math,Core,20,2024-01-01
STU04944,Math,Core,55,2024-01-01
STU04945,Math,Core,37,2024-01-01
STU04946,Math,Core,16,2024-01-01
STU04947,Math,Core,32,2024-01-01
STU04948,Math,Core,89,2024-01-01
STU04949,Math,Core,82,2024-01-01
STU04950,Math,Core,22,2024-01-01
STU04951,Math,Core,25,2024-01-01
STU04952,Math,Core,99,2024-01-01
STU04953,Math,Core,59,2024-01-01
STU04954,Math,Core,67,2024-01-01
STU04955,Math,Core,43,2024-01-01
STU04956,Math,Core,74,2024-01-01
STU04957,Math,Core,9,2024-01-01
STU04958,Math,Core,65,2024-01-01
STU04959,Math,Core,11,2024-01-01
STU04960,Math,Core,85,2024-01-01
STU04961,Math,Core,66,2024-01-01
STU04962,Math,Core,86,2024-01-01
STU04963,Math,Core,36,2024-01-01
STU04964,Math,Core,38,2024-01-01
STU04965,Math,Core,41,2024-01-01
STU04966,Math,Core,7,2024-01-01
STU04967,Math,Core,39,2024-01-01
STU04968,Math,Core,27,2024-01-01
STU04969,Math,Core,52,2024-01-01
STU04970,Math,Core,20,2024-01-01
STU04971,Math,Core,48,2024-01-01
STU04972,Math,Core,56,2024-01-01
STU04973,Math,Core,21,2024-01-01
STU04974,Math,Core,46,2024-01-01
STU04975,Math,Core,50,2024-01-01
STU04976,Math,Core,88,2024-01-01
STU04977,Math,Core,28,2024-01-01
STU04978,Math,Core,57,2024-01-01
STU04979,Math,Core,12,2024-01-01
STU04980,Math,Core,6,2024-01-01
STU04981,Math,Core,55,2024-01-01
STU04982,Math,Core,82,2024-01-01
STU04983,Math,Core,70,2024-01-01
STU04984,Math,Core,67,2024-01-01
STU04985,Math,Core,17,2024-01-01
STU04986,Math,Core,90,2024-01-01
STU04987,Math,Core,4,2024-01-01
STU04988,Math,Core,60,2024-01-01
STU04989,Math,Core,28,2024-01-01
STU04990,Math,Core,90,2024-01-01
STU04991,Math,Core,48,2024-01-01
STU04992,Math,Core,80,2024-01-01
STU04993,Math,Core,76,2024-01-01
STU04994,Math,Core,19,2024-01-01
STU04995,Math,Core,65,2024-01-01
STU04996,Math,Core,48,2024-01-01
STU04997,Math,Core,56,2024-01-01
STU04998,Math,Core,3,2024-01-01
STU04999,Math,Core,29,2024-01-01
STU05000,Math,Core,17,2024-01-01
STU05001,Math,Core,23,2024-01-01
STU05002,Math,Core,86,2024-01-01
STU05003,Math,Core,38,2024-01-01
STU05004,Math,Core,78,2024-01-01
STU05005,Math,Core,22,2024-01-01
STU05006,Math,Core,10,2024-01-01
STU05007,Math,Core,26,2024-01-01
STU05008,Math,Core,52,2024-01-01
STU05009,Math,Core,70,2024-01-01
STU05010,Math,Core,18,2024-01-01
STU05011,Math,Core,15,2024-01-01
STU05012,Math,Core,75,2024-01-01
STU05013,Math,Core,0,2024-01-01
STU05014,Math,Core,48,2024-01-01
STU05015,Math,Core,74,2024-01-01
STU05016,Math,Core,23,2024-01-01
STU05017,Math,Core,65,2024-01-01
STU05018,Math,Core,98,2024-01-01
STU05019,Math,Core,96,2024-01-01
STU05020,Math,Core,25,2024-01-01
STU05021,Math,Core,4,2024-01-01
STU05022,Math,Core,53,2024-01-01
STU05023,Math,Core,1,2024-01-01
STU05024,Math,Core,24,2024-01-01
STU05025,Math,Core,66,2024-01-01
STU05026,Math,Core,18,2024-01-01
STU05027,Math,Core,61,2024-01-01
STU05028,Math,Core,67,2024-01-01
STU05029,Math,Core,34,2024-01-01
STU05030,Math,Core,16,2024-01-01
STU05031,Math,Core,0,2024-01-01
STU05032,Math,Core,48,2024-01-01
STU05033,Math,Core,44,2024-01-01
STU05034,Math,Core,52,2024-01-01
STU05035,Math,Core,19,2024-01-01
STU05036,Math,Core,62,2024-01-01
STU05037,Math,Core,86,2024-01-01
STU05038,Math,Core,87,2024-01-01
STU05039,Math,Core,73,2024-01-01
STU05040,Math,Core,51,2024-01-01
STU05041,Math,Core,52,2024-01-01
STU05042,Math,Core,17,2024-01-01
STU05043,Math,Core,20,2024-01-01
STU05044,Math,Core,31,2024-01-01
STU05045,Math,Core,50,2024-01-01
STU05046,Math,Core,22,2024-01-01
STU05047,Math,Core,65,2024-01-01
STU05048,Math,Core,82,2024-01-01
STU05049,Math,Core,59,2024-01-01
STU05050,Math,Core,33,2024-01-01
STU05051,Math,Core,45,2024-01-01
STU05052,Math,Core,33,2024-01-01
STU05053,Math,Core,5,2024-01-01
STU05054,Math,Core,7,2024-01-01
STU05055,Math,Core,9,2024-01-01
STU05056,Math,Core,37,2024-01-01
STU05057,Math,Core,51,2024-01-01
STU05058,Math,Core,35,2024-01-01
STU05059,Math,Core,93,2024-01-01
STU05060,Math,Core,38,2024-01-01
STU05061,Math,Core,82,2024-01-01
STU05062,Math,Core,7,2024-01-01
STU05063,Math,Core,47,2024-01-01
STU05064,Math,Core,14,2024-01-01
STU05065,Math,Core,28,2024-01-01
STU05066,Math,Core,100,2024-01-01
STU05067,Math,Core,91,2024-01-01
STU05068,Math,Core,77,2024-01-01
STU05069,Math,Core,18,2024-01-01
STU05070,Math,Core,43,2024-01-01
STU05071,Math,Core,100,2024-01-01
STU05072,Math,Core,83,2024-01-01
STU05073,Math,Core,75,2024-01-01
STU05074,Math,Core,97,2024-01-01
STU05075,Math,Core,28,2024-01-01
STU05076,Math,Core,40,2024-01-01
STU05077,Math,Core,3,2024-01-01
STU05078,Math,Core,86,2024-01-01
STU05079,Math,Core,25,2024-01-01
STU05080,Math,Core,66,2024-01-01
STU05081,Math,Core,70,2024-01-01
STU05082,Math,Core,33,2024-01-01
STU05083,Math,Core,31,2024-01-01
STU05084,Math,Core,6,2024-01-01
STU05085,Math,Core,70,2024-01-01
STU05086,Math,Core,73,2024-01-01
STU05087,Math,Core,53,2024-01-01
STU05088,Math,Core,95,2024-01-01
STU05089,Math,Core,3,2024-01-01
STU05090,Math,Core,86,2024-01-01
STU05091,Math,Core,61,2024-01-01
STU05092,Math,Core,43,2024-01-01
STU05093,Math,Core,97,2024-01-01
STU05094,Math,Core,92,2024-01-01
STU05095,Math,Core,68,2024-01-01
STU05096,Math,Core,42,2024-01-01
STU05097,Math,Core,0,2024-01-01
STU05098,Math,Core,70,2024-01-01
STU05099,Math,Core,16,2024-01-01
STU05100,Math,Core,52,2024-01-01
STU05101,Math,Core,2,2024-01-01
STU05102,Math,Core,55,2024-01-01
STU05103,Math,Core,89,2024-01-01
STU05104,Math,Core,75,2024-01-01
STU05105,Math,Core,74,2024-01-01
STU05106,Math,Core,98,2024-01-01
STU05107,Math,Core,78,2024-01-01
STU05108,Math,Core,73,2024-01-01
STU05109,Math,Core,42,2024-01-01
STU05110,Math,Core,80,2024-01-01
STU05111,Math,Core,62,2024-01-01
STU05112,Math,Core,54,2024-01-01
STU05113,Math,Core,11,2024-01-01
STU05114,Math,Core,85,2024-01-01
STU05115,Math,Core,69,2024-01-01
STU05116,Math,Core,92,2024-01-01
STU05117,Math,Core,59,2024-01-01
STU05118,Math,Core,80,2024-01-01
STU05119,Math,Core,31,2024-01-01
STU05120,Math,Core,75,2024-01-01
STU05121,Math,Core,98,2024-01-01
STU05122,Math,Core,67,2024-01-01
STU05123,Math,Core,55,2024-01-01
STU05124,Math,Core,43,2024-01-01
STU05125,Math,Core,37,2024-01-01
STU05126,Math,Core,98,2024-01-01
STU05127,Math,Core,34,2024-01-01
STU05128,Math,Core,7,2024-01-01
STU05129,Math,Core,94,2024-01-01
STU05130,Math,Core,65,2024-01-01
STU05131,Math,Core,64,2024-01-01
STU05132,Math,Core,14,2024-01-01
STU05133,Math,Core,37,2024-01-01
STU05134,Math,Core,59,2024-01-01
STU05135,Math,Core,89,2024-01-01
STU05136,Math,Core,30,2024-01-01
STU05137,Math,Core,73,2024-01-01
STU05138,Math,Core,83,2024-01-01
STU05139,Math,Core,67,2024-01-01
STU05140,Math,Core,75,2024-01-01
STU05141,Math,Core,74,2024-01-01
STU05142,Math,Core,60,2024-01-01
STU05143,Math,Core,86,2024-01-01
STU05144,Math,Core,96,2024-01-01
STU05145,Math,Core,43,2024-01-01
STU05146,Math,Core,20,2024-01-01
STU05147,Math,Core,29,2024-01-01
STU05148,Math,Core,82,2024-01-01
STU05149,Math,Core,87,2024-01-01
STU05150,Math,Core,92,2024-01-01
STU05151,Math,Core,48,2024-01-01
STU05152,Math,Core,90,2024-01-01
STU05153,Math,Core,69,2024-01-01
STU05154,Math,Core,53,2024-01-01
STU05155,Math,Core,35,2024-01-01
STU05156,Math,Core,88,2024-01-01
STU05157,Math,Core,54,2024-01-01
STU05158,Math,Core,48,2024-01-01
STU05159,Math,Core,71,2024-01-01
STU05160,Math,Core,19,2024-01-01
STU05161,Math,Core,15,2024-01-01
STU05162,Math,Core,31,2024-01-01
STU05163,Math,Core,6,2024-01-01
STU05164,Math,Core,88,2024-01-01
STU05165,Math,Core,48,2024-01-01
STU05166,Math,Core,86,2024-01-01
STU05167,Math,Core,50,2024-01-01
STU05168,Math,Core,75,2024-01-01
STU05169,Math,Core,85,2024-01-01
STU05170,Math,Core,34,2024-01-01
STU05171,Math,Core,72,2024-01-01
STU05172,Math,Core,72,2024-01-01
STU05173,Math,Core,57,2024-01-01
STU05174,Math,Core,19,2024-01-01
STU05175,Math,Core,9,2024-01-01
STU05176,Math,Core,4,2024-01-01
STU05177,Math,Core,53,2024-01-01
STU05178,Math,Core,20,2024-01-01
STU05179,Math,Core,13,2024-01-01
STU05180,Math,Core,33,2024-01-01
STU05181,Math,Core,73,2024-01-01
STU05182,Math,Core,16,2024-01-01
STU05183,Math,Core,41,2024-01-01
STU05184,Math,Core,90,2024-01-01
STU05185,Math,Core,89,2024-01-01
STU05186,Math,Core,24,2024-01-01
STU05187,Math,Core,14,2024-01-01
STU05188,Math,Core,64,2024-01-01
STU05189,Math,Core,16,2024-01-01
STU05190,Math,Core,82,2024-01-01
STU05191,Math,Core,81,2024-01-01
STU05192,Math,Core,71,2024-01-01
STU05193,Math,Core,29,2024-01-01
STU05194,Math,Core,93,2024-01-01
STU05195,Math,Core,35,2024-01-01
STU05196,Math,Core,64,2024-01-01
STU05197,Math,Core,83,2024-01-01
STU05198,Math,Core,64,2024-01-01
STU05199,Math,Core,22,2024-01-01
STU05200,Math,Core,48,2024-01-01
STU05201,Math,Core,84,2024-01-01
STU05202,Math,Core,39,2024-01-01
STU05203,Math,Core,78,2024-01-01
STU05204,Math,Core,68,2024-01-01
STU05205,Math,Core,58,2024-01-01
STU05206,Math,Core,43,2024-01-01
STU05207,Math,Core,100,2024-01-01
STU05208,Math,Core,5,2024-01-01
STU05209,Math,Core,62,2024-01-01
STU05210,Math,Core,6,2024-01-01
STU05211,Math,Core,3,2024-01-01
STU05212,Math,Core,39,2024-01-01
STU05213,Math,Core,44,2024-01-01
STU05214,Math,Core,63,2024-01-01
STU05215,Math,Core,60,2024-01-01
STU05216,Math,Core,60,2024-01-01
STU05217,Math,Core,92,2024-01-01
STU05218,Math,Core,4,2024-01-01
STU05219,Math,Core,71,2024-01-01
STU05220,Math,Core,16,2024-01-01
STU05221,Math,Core,12,2024-01-01
STU05222,Math,Core,54,2024-01-01
STU05223,Math,Core,33,2024-01-01
STU05224,Math,Core,67,2024-01-01
STU05225,Math,Core,89,2024-01-01
STU05226,Math,Core,36,2024-01-01
STU05227,Math,Core,38,2024-01-01
STU05228,Math,Core,96,2024-01-01
STU05229,Math,Core,8,2024-01-01
STU05230,Math,Core,69,2024-01-01
STU05231,Math,Core,28,2024-01-01
STU05232,Math,Core,33,2024-01-01
STU05233,Math,Core,86,2024-01-01
STU05234,Math,Core,16,2024-01-01
STU05235,Math,Core,31,2024-01-01
STU05236,Math,Core,39,2024-01-01
STU05237,Math,Core,12,2024-01-01
STU05238,Math,Core,81,2024-01-01
STU05239,Math,Core,71,2024-01-01
STU05240,Math,Core,33,2024-01-01
STU05241,Math,Core,79,2024-01-01
STU05242,Math,Core,91,2024-01-01
STU05243,Math,Core,100,2024-01-01
STU05244,Math,Core,94,2024-01-01
STU05245,Math,Core,49,2024-01-01
STU05246,Math,Core,82,2024-01-01
STU05247,Math,Core,23,2024-01-01
STU05248,Math,Core,56,2024-01-01
STU05249,Math,Core,76,2024-01-01
STU05250,Math,Core,71,2024-01-01
STU05251,Math,Core,68,2024-01-01
STU05252,Math,Core,70,2024-01-01
STU05253,Math,Core,61,2024-01-01
STU05254,Math,Core,81,2024-01-01
STU05255,Math,Core,12,2024-01-01
STU05256,Math,Core,32,2024-01-01
STU05257,Math,Core,71,2024-01-01
STU05258,Math,Core,17,2024-01-01
STU05259,Math,Core,64,2024-01-01
STU05260,Math,Core,44,2024-01-01
STU05261,Math,Core,51,2024-01-01
STU05262,Math,Core,45,2024-01-01
STU05263,Math,Core,76,2024-01-01
STU05264,Math,Core,63,2024-01-01
STU05265,Math,Core,66,2024-01-01
STU05266,Math,Core,97,2024-01-01
STU05267,Math,Core,40,2024-01-01
STU05268,Math,Core,93,2024-01-01
STU05269,Math,Core,32,2024-01-01
STU05270,Math,Core,100,2024-01-01
STU05271,Math,Core,35,2024-01-01
STU05272,Math,Core,20,2024-01-01
STU05273,Math,Core,72,2024-01-01
STU05274,Math,Core,51,2024-01-01
STU05275,Math,Core,1,2024-01-01
STU05276,Math,Core,54,2024-01-01
STU05277,Math,Core,100,2024-01-01
STU05278,Math,Core,53,2024-01-01
STU05279,Math,Core,84,2024-01-01
STU05280,Math,Core,92,2024-01-01
STU05281,Math,Core,32,2024-01-01
STU05282,Math,Core,0,2024-01-01
STU05283,Math,Core,95,2024-01-01
STU05284,Math,Core,95,2024-01-01
STU05285,Math,Core,8,2024-01-01
STU05286,Math,Core,33,2024-01-01
STU05287,Math,Core,86,2024-01-01
STU05288,Math,Core,98,2024-01-01
STU05289,Math,Core,95,2024-01-01
STU05290,Math,Core,80,2024-01-01
STU05291,Math,Core,10,2024-01-01
STU05292,Math,Core,3,2024-01-01
STU05293,Math,Core,18,2024-01-01
STU05294,Math,Core,30,2024-01-01
STU05295,Math,Core,71,2024-01-01
STU05296,Math,Core,24,2024-01-01
STU05297,Math,Core,25,2024-01-01
STU05298,Math,Core,78,2024-01-01
STU05299,Math,Core,34,2024-01-01
STU05300,Math,Core,86,2024-01-01
STU05301,Math,Core,74,2024-01-01
STU05302,Math,Core,34,2024-01-01
STU05303,Math,Core,70,2024-01-01
STU05304,Math,Core,69,2024-01-01
STU05305,Math,Core,5,2024-01-01
STU05306,Math,Core,75,2024-01-01
STU05307,Math,Core,72,2024-01-01
STU05308,Math,Core,22,2024-01-01
STU05309,Math,Core,87,2024-01-01
STU05310,Math,Core,95,2024-01-01
STU05311,Math,Core,81,2024-01-01
STU05312,Math,Core,14,2024-01-01
STU05313,Math,Core,73,2024-01-01
STU05314,Math,Core,28,2024-01-01
STU05315,Math,Core,47,2024-01-01
STU05316,Math,Core,100,2024-01-01
STU05317,Math,Core,71,2024-01-01
STU05318,Math,Core,34,2024-01-01
STU05319,Math,Core,1,2024-01-01
STU05320,Math,Core,29,2024-01-01
STU05321,Math,Core,48,2024-01-01
STU05322,Math,Core,32,2024-01-01
STU05323,Math,Core,65,2024-01-01
STU05324,Math,Core,10,2024-01-01
STU05325,Math,Core,23,2024-01-01
STU05326,Math,Core,30,2024-01-01
STU05327,Math,Core,67,2024-01-01
STU05328,Math,Core,82,2024-01-01
STU05329,Math,Core,85,2024-01-01
STU05330,Math,Core,26,2024-01-01
STU05331,Math,Core,0,2024-01-01
STU05332,Math,Core,10,2024-01-01
STU05333,Math,Core,58,2024-01-01
STU05334,Math,Core,16,2024-01-01
STU05335,Math,Core,91,2024-01-01
STU05336,Math,Core,5,2024-01-01
STU05337,Math,Core,82,2024-01-01
STU05338,Math,Core,81,2024-01-01
STU05339,Math,Core,48,2024-01-01
STU05340,Math,Core,89,2024-01-01
STU05341,Math,Core,89,2024-01-01
STU05342,Math,Core,82,2024-01-01
STU05343,Math,Core,93,2024-01-01
STU05344,Math,Core,14,2024-01-01
STU05345,Math,Core,60,2024-01-01
STU05346,Math,Core,70,2024-01-01
STU05347,Math,Core,7,2024-01-01
STU05348,Math,Core,79,2024-01-01
STU05349,Math,Core,82,2024-01-01
STU05350,Math,Core,16,2024-01-01
STU05351,Math,Core,42,2024-01-01
STU05352,Math,Core,100,2024-01-01
STU05353,Math,Core,29,2024-01-01
STU05354,Math,Core,71,2024-01-01
STU05355,Math,Core,9,2024-01-01
STU05356,Math,Core,40,2024-01-01
STU05357,Math,Core,55,2024-01-01
STU05358,Math,Core,95,2024-01-01
STU05359,Math,Core,24,2024-01-01
STU05360,Math,Core,58,2024-01-01
STU05361,Math,Core,63,2024-01-01
STU05362,Math,Core,71,2024-01-01
STU05363,Math,Core,78,2024-01-01
STU05364,Math,Core,39,2024-01-01
STU05365,Math,Core,11,2024-01-01
STU05366,Math,Core,61,2024-01-01
STU05367,Math,Core,60,2024-01-01
STU05368,Math,Core,25,2024-01-01
STU05369,Math,Core,45,2024-01-01
STU05370,Math,Core,51,2024-01-01
STU05371,Math,Core,0,2024-01-01
STU05372,Math,Core,95,2024-01-01
STU05373,Math,Core,94,2024-01-01
STU05374,Math,Core,55,2024-01-01
STU05375,Math,Core,18,2024-01-01
STU05376,Math,Core,65,2024-01-01
STU05377,Math,Core,31,2024-01-01
STU05378,Math,Core,87,2024-01-01
STU05379,Math,Core,89,2024-01-01
STU05380,Math,Core,82,2024-01-01
STU05381,Math,Core,36,2024-01-01
STU05382,Math,Core,5,2024-01-01
STU05383,Math,Core,1,2024-01-01
STU05384,Math,Core,4,2024-01-01
STU05385,Math,Core,28,2024-01-01
STU05386,Math,Core,25,2024-01-01
STU05387,Math,Core,71,2024-01-01
STU05388,Math,Core,89,2024-01-01
STU05389,Math,Core,60,2024-01-01
STU05390,Math,Core,69,2024-01-01
STU05391,Math,Core,1,2024-01-01
STU05392,Math,Core,75,2024-01-01
STU05393,Math,Core,96,2024-01-01
STU05394,Math,Core,25,2024-01-01
STU05395,Math,Core,68,2024-01-01
STU05396,Math,Core,68,2024-01-01
STU05397,Math,Core,32,2024-01-01
STU05398,Math,Core,69,2024-01-01
STU05399,Math,Core,25,2024-01-01
STU05400,Math,Core,22,2024-01-01
STU05401,Math,Core,69,2024-01-01
STU05402,Math,Core,76,2024-01-01
STU05403,Math,Core,73,2024-01-01
STU05404,Math,Core,0,2024-01-01
STU05405,Math,Core,3,2024-01-01
STU05406,Math,Core,99,2024-01-01
STU05407,Math,Core,53,2024-01-01
STU05408,Math,Core,30,2024-01-01
STU05409,Math,Core,58,2024-01-01
STU05410,Math,Core,91,2024-01-01
STU05411,Math,Core,3,2024-01-01
STU05412,Math,Core,93,2024-01-01
STU05413,Math,Core,31,2024-01-01
STU05414,Math,Core,66,2024-01-01
STU05415,Math,Core,26,2024-01-01
STU05416,Math,Core,62,2024-01-01
STU05417,Math,Core,26,2024-01-01
STU05418,Math,Core,14,2024-01-01
STU05419,Math,Core,36,2024-01-01
STU05420,Math,Core,61,2024-01-01
STU05421,Math,Core,26,2024-01-01
STU05422,Math,Core,20,2024-01-01
STU05423,Math,Core,16,2024-01-01
STU05424,Math,Core,81,2024-01-01
STU05425,Math,Core,20,2024-01-01
STU05426,Math,Core,76,2024-01-01
STU05427,Math,Core,66,2024-01-01
STU05428,Math,Core,21,2024-01-01
STU05429,Math,Core,75,2024-01-01
STU05430,Math,Core,90,2024-01-01
STU05431,Math,Core,56,2024-01-01
STU05432,Math,Core,35,2024-01-01
STU05433,Math,Core,95,2024-01-01
STU05434,Math,Core,31,2024-01-01
STU05435,Math,Core,69,2024-01-01
STU05436,Math,Core,100,2024-01-01
STU05437,Math,Core,91,2024-01-01
STU05438,Math,Core,57,2024-01-01
STU05439,Math,Core,91,2024-01-01
STU05440,Math,Core,34,2024-01-01
STU05441,Math,Core,74,2024-01-01
STU05442,Math,Core,90,2024-01-01
STU05443,Math,Core,56,2024-01-01
STU05444,Math,Core,87,2024-01-01
STU05445,Math,Core,65,2024-01-01
STU05446,Math,Core,44,2024-01-01
STU05447,Math,Core,71,2024-01-01
STU05448,Math,Core,46,2024-01-01
STU05449,Math,Core,63,2024-01-01
STU05450,Math,Core,29,2024-01-01
STU05451,Math,Core,86,2024-01-01
STU05452,Math,Core,54,2024-01-01
STU05453,Math,Core,52,2024-01-01
STU05454,Math,Core,38,2024-01-01
STU05455,Math,Core,85,2024-01-01
STU05456,Math,Core,34,2024-01-01
STU05457,Math,Core,72,2024-01-01
STU05458,Math,Core,70,2024-01-01
STU05459,Math,Core,4,2024-01-01
STU05460,Math,Core,54,2024-01-01
STU05461,Math,Core,24,2024-01-01
STU05462,Math,Core,66,2024-01-01
STU05463,Math,Core,19,2024-01-01
STU05464,Math,Core,51,2024-01-01
STU05465,Math,Core,98,2024-01-01
STU05466,Math,Core,49,2024-01-01
STU05467,Math,Core,24,2024-01-01
STU05468,Math,Core,26,2024-01-01
STU05469,Math,Core,13,2024-01-01
STU05470,Math,Core,6,2024-01-01
STU05471,Math,Core,30,2024-01-01
STU05472,Math,Core,36,2024-01-01
STU05473,Math,Core,56,2024-01-01
STU05474,Math,Core,96,2024-01-01
STU05475,Math,Core,33,2024-01-01
STU05476,Math,Core,16,2024-01-01
STU05477,Math,Core,10,2024-01-01
STU05478,Math,Core,73,2024-01-01
STU05479,Math,Core,94,2024-01-01
STU05480,Math,Core,7,2024-01-01
STU05481,Math,Core,95,2024-01-01
STU05482,Math,Core,99,2024-01-01
STU05483,Math,Core,87,2024-01-01
STU05484,Math,Core,56,2024-01-01
STU05485,Math,Core,48,2024-01-01
STU05486,Math,Core,45,2024-01-01
STU05487,Math,Core,55,2024-01-01
STU05488,Math,Core,78,2024-01-01
STU05489,Math,Core,24,2024-01-01
STU05490,Math,Core,60,2024-01-01
STU05491,Math,Core,94,2024-01-01
STU05492,Math,Core,16,2024-01-01
STU05493,Math,Core,63,2024-01-01
STU05494,Math,Core,64,2024-01-01
STU05495,Math,Core,49,2024-01-01
STU05496,Math,Core,20,2024-01-01
STU05497,Math,Core,26,2024-01-01
STU05498,Math,Core,13,2024-01-01
STU05499,Math,Core,88,2024-01-01
STU05500,Math,Core,65,2024-01-01
STU05501,Math,Core,68,2024-01-01
STU05502,Math,Core,36,2024-01-01
STU05503,Math,Core,0,2024-01-01
STU05504,Math,Core,55,2024-01-01
STU05505,Math,Core,56,2024-01-01
STU05506,Math,Core,90,2024-01-01
STU05507,Math,Core,51,2024-01-01
STU05508,Math,Core,3,2024-01-01
STU05509,Math,Core,69,2024-01-01
STU05510,Math,Core,37,2024-01-01
STU05511,Math,Core,26,2024-01-01
STU05512,Math,Core,97,2024-01-01
STU05513,Math,Core,17,2024-01-01
STU05514,Math,Core,1,2024-01-01
STU05515,Math,Core,68,2024-01-01
STU05516,Math,Core,53,2024-01-01
STU05517,Math,Core,25,2024-01-01
STU05518,Math,Core,8,2024-01-01
STU05519,Math,Core,55,2024-01-01
STU05520,Math,Core,7,2024-01-01
STU05521,Math,Core,32,2024-01-01
STU05522,Math,Core,89,2024-01-01
STU05523,Math,Core,100,2024-01-01
STU05524,Math,Core,12,2024-01-01
STU05525,Math,Core,12,2024-01-01
STU05526,Math,Core,29,2024-01-01
STU05527,Math,Core,55,2024-01-01
STU05528,Math,Core,1,2024-01-01
STU05529,Math,Core,38,2024-01-01
STU05530,Math,Core,49,2024-01-01
STU05531,Math,Core,87,2024-01-01
STU05532,Math,Core,75,2024-01-01
STU05533,Math,Core,0,2024-01-01
STU05534,Math,Core,88,2024-01-01
STU05535,Math,Core,55,2024-01-01
STU05536,Math,Core,44,2024-01-01
STU05537,Math,Core,48,2024-01-01
STU05538,Math,Core,4,2024-01-01
STU05539,Math,Core,36,2024-01-01
STU05540,Math,Core,77,2024-01-01
STU05541,Math,Core,71,2024-01-01
STU05542,Math,Core,66,2024-01-01
STU05543,Math,Core,49,2024-01-01
STU05544,Math,Core,6,2024-01-01
STU05545,Math,Core,46,2024-01-01
STU05546,Math,Core,0,2024-01-01
STU05547,Math,Core,30,2024-01-01
STU05548,Math,Core,66,2024-01-01
STU05549,Math,Core,47,2024-01-01
STU05550,Math,Core,0,2024-01-01
STU05551,Math,Core,64,2024-01-01
STU05552,Math,Core,88,2024-01-01
STU05553,Math,Core,82,2024-01-01
STU05554,Math,Core,97,2024-01-01
STU05555,Math,Core,89,2024-01-01
STU05556,Math,Core,27,2024-01-01
STU05557,Math,Core,51,2024-01-01
STU05558,Math,Core,25,2024-01-01
STU05559,Math,Core,57,2024-01-01
STU05560,Math,Core,80,2024-01-01
STU05561,Math,Core,22,2024-01-01
STU05562,Math,Core,36,2024-01-01
STU05563,Math,Core,74,2024-01-01
STU05564,Math,Core,6,2024-01-01
STU05565,Math,Core,3,2024-01-01
STU05566,Math,Core,98,2024-01-01
STU05567,Math,Core,94,2024-01-01
STU05568,Math,Core,16,2024-01-01
STU05569,Math,Core,18,2024-01-01
STU05570,Math,Core,95,2024-01-01
STU05571,Math,Core,21,2024-01-01
STU05572,Math,Core,0,2024-01-01
STU05573,Math,Core,65,2024-01-01
STU05574,Math,Core,58,2024-01-01
STU05575,Math,Core,84,2024-01-01
STU05576,Math,Core,83,2024-01-01
STU05577,Math,Core,97,2024-01-01
STU05578,Math,Core,31,2024-01-01
STU05579,Math,Core,31,2024-01-01
STU05580,Math,Core,25,2024-01-01
STU05581,Math,Core,74,2024-01-01
STU05582,Math,Core,96,2024-01-01
STU05583,Math,Core,6,2024-01-01
STU05584,Math,Core,69,2024-01-01
STU05585,Math,Core,49,2024-01-01
STU05586,Math,Core,29,2024-01-01
STU05587,Math,Core,11,2024-01-01
STU05588,Math,Core,79,2024-01-01
STU05589,Math,Core,67,2024-01-01
STU05590,Math,Core,61,2024-01-01
STU05591,Math,Core,94,2024-01-01
STU05592,Math,Core,49,2024-01-01
STU05593,Math,Core,69,2024-01-01
STU05594,Math,Core,53,2024-01-01
STU05595,Math,Core,49,2024-01-01
STU05596,Math,Core,90,2024-01-01
STU05597,Math,Core,61,2024-01-01
STU05598,Math,Core,78,2024-01-01
STU05599,Math,Core,45,2024-01-01
STU05600,Math,Core,79,2024-01-01
STU05601,Math,Core,44,2024-01-01
STU05602,Math,Core,8,2024-01-01
STU05603,Math,Core,17,2024-01-01
STU05604,Math,Core,24,2024-01-01
STU05605,Math,Core,67,2024-01-01
STU05606,Math,Core,28,2024-01-01
STU05607,Math,Core,81,2024-01-01
STU05608,Math,Core,22,2024-01-01
STU05609,Math,Core,17,2024-01-01
STU05610,Math,Core,63,2024-01-01
STU05611,Math,Core,77,2024-01-01
STU05612,Math,Core,7,2024-01-01
STU05613,Math,Core,60,2024-01-01
STU05614,Math,Core,11,2024-01-01
STU05615,Math,Core,65,2024-01-01
STU05616,Math,Core,84,2024-01-01
STU05617,Math,Core,2,2024-01-01
STU05618,Math,Core,45,2024-01-01
STU05619,Math,Core,47,2024-01-01
STU05620,Math,Core,67,2024-01-01
STU05621,Math,Core,45,2024-01-01
STU05622,Math,Core,0,2024-01-01
STU05623,Math,Core,56,2024-01-01
STU05624,Math,Core,73,2024-01-01
STU05625,Math,Core,57,2024-01-01
STU05626,Math,Core,46,2024-01-01
STU05627,Math,Core,76,2024-01-01
STU05628,Math,Core,27,2024-01-01
STU05629,Math,Core,42,2024-01-01
STU05630,Math,Core,12,2024-01-01
STU05631,Math,Core,80,2024-01-01
STU05632,Math,Core,21,2024-01-01
STU05633,Math,Core,21,2024-01-01
STU05634,Math,Core,29,2024-01-01
STU05635,Math,Core,93,2024-01-01
STU05636,Math,Core,53,2024-01-01
STU05637,Math,Core,15,2024-01-01
STU05638,Math,Core,96,2024-01-01
STU05639,Math,Core,30,2024-01-01
STU05640,Math,Core,70,2024-01-01
STU05641,Math,Core,30,2024-01-01
STU05642,Math,Core,67,2024-01-01
STU05643,Math,Core,12,2024-01-01
STU05644,Math,Core,79,2024-01-01
STU05645,Math,Core,88,2024-01-01
STU05646,Math,Core,84,2024-01-01
STU05647,Math,Core,43,2024-01-01
STU05648,Math,Core,43,2024-01-01
STU05649,Math,Core,3,2024-01-01
STU05650,Math,Core,50,2024-01-01
STU05651,Math,Core,94,2024-01-01
STU05652,Math,Core,50,2024-01-01
STU05653,Math,Core,72,2024-01-01
STU05654,Math,Core,2,2024-01-01
STU05655,Math,Core,68,2024-01-01
STU05656,Math,Core,64,2024-01-01
STU05657,Math,Core,41,2024-01-01
STU05658,Math,Core,21,2024-01-01
STU05659,Math,Core,29,2024-01-01
STU05660,Math,Core,99,2024-01-01
STU05661,Math,Core,18,2024-01-01
STU05662,Math,Core,42,2024-01-01
STU05663,Math,Core,87,2024-01-01
STU05664,Math,Core,48,2024-01-01
STU05665,Math,Core,4,2024-01-01
STU05666,Math,Core,24,2024-01-01
STU05667,Math,Core,36,2024-01-01
STU05668,Math,Core,72,2024-01-01
STU05669,Math,Core,50,2024-01-01
STU05670,Math,Core,49,2024-01-01
STU05671,Math,Core,62,2024-01-01
STU05672,Math,Core,74,2024-01-01
STU05673,Math,Core,83,2024-01-01
STU05674,Math,Core,5,2024-01-01
STU05675,Math,Core,68,2024-01-01
STU05676,Math,Core,30,2024-01-01
STU05677,Math,Core,83,2024-01-01
STU05678,Math,Core,59,2024-01-01
STU05679,Math,Core,94,2024-01-01
STU05680,Math,Core,12,2024-01-01
STU05681,Math,Core,57,2024-01-01
STU05682,Math,Core,58,2024-01-01
STU05683,Math,Core,85,2024-01-01
STU05684,Math,Core,93,2024-01-01
STU05685,Math,Core,26,2024-01-01
STU05686,Math,Core,0,2024-01-01
STU05687,Math,Core,14,2024-01-01
STU05688,Math,Core,57,2024-01-01
STU05689,Math,Core,77,2024-01-01
STU05690,Math,Core,69,2024-01-01
STU05691,Math,Core,3,2024-01-01
STU05692,Math,Core,47,2024-01-01
STU05693,Math,Core,62,2024-01-01
STU05694,Math,Core,63,2024-01-01
STU05695,Math,Core,8,2024-01-01
STU05696,Math,Core,29,2024-01-01
STU05697,Math,Core,25,2024-01-01
STU05698,Math,Core,0,2024-01-01
STU05699,Math,Core,22,2024-01-01
STU05700,Math,Core,60,2024-01-01
STU05701,Math,Core,87,2024-01-01
STU05702,Math,Core,92,2024-01-01
STU05703,Math,Core,45,2024-01-01
STU05704,Math,Core,5,2024-01-01
STU05705,Math,Core,45,2024-01-01
STU05706,Math,Core,73,2024-01-01
STU05707,Math,Core,23,2024-01-01
STU05708,Math,Core,58,2024-01-01
STU05709,Math,Core,98,2024-01-01
STU05710,Math,Core,56,2024-01-01
STU05711,Math,Core,17,2024-01-01
STU05712,Math,Core,21,2024-01-01
STU05713,Math,Core,63,2024-01-01
STU05714,Math,Core,100,2024-01-01
STU05715,Math,Core,14,2024-01-01
STU05716,Math,Core,67,2024-01-01
STU05717,Math,Core,96,2024-01-01
STU05718,Math,Core,17,2024-01-01
STU05719,Math,Core,16,2024-01-01
STU05720,Math,Core,94,2024-01-01
STU05721,Math,Core,73,2024-01-01
STU05722,Math,Core,41,2024-01-01
STU05723,Math,Core,96,2024-01-01
STU05724,Math,Core,57,2024-01-01
STU05725,Math,Core,89,2024-01-01
STU05726,Math,Core,70,2024-01-01
STU05727,Math,Core,76,2024-01-01
STU05728,Math,Core,64,2024-01-01
STU05729,Math,Core,38,2024-01-01
STU05730,Math,Core,28,2024-01-01
STU05731,Math,Core,94,2024-01-01
STU05732,Math,Core,21,2024-01-01
STU05733,Math,Core,95,2024-01-01
STU05734,Math,Core,32,2024-01-01
STU05735,Math,Core,36,2024-01-01
STU05736,Math,Core,34,2024-01-01
STU05737,Math,Core,22,2024-01-01
STU05738,Math,Core,57,2024-01-01
STU05739,Math,Core,97,2024-01-01
STU05740,Math,Core,0,2024-01-01
STU05741,Math,Core,84,2024-01-01
STU05742,Math,Core,65,2024-01-01
STU05743,Math,Core,2,2024-01-01
STU05744,Math,Core,55,2024-01-01
STU05745,Math,Core,81,2024-01-01
STU05746,Math,Core,37,2024-01-01
STU05747,Math,Core,93,2024-01-01
STU05748,Math,Core,51,2024-01-01
STU05749,Math,Core,82,2024-01-01
STU05750,Math,Core,54,2024-01-01
STU05751,Math,Core,5,2024-01-01
STU05752,Math,Core,60,2024-01-01
STU05753,Math,Core,62,2024-01-01
STU05754,Math,Core,61,2024-01-01
STU05755,Math,Core,39,2024-01-01
STU05756,Math,Core,62,2024-01-01
STU05757,Math,Core,67,2024-01-01
STU05758,Math,Core,22,2024-01-01
STU05759,Math,Core,3,2024-01-01
STU05760,Math,Core,92,2024-01-01
STU05761,Math,Core,37,2024-01-01
STU05762,Math,Core,45,2024-01-01
STU05763,Math,Core,48,2024-01-01
STU05764,Math,Core,80,2024-01-01
STU05765,Math,Core,97,2024-01-01
STU05766,Math,Core,53,2024-01-01
STU05767,Math,Core,23,2024-01-01
STU05768,Math,Core,66,2024-01-01
STU05769,Math,Core,68,2024-01-01
STU05770,Math,Core,8,2024-01-01
STU05771,Math,Core,30,2024-01-01
STU05772,Math,Core,11,2024-01-01
STU05773,Math,Core,20,2024-01-01
STU05774,Math,Core,98,2024-01-01
STU05775,Math,Core,64,2024-01-01
STU05776,Math,Core,3,2024-01-01
STU05777,Math,Core,61,2024-01-01
STU05778,Math,Core,99,2024-01-01
STU05779,Math,Core,73,2024-01-01
STU05780,Math,Core,65,2024-01-01
STU05781,Math,Core,90,2024-01-01
STU05782,Math,Core,38,2024-01-01
STU05783,Math,Core,89,2024-01-01
STU05784,Math,Core,80,2024-01-01
STU05785,Math,Core,57,2024-01-01
STU05786,Math,Core,25,2024-01-01
STU05787,Math,Core,13,2024-01-01
STU05788,Math,Core,44,2024-01-01
STU05789,Math,Core,95,2024-01-01
STU05790,Math,Core,57,2024-01-01
STU05791,Math,Core,82,2024-01-01
STU05792,Math,Core,55,2024-01-01
STU05793,Math,Core,26,2024-01-01
STU05794,Math,Core,56,2024-01-01
STU05795,Math,Core,42,2024-01-01
STU05796,Math,Core,83,2024-01-01
STU05797,Math,Core,40,2024-01-01
STU05798,Math,Core,26,2024-01-01
STU05799,Math,Core,31,2024-01-01
STU05800,Math,Core,77,2024-01-01
STU05801,Math,Core,89,2024-01-01
STU05802,Math,Core,14,2024-01-01
STU05803,Math,Core,81,2024-01-01
STU05804,Math,Core,74,2024-01-01
STU05805,Math,Core,43,2024-01-01
STU05806,Math,Core,69,2024-01-01
STU05807,Math,Core,24,2024-01-01
STU05808,Math,Core,11,2024-01-01
STU05809,Math,Core,89,2024-01-01
STU05810,Math,Core,25,2024-01-01
STU05811,Math,Core,45,2024-01-01
STU05812,Math,Core,62,2024-01-01
STU05813,Math,Core,7,2024-01-01
STU05814,Math,Core,96,2024-01-01
STU05815,Math,Core,59,2024-01-01
STU05816,Math,Core,94,2024-01-01
STU05817,Math,Core,65,2024-01-01
STU05818,Math,Core,95,2024-01-01
STU05819,Math,Core,79,2024-01-01
STU05820,Math,Core,54,2024-01-01
STU05821,Math,Core,5,2024-01-01
STU05822,Math,Core,51,2024-01-01
STU05823,Math,Core,94,2024-01-01
STU05824,Math,Core,42,2024-01-01
STU05825,Math,Core,4,2024-01-01
STU05826,Math,Core,44,2024-01-01
STU05827,Math,Core,62,2024-01-01
STU05828,Math,Core,4,2024-01-01
STU05829,Math,Core,58,2024-01-01
STU05830,Math,Core,69,2024-01-01
STU05831,Math,Core,80,2024-01-01
STU05832,Math,Core,43,2024-01-01
STU05833,Math,Core,81,2024-01-01
STU05834,Math,Core,66,2024-01-01
STU05835,Math,Core,26,2024-01-01
STU05836,Math,Core,35,2024-01-01
STU05837,Math,Core,56,2024-01-01
STU05838,Math,Core,20,2024-01-01
STU05839,Math,Core,28,2024-01-01
STU05840,Math,Core,31,2024-01-01
STU05841,Math,Core,95,2024-01-01
STU05842,Math,Core,98,2024-01-01
STU05843,Math,Core,100,2024-01-01
STU05844,Math,Core,15,2024-01-01
STU05845,Math,Core,10,2024-01-01
STU05846,Math,Core,32,2024-01-01
STU05847,Math,Core,61,2024-01-01
STU05848,Math,Core,23,2024-01-01
STU05849,Math,Core,76,2024-01-01
STU05850,Math,Core,15,2024-01-01
STU05851,Math,Core,11,2024-01-01
STU05852,Math,Core,95,2024-01-01
STU05853,Math,Core,88,2024-01-01
STU05854,Math,Core,28,2024-01-01
STU05855,Math,Core,36,2024-01-01
STU05856,Math,Core,77,2024-01-01
STU05857,Math,Core,33,2024-01-01
STU05858,Math,Core,91,2024-01-01
STU05859,Math,Core,52,2024-01-01
STU05860,Math,Core,24,2024-01-01
STU05861,Math,Core,64,2024-01-01
STU05862,Math,Core,85,2024-01-01
STU05863,Math,Core,68,2024-01-01
STU05864,Math,Core,21,2024-01-01
STU05865,Math,Core,90,2024-01-01
STU05866,Math,Core,65,2024-01-01
STU05867,Math,Core,64,2024-01-01
STU05868,Math,Core,25,2024-01-01
STU05869,Math,Core,44,2024-01-01
STU05870,Math,Core,28,2024-01-01
STU05871,Math,Core,95,2024-01-01
STU05872,Math,Core,87,2024-01-01
STU05873,Math,Core,23,2024-01-01
STU05874,Math,Core,47,2024-01-01
STU05875,Math,Core,27,2024-01-01
STU05876,Math,Core,41,2024-01-01
STU05877,Math,Core,85,2024-01-01
STU05878,Math,Core,13,2024-01-01
STU05879,Math,Core,29,2024-01-01
STU05880,Math,Core,81,2024-01-01
STU05881,Math,Core,83,2024-01-01
STU05882,Math,Core,65,2024-01-01
STU05883,Math,Core,32,2024-01-01
STU05884,Math,Core,27,2024-01-01
STU05885,Math,Core,85,2024-01-01
STU05886,Math,Core,93,2024-01-01
STU05887,Math,Core,94,2024-01-01
STU05888,Math,Core,89,2024-01-01
STU05889,Math,Core,85,2024-01-01
STU05890,Math,Core,22,2024-01-01
STU05891,Math,Core,5,2024-01-01
STU05892,Math,Core,42,2024-01-01
STU05893,Math,Core,45,2024-01-01
STU05894,Math,Core,76,2024-01-01
STU05895,Math,Core,20,2024-01-01
STU05896,Math,Core,73,2024-01-01
STU05897,Math,Core,72,2024-01-01
STU05898,Math,Core,0,2024-01-01
STU05899,Math,Core,63,2024-01-01
STU05900,Math,Core,90,2024-01-01
STU05901,Math,Core,77,2024-01-01
STU05902,Math,Core,73,2024-01-01
STU05903,Math,Core,80,2024-01-01
STU05904,Math,Core,77,2024-01-01
STU05905,Math,Core,13,2024-01-01
STU05906,Math,Core,74,2024-01-01
STU05907,Math,Core,18,2024-01-01
STU05908,Math,Core,14,2024-01-01
STU05909,Math,Core,71,2024-01-01
STU05910,Math,Core,25,2024-01-01
STU05911,Math,Core,63,2024-01-01
STU05912,Math,Core,14,2024-01-01
STU05913,Math,Core,20,2024-01-01
STU05914,Math,Core,25,2024-01-01
STU05915,Math,Core,43,2024-01-01
STU05916,Math,Core,42,2024-01-01
STU05917,Math,Core,85,2024-01-01
STU05918,Math,Core,99,2024-01-01
STU05919,Math,Core,50,2024-01-01
STU05920,Math,Core,4,2024-01-01
STU05921,Math,Core,11,2024-01-01
STU05922,Math,Core,45,2024-01-01
STU05923,Math,Core,42,2024-01-01
STU05924,Math,Core,35,2024-01-01
STU05925,Math,Core,79,2024-01-01
STU05926,Math,Core,44,2024-01-01
STU05927,Math,Core,20,2024-01-01
STU05928,Math,Core,32,2024-01-01
STU05929,Math,Core,40,2024-01-01
STU05930,Math,Core,21,2024-01-01
STU05931,Math,Core,10,2024-01-01
STU05932,Math,Core,8,2024-01-01
STU05933,Math,Core,31,2024-01-01
STU05934,Math,Core,52,2024-01-01
STU05935,Math,Core,62,2024-01-01
STU05936,Math,Core,53,2024-01-01
STU05937,Math,Core,51,2024-01-01
STU05938,Math,Core,18,2024-01-01
STU05939,Math,Core,66,2024-01-01
STU05940,Math,Core,44,2024-01-01
STU05941,Math,Core,100,2024-01-01
STU05942,Math,Core,19,2024-01-01
STU05943,Math,Core,90,2024-01-01
STU05944,Math,Core,18,2024-01-01
STU05945,Math,Core,81,2024-01-01
STU05946,Math,Core,17,2024-01-01
STU05947,Math,Core,80,2024-01-01
STU05948,Math,Core,9,2024-01-01
STU05949,Math,Core,63,2024-01-01
STU05950,Math,Core,51,2024-01-01
STU05951,Math,Core,20,2024-01-01
STU05952,Math,Core,50,2024-01-01
STU05953,Math,Core,52,2024-01-01
STU05954,Math,Core,73,2024-01-01
STU05955,Math,Core,26,2024-01-01
STU05956,Math,Core,75,2024-01-01
STU05957,Math,Core,54,2024-01-01
STU05958,Math,Core,23,2024-01-01
STU05959,Math,Core,35,2024-01-01
STU05960,Math,Core,14,2024-01-01
STU05961,Math,Core,80,2024-01-01
STU05962,Math,Core,84,2024-01-01
STU05963,Math,Core,4,2024-01-01
STU05964,Math,Core,67,2024-01-01
STU05965,Math,Core,16,2024-01-01
STU05966,Math,Core,47,2024-01-01
STU05967,Math,Core,20,2024-01-01
STU05968,Math,Core,66,2024-01-01
STU05969,Math,Core,36,2024-01-01
STU05970,Math,Core,12,2024-01-01
STU05971,Math,Core,37,2024-01-01
STU05972,Math,Core,48,2024-01-01
STU05973,Math,Core,45,2024-01-01
STU05974,Math,Core,56,2024-01-01
STU05975,Math,Core,40,2024-01-01
STU05976,Math,Core,85,2024-01-01
STU05977,Math,Core,27,2024-01-01
STU05978,Math,Core,23,2024-01-01
STU05979,Math,Core,76,2024-01-01
STU05980,Math,Core,1,2024-01-01
STU05981,Math,Core,64,2024-01-01
STU05982,Math,Core,7,2024-01-01
STU05983,Math,Core,20,2024-01-01
STU05984,Math,Core,28,2024-01-01
STU05985,Math,Core,69,2024-01-01
STU05986,Math,Core,100,2024-01-01
STU05987,Math,Core,27,2024-01-01
STU05988,Math,Core,62,2024-01-01
STU05989,Math,Core,19,2024-01-01
STU05990,Math,Core,3,2024-01-01
STU05991,Math,Core,72,2024-01-01
STU05992,Math,Core,79,2024-01-01
STU05993,Math,Core,24,2024-01-01
STU05994,Math,Core,61,2024-01-01
STU05995,Math,Core,52,2024-01-01
STU05996,Math,Core,1,2024-01-01
STU05997,Math,Core,51,2024-01-01
STU05998,Math,Core,11,2024-01-01
STU05999,Math,Core,93,2024-01-01
STU06000,Math,Core,88,2024-01-01
STU06001,Math,Core,4,2024-01-01
STU06002,Math,Core,5,2024-01-01
STU06003,Math,Core,77,2024-01-01
STU06004,Math,Core,96,2024-01-01
STU06005,Math,Core,38,2024-01-01
STU06006,Math,Core,82,2024-01-01
STU06007,Math,Core,51,2024-01-01
STU06008,Math,Core,84,2024-01-01
STU06009,Math,Core,15,2024-01-01
STU06010,Math,Core,44,2024-01-01
STU06011,Math,Core,51,2024-01-01
STU06012,Math,Core,33,2024-01-01
STU06013,Math,Core,50,2024-01-01
STU06014,Math,Core,74,2024-01-01
STU06015,Math,Core,91,2024-01-01
STU06016,Math,Core,27,2024-01-01
STU06017,Math,Core,52,2024-01-01
STU06018,Math,Core,12,2024-01-01
STU06019,Math,Core,95,2024-01-01
STU06020,Math,Core,24,2024-01-01
STU06021,Math,Core,21,2024-01-01
STU06022,Math,Core,58,2024-01-01
STU06023,Math,Core,81,2024-01-01
STU06024,Math,Core,52,2024-01-01
STU06025,Math,Core,90,2024-01-01
STU06026,Math,Core,87,2024-01-01
STU06027,Math,Core,72,2024-01-01
STU06028,Math,Core,15,2024-01-01
STU06029,Math,Core,3,2024-01-01
STU06030,Math,Core,48,2024-01-01
STU06031,Math,Core,56,2024-01-01
STU06032,Math,Core,45,2024-01-01
STU06033,Math,Core,23,2024-01-01
STU06034,Math,Core,14,2024-01-01
STU06035,Math,Core,89,2024-01-01
STU06036,Math,Core,33,2024-01-01
STU06037,Math,Core,99,2024-01-01
STU06038,Math,Core,84,2024-01-01
STU06039,Math,Core,0,2024-01-01
STU06040,Math,Core,87,2024-01-01
STU06041,Math,Core,48,2024-01-01
STU06042,Math,Core,37,2024-01-01
STU06043,Math,Core,66,2024-01-01
STU06044,Math,Core,97,2024-01-01
STU06045,Math,Core,55,2024-01-01
STU06046,Math,Core,6,2024-01-01
STU06047,Math,Core,24,2024-01-01
STU06048,Math,Core,95,2024-01-01
STU06049,Math,Core,86,2024-01-01
STU06050,Math,Core,0,2024-01-01
STU06051,Math,Core,100,2024-01-01
STU06052,Math,Core,22,2024-01-01
STU06053,Math,Core,88,2024-01-01
STU06054,Math,Core,19,2024-01-01
STU06055,Math,Core,98,2024-01-01
STU06056,Math,Core,52,2024-01-01
STU06057,Math,Core,1,2024-01-01
STU06058,Math,Core,46,2024-01-01
STU06059,Math,Core,69,2024-01-01
STU06060,Math,Core,16,2024-01-01
STU06061,Math,Core,58,2024-01-01
STU06062,Math,Core,88,2024-01-01
STU06063,Math,Core,34,2024-01-01
STU06064,Math,Core,85,2024-01-01
STU06065,Math,Core,50,2024-01-01
STU06066,Math,Core,78,2024-01-01
STU06067,Math,Core,39,2024-01-01
STU06068,Math,Core,90,2024-01-01
STU06069,Math,Core,87,2024-01-01
STU06070,Math,Core,9,2024-01-01
STU06071,Math,Core,10,2024-01-01
STU06072,Math,Core,54,2024-01-01
STU06073,Math,Core,37,2024-01-01
STU06074,Math,Core,30,2024-01-01
STU06075,Math,Core,71,2024-01-01
STU06076,Math,Core,20,2024-01-01
STU06077,Math,Core,93,2024-01-01
STU06078,Math,Core,10,2024-01-01
STU06079,Math,Core,49,2024-01-01
STU06080,Math,Core,67,2024-01-01
STU06081,Math,Core,20,2024-01-01
STU06082,Math,Core,22,2024-01-01
STU06083,Math,Core,5,2024-01-01
STU06084,Math,Core,24,2024-01-01
STU06085,Math,Core,93,2024-01-01
STU06086,Math,Core,68,2024-01-01
STU06087,Math,Core,93,2024-01-01
STU06088,Math,Core,29,2024-01-01
STU06089,Math,Core,93,2024-01-01
STU06090,Math,Core,14,2024-01-01
STU06091,Math,Core,51,2024-01-01
STU06092,Math,Core,100,2024-01-01
STU06093,Math,Core,34,2024-01-01
STU06094,Math,Core,46,2024-01-01
STU06095,Math,Core,15,2024-01-01
STU06096,Math,Core,53,2024-01-01
STU06097,Math,Core,45,2024-01-01
STU06098,Math,Core,29,2024-01-01
STU06099,Math,Core,6,2024-01-01
STU06100,Math,Core,61,2024-01-01
STU06101,Math,Core,16,2024-01-01
STU06102,Math,Core,92,2024-01-01
STU06103,Math,Core,87,2024-01-01
STU06104,Math,Core,95,2024-01-01
STU06105,Math,Core,96,2024-01-01
STU06106,Math,Core,44,2024-01-01
STU06107,Math,Core,95,2024-01-01
STU06108,Math,Core,55,2024-01-01
STU06109,Math,Core,86,2024-01-01
STU06110,Math,Core,3,2024-01-01
STU06111,Math,Core,46,2024-01-01
STU06112,Math,Core,50,2024-01-01
STU06113,Math,Core,32,2024-01-01
STU06114,Math,Core,16,2024-01-01
STU06115,Math,Core,60,2024-01-01
STU06116,Math,Core,20,2024-01-01
STU06117,Math,Core,94,2024-01-01
STU06118,Math,Core,30,2024-01-01
STU06119,Math,Core,67,2024-01-01
STU06120,Math,Core,76,2024-01-01
STU06121,Math,Core,85,2024-01-01
STU06122,Math,Core,15,2024-01-01
STU06123,Math,Core,16,2024-01-01
STU06124,Math,Core,92,2024-01-01
STU06125,Math,Core,10,2024-01-01
STU06126,Math,Core,45,2024-01-01
STU06127,Math,Core,3,2024-01-01
STU06128,Math,Core,7,2024-01-01
STU06129,Math,Core,84,2024-01-01
STU06130,Math,Core,19,2024-01-01
STU06131,Math,Core,61,2024-01-01
STU06132,Math,Core,4,2024-01-01
STU06133,Math,Core,48,2024-01-01
STU06134,Math,Core,6,2024-01-01
STU06135,Math,Core,18,2024-01-01
STU06136,Math,Core,25,2024-01-01
STU06137,Math,Core,37,2024-01-01
STU06138,Math,Core,24,2024-01-01
STU06139,Math,Core,52,2024-01-01
STU06140,Math,Core,51,2024-01-01
STU06141,Math,Core,9,2024-01-01
STU06142,Math,Core,45,2024-01-01
STU06143,Math,Core,57,2024-01-01
STU06144,Math,Core,7,2024-01-01
STU06145,Math,Core,62,2024-01-01
STU06146,Math,Core,17,2024-01-01
STU06147,Math,Core,81,2024-01-01
STU06148,Math,Core,75,2024-01-01
STU06149,Math,Core,30,2024-01-01
STU06150,Math,Core,55,2024-01-01
STU06151,Math,Core,17,2024-01-01
STU06152,Math,Core,99,2024-01-01
STU06153,Math,Core,38,2024-01-01
STU06154,Math,Core,37,2024-01-01
STU06155,Math,Core,86,2024-01-01
STU06156,Math,Core,68,2024-01-01
STU06157,Math,Core,26,2024-01-01
STU06158,Math,Core,91,2024-01-01
STU06159,Math,Core,73,2024-01-01
STU06160,Math,Core,44,2024-01-01
STU06161,Math,Core,39,2024-01-01
STU06162,Math,Core,13,2024-01-01
STU06163,Math,Core,49,2024-01-01
STU06164,Math,Core,89,2024-01-01
STU06165,Math,Core,12,2024-01-01
STU06166,Math,Core,43,2024-01-01
STU06167,Math,Core,47,2024-01-01
STU06168,Math,Core,67,2024-01-01
STU06169,Math,Core,75,2024-01-01
STU06170,Math,Core,89,2024-01-01
STU06171,Math,Core,30,2024-01-01
STU06172,Math,Core,59,2024-01-01
STU06173,Math,Core,21,2024-01-01
STU06174,Math,Core,69,2024-01-01
STU06175,Math,Core,93,2024-01-01
STU06176,Math,Core,4,2024-01-01
STU06177,Math,Core,38,2024-01-01
STU06178,Math,Core,15,2024-01-01
STU06179,Math,Core,11,2024-01-01
STU06180,Math,Core,15,2024-01-01
STU06181,Math,Core,85,2024-01-01
STU06182,Math,Core,75,2024-01-01
STU06183,Math,Core,78,2024-01-01
STU06184,Math,Core,6,2024-01-01
STU06185,Math,Core,92,2024-01-01
STU06186,Math,Core,54,2024-01-01
STU06187,Math,Core,60,2024-01-01
STU06188,Math,Core,24,2024-01-01
STU06189,Math,Core,23,2024-01-01
STU06190,Math,Core,14,2024-01-01
STU06191,Math,Core,32,2024-01-01
STU06192,Math,Core,22,2024-01-01
STU06193,Math,Core,84,2024-01-01
STU06194,Math,Core,5,2024-01-01
STU06195,Math,Core,74,2024-01-01
STU06196,Math,Core,76,2024-01-01
STU06197,Math,Core,17,2024-01-01
STU06198,Math,Core,36,2024-01-01
STU06199,Math,Core,6,2024-01-01
STU06200,Math,Core,82,2024-01-01
STU06201,Math,Core,63,2024-01-01
STU06202,Math,Core,6,2024-01-01
STU06203,Math,Core,92,2024-01-01
STU06204,Math,Core,27,2024-01-01
STU06205,Math,Core,38,2024-01-01
STU06206,Math,Core,7,2024-01-01
STU06207,Math,Core,99,2024-01-01
STU06208,Math,Core,61,2024-01-01
STU06209,Math,Core,48,2024-01-01
STU06210,Math,Core,40,2024-01-01
STU06211,Math,Core,55,2024-01-01
STU06212,Math,Core,94,2024-01-01
STU06213,Math,Core,71,2024-01-01
STU06214,Math,Core,30,2024-01-01
STU06215,Math,Core,74,2024-01-01
STU06216,Math,Core,75,2024-01-01
STU06217,Math,Core,72,2024-01-01
STU06218,Math,Core,46,2024-01-01
STU06219,Math,Core,37,2024-01-01
STU06220,Math,Core,98,2024-01-01
STU06221,Math,Core,35,2024-01-01
STU06222,Math,Core,55,2024-01-01
STU06223,Math,Core,19,2024-01-01
STU06224,Math,Core,38,2024-01-01
STU06225,Math,Core,54,2024-01-01
STU06226,Math,Core,81,2024-01-01
STU06227,Math,Core,55,2024-01-01
STU06228,Math,Core,65,2024-01-01
STU06229,Math,Core,8,2024-01-01
STU06230,Math,Core,69,2024-01-01
STU06231,Math,Core,89,2024-01-01
STU06232,Math,Core,0,2024-01-01
STU06233,Math,Core,100,2024-01-01
STU06234,Math,Core,68,2024-01-01
STU06235,Math,Core,85,2024-01-01
STU06236,Math,Core,20,2024-01-01
STU06237,Math,Core,32,2024-01-01
STU06238,Math,Core,61,2024-01-01
STU06239,Math,Core,94,2024-01-01
STU06240,Math,Core,54,2024-01-01
STU06241,Math,Core,22,2024-01-01
STU06242,Math,Core,7,2024-01-01
STU06243,Math,Core,82,2024-01-01
STU06244,Math,Core,52,2024-01-01
STU06245,Math,Core,97,2024-01-01
STU06246,Math,Core,63,2024-01-01
STU06247,Math,Core,75,2024-01-01
STU06248,Math,Core,90,2024-01-01
STU06249,Math,Core,16,2024-01-01
STU06250,Math,Core,95,2024-01-01
STU06251,Math,Core,50,2024-01-01
STU06252,Math,Core,43,2024-01-01
STU06253,Math,Core,11,2024-01-01
STU06254,Math,Core,55,2024-01-01
STU06255,Math,Core,4,2024-01-01
STU06256,Math,Core,30,2024-01-01
STU06257,Math,Core,25,2024-01-01
STU06258,Math,Core,56,2024-01-01
STU06259,Math,Core,79,2024-01-01
STU06260,Math,Core,3,2024-01-01
STU06261,Math,Core,23,2024-01-01
STU06262,Math,Core,22,2024-01-01
STU06263,Math,Core,45,2024-01-01
STU06264,Math,Core,67,2024-01-01
STU06265,Math,Core,78,2024-01-01
STU06266,Math,Core,47,2024-01-01
STU06267,Math,Core,14,2024-01-01
STU06268,Math,Core,62,2024-01-01
STU06269,Math,Core,16,2024-01-01
STU06270,Math,Core,51,2024-01-01
STU06271,Math,Core,55,2024-01-01
STU06272,Math,Core,43,2024-01-01
STU06273,Math,Core,9,2024-01-01
STU06274,Math,Core,78,2024-01-01
STU06275,Math,Core,56,2024-01-01
STU06276,Math,Core,23,2024-01-01
STU06277,Math,Core,5,2024-01-01
STU06278,Math,Core,29,2024-01-01
STU06279,Math,Core,2,2024-01-01
STU06280,Math,Core,0,2024-01-01
STU06281,Math,Core,39,2024-01-01
STU06282,Math,Core,65,2024-01-01
STU06283,Math,Core,26,2024-01-01
STU06284,Math,Core,49,2024-01-01
STU06285,Math,Core,29,2024-01-01
STU06286,Math,Core,61,2024-01-01
STU06287,Math,Core,64,2024-01-01
STU06288,Math,Core,63,2024-01-01
STU06289,Math,Core,96,2024-01-01
STU06290,Math,Core,73,2024-01-01
STU06291,Math,Core,91,2024-01-01
STU06292,Math,Core,81,2024-01-01
STU06293,Math,Core,28,2024-01-01
STU06294,Math,Core,9,2024-01-01
STU06295,Math,Core,27,2024-01-01
STU06296,Math,Core,71,2024-01-01
STU06297,Math,Core,85,2024-01-01
STU06298,Math,Core,28,2024-01-01
STU06299,Math,Core,83,2024-01-01
STU06300,Math,Core,78,2024-01-01
STU06301,Math,Core,40,2024-01-01
STU06302,Math,Core,87,2024-01-01
STU06303,Math,Core,10,2024-01-01
STU06304,Math,Core,96,2024-01-01
STU06305,Math,Core,51,2024-01-01
STU06306,Math,Core,78,2024-01-01
STU06307,Math,Core,96,2024-01-01
STU06308,Math,Core,43,2024-01-01
STU06309,Math,Core,2,2024-01-01
STU06310,Math,Core,10,2024-01-01
STU06311,Math,Core,64,2024-01-01
STU06312,Math,Core,84,2024-01-01
STU06313,Math,Core,86,2024-01-01
STU06314,Math,Core,10,2024-01-01
STU06315,Math,Core,72,2024-01-01
STU06316,Math,Core,53,2024-01-01
STU06317,Math,Core,31,2024-01-01
STU06318,Math,Core,27,2024-01-01
STU06319,Math,Core,54,2024-01-01
STU06320,Math,Core,16,2024-01-01
STU06321,Math,Core,11,2024-01-01
STU06322,Math,Core,97,2024-01-01
STU06323,Math,Core,89,2024-01-01
STU06324,Math,Core,41,2024-01-01
STU06325,Math,Core,84,2024-01-01
STU06326,Math,Core,3,2024-01-01
STU06327,Math,Core,83,2024-01-01
STU06328,Math,Core,67,2024-01-01
STU06329,Math,Core,34,2024-01-01
STU06330,Math,Core,51,2024-01-01
STU06331,Math,Core,49,2024-01-01
STU06332,Math,Core,54,2024-01-01
STU06333,Math,Core,9,2024-01-01
STU06334,Math,Core,53,2024-01-01
STU06335,Math,Core,24,2024-01-01
STU06336,Math,Core,6,2024-01-01
STU06337,Math,Core,23,2024-01-01
STU06338,Math,Core,7,2024-01-01
STU06339,Math,Core,82,2024-01-01
STU06340,Math,Core,94,2024-01-01
STU06341,Math,Core,59,2024-01-01
STU06342,Math,Core,94,2024-01-01
STU06343,Math,Core,44,2024-01-01
STU06344,Math,Core,83,2024-01-01
STU06345,Math,Core,8,2024-01-01
STU06346,Math,Core,57,2024-01-01
STU06347,Math,Core,42,2024-01-01
STU06348,Math,Core,21,2024-01-01
STU06349,Math,Core,57,2024-01-01
STU06350,Math,Core,74,2024-01-01
STU06351,Math,Core,60,2024-01-01
STU06352,Math,Core,16,2024-01-01
STU06353,Math,Core,25,2024-01-01
STU06354,Math,Core,32,2024-01-01
STU06355,Math,Core,18,2024-01-01
STU06356,Math,Core,67,2024-01-01
STU06357,Math,Core,55,2024-01-01
STU06358,Math,Core,47,2024-01-01
STU06359,Math,Core,98,2024-01-01
STU06360,Math,Core,75,2024-01-01
STU06361,Math,Core,40,2024-01-01
STU06362,Math,Core,93,2024-01-01
STU06363,Math,Core,4,2024-01-01
STU06364,Math,Core,28,2024-01-01
STU06365,Math,Core,45,2024-01-01
STU06366,Math,Core,7,2024-01-01
STU06367,Math,Core,47,2024-01-01
STU06368,Math,Core,97,2024-01-01
STU06369,Math,Core,82,2024-01-01
STU06370,Math,Core,3,2024-01-01
STU06371,Math,Core,11,2024-01-01
STU06372,Math,Core,21,2024-01-01
STU06373,Math,Core,21,2024-01-01
STU06374,Math,Core,63,2024-01-01
STU06375,Math,Core,88,2024-01-01
STU06376,Math,Core,97,2024-01-01
STU06377,Math,Core,18,2024-01-01
STU06378,Math,Core,69,2024-01-01
STU06379,Math,Core,41,2024-01-01
STU06380,Math,Core,66,2024-01-01
STU06381,Math,Core,37,2024-01-01
STU06382,Math,Core,64,2024-01-01
STU06383,Math,Core,15,2024-01-01
STU06384,Math,Core,35,2024-01-01
STU06385,Math,Core,40,2024-01-01
STU06386,Math,Core,97,2024-01-01
STU06387,Math,Core,31,2024-01-01
STU06388,Math,Core,83,2024-01-01
STU06389,Math,Core,60,2024-01-01
STU06390,Math,Core,81,2024-01-01
STU06391,Math,Core,21,2024-01-01
STU06392,Math,Core,35,2024-01-01
STU06393,Math,Core,46,2024-01-01
STU06394,Math,Core,34,2024-01-01
STU06395,Math,Core,94,2024-01-01
STU06396,Math,Core,100,2024-01-01
STU06397,Math,Core,13,2024-01-01
STU06398,Math,Core,36,2024-01-01
STU06399,Math,Core,17,2024-01-01
STU06400,Math,Core,89,2024-01-01
STU06401,Math,Core,22,2024-01-01
STU06402,Math,Core,94,2024-01-01
STU06403,Math,Core,93,2024-01-01
STU06404,Math,Core,54,2024-01-01
STU06405,Math,Core,87,2024-01-01
STU06406,Math,Core,75,2024-01-01
STU06407,Math,Core,74,2024-01-01
STU06408,Math,Core,40,2024-01-01
STU06409,Math,Core,87,2024-01-01
STU06410,Math,Core,83,2024-01-01
STU06411,Math,Core,1,2024-01-01
STU06412,Math,Core,61,2024-01-01
STU06413,Math,Core,5,2024-01-01
STU06414,Math,Core,14,2024-01-01
STU06415,Math,Core,55,2024-01-01
STU06416,Math,Core,100,2024-01-01
STU06417,Math,Core,14,2024-01-01
STU06418,Math,Core,20,2024-01-01
STU06419,Math,Core,92,2024-01-01
STU06420,Math,Core,99,2024-01-01
STU06421,Math,Core,16,2024-01-01
STU06422,Math,Core,67,2024-01-01
STU06423,Math,Core,82,2024-01-01
STU06424,Math,Core,53,2024-01-01
STU06425,Math,Core,11,2024-01-01
STU06426,Math,Core,86,2024-01-01
STU06427,Math,Core,14,2024-01-01
STU06428,Math,Core,5,2024-01-01
STU06429,Math,Core,52,2024-01-01
STU06430,Math,Core,81,2024-01-01
STU06431,Math,Core,8,2024-01-01
STU06432,Math,Core,33,2024-01-01
STU06433,Math,Core,68,2024-01-01
STU06434,Math,Core,4,2024-01-01
STU06435,Math,Core,16,2024-01-01
STU06436,Math,Core,68,2024-01-01
STU06437,Math,Core,37,2024-01-01
STU06438,Math,Core,41,2024-01-01
STU06439,Math,Core,86,2024-01-01
STU06440,Math,Core,55,2024-01-01
STU06441,Math,Core,5,2024-01-01
STU06442,Math,Core,1,2024-01-01
STU06443,Math,Core,33,2024-01-01
STU06444,Math,Core,91,2024-01-01
STU06445,Math,Core,8,2024-01-01
STU06446,Math,Core,59,2024-01-01
STU06447,Math,Core,75,2024-01-01
STU06448,Math,Core,42,2024-01-01
STU06449,Math,Core,87,2024-01-01
STU06450,Math,Core,81,2024-01-01
STU06451,Math,Core,1,2024-01-01
STU06452,Math,Core,71,2024-01-01
STU06453,Math,Core,3,2024-01-01
STU06454,Math,Core,55,2024-01-01
STU06455,Math,Core,7,2024-01-01
STU06456,Math,Core,90,2024-01-01
STU06457,Math,Core,78,2024-01-01
STU06458,Math,Core,52,2024-01-01
STU06459,Math,Core,72,2024-01-01
STU06460,Math,Core,48,2024-01-01
STU06461,Math,Core,29,2024-01-01
STU06462,Math,Core,24,2024-01-01
STU06463,Math,Core,24,2024-01-01
STU06464,Math,Core,21,2024-01-01
STU06465,Math,Core,91,2024-01-01
STU06466,Math,Core,88,2024-01-01
STU06467,Math,Core,39,2024-01-01
STU06468,Math,Core,47,2024-01-01
STU06469,Math,Core,4,2024-01-01
STU06470,Math,Core,94,2024-01-01
STU06471,Math,Core,60,2024-01-01
STU06472,Math,Core,90,2024-01-01
STU06473,Math,Core,28,2024-01-01
STU06474,Math,Core,30,2024-01-01
STU06475,Math,Core,9,2024-01-01
STU06476,Math,Core,1,2024-01-01
STU06477,Math,Core,9,2024-01-01
STU06478,Math,Core,100,2024-01-01
STU06479,Math,Core,64,2024-01-01
STU06480,Math,Core,58,2024-01-01
STU06481,Math,Core,62,2024-01-01
STU06482,Math,Core,4,2024-01-01
STU06483,Math,Core,12,2024-01-01
STU06484,Math,Core,78,2024-01-01
STU06485,Math,Core,20,2024-01-01
STU06486,Math,Core,11,2024-01-01
STU06487,Math,Core,38,2024-01-01
STU06488,Math,Core,45,2024-01-01
STU06489,Math,Core,64,2024-01-01
STU06490,Math,Core,71,2024-01-01
STU06491,Math,Core,41,2024-01-01
STU06492,Math,Core,56,2024-01-01
STU06493,Math,Core,10,2024-01-01
STU06494,Math,Core,89,2024-01-01
STU06495,Math,Core,33,2024-01-01
STU06496,Math,Core,4,2024-01-01
STU06497,Math,Core,26,2024-01-01
STU06498,Math,Core,81,2024-01-01
STU06499,Math,Core,8,2024-01-01
STU06500,Math,Core,16,2024-01-01
STU06501,Math,Core,67,2024-01-01
STU06502,Math,Core,55,2024-01-01
STU06503,Math,Core,49,2024-01-01
STU06504,Math,Core,66,2024-01-01
STU06505,Math,Core,9,2024-01-01
STU06506,Math,Core,42,2024-01-01
STU06507,Math,Core,98,2024-01-01
STU06508,Math,Core,14,2024-01-01
STU06509,Math,Core,52,2024-01-01
STU06510,Math,Core,93,2024-01-01
STU06511,Math,Core,36,2024-01-01
STU06512,Math,Core,61,2024-01-01
STU06513,Math,Core,49,2024-01-01
STU06514,Math,Core,88,2024-01-01
STU06515,Math,Core,85,2024-01-01
STU06516,Math,Core,66,2024-01-01
STU06517,Math,Core,54,2024-01-01
STU06518,Math,Core,26,2024-01-01
STU06519,Math,Core,53,2024-01-01
STU06520,Math,Core,19,2024-01-01
STU06521,Math,Core,1,2024-01-01
STU06522,Math,Core,62,2024-01-01
STU06523,Math,Core,14,2024-01-01
STU06524,Math,Core,96,2024-01-01
STU06525,Math,Core,85,2024-01-01
STU06526,Math,Core,14,2024-01-01
STU06527,Math,Core,58,2024-01-01
STU06528,Math,Core,1,2024-01-01
STU06529,Math,Core,64,2024-01-01
STU06530,Math,Core,7,2024-01-01
STU06531,Math,Core,3,2024-01-01
STU06532,Math,Core,89,2024-01-01
STU06533,Math,Core,38,2024-01-01
STU06534,Math,Core,62,2024-01-01
STU06535,Math,Core,82,2024-01-01
STU06536,Math,Core,48,2024-01-01
STU06537,Math,Core,3,2024-01-01
STU06538,Math,Core,52,2024-01-01
STU06539,Math,Core,64,2024-01-01
STU06540,Math,Core,85,2024-01-01
STU06541,Math,Core,38,2024-01-01
STU06542,Math,Core,8,2024-01-01
STU06543,Math,Core,73,2024-01-01
STU06544,Math,Core,27,2024-01-01
STU06545,Math,Core,100,2024-01-01
STU06546,Math,Core,30,2024-01-01
STU06547,Math,Core,38,2024-01-01
STU06548,Math,Core,54,2024-01-01
STU06549,Math,Core,88,2024-01-01
STU06550,Math,Core,84,2024-01-01
STU06551,Math,Core,46,2024-01-01
STU06552,Math,Core,1,2024-01-01
STU06553,Math,Core,34,2024-01-01
STU06554,Math,Core,58,2024-01-01
STU06555,Math,Core,27,2024-01-01
STU06556,Math,Core,44,2024-01-01
STU06557,Math,Core,31,2024-01-01
STU06558,Math,Core,92,2024-01-01
STU06559,Math,Core,97,2024-01-01
STU06560,Math,Core,86,2024-01-01
STU06561,Math,Core,55,2024-01-01
STU06562,Math,Core,80,2024-01-01
STU06563,Math,Core,43,2024-01-01
STU06564,Math,Core,66,2024-01-01
STU06565,Math,Core,28,2024-01-01
STU06566,Math,Core,97,2024-01-01
STU06567,Math,Core,5,2024-01-01
STU06568,Math,Core,98,2024-01-01
STU06569,Math,Core,64,2024-01-01
STU06570,Math,Core,18,2024-01-01
STU06571,Math,Core,3,2024-01-01
STU06572,Math,Core,9,2024-01-01
STU06573,Math,Core,50,2024-01-01
STU06574,Math,Core,3,2024-01-01
STU06575,Math,Core,91,2024-01-01
STU06576,Math,Core,100,2024-01-01
STU06577,Math,Core,87,2024-01-01
STU06578,Math,Core,20,2024-01-01
STU06579,Math,Core,55,2024-01-01
STU06580,Math,Core,73,2024-01-01
STU06581,Math,Core,5,2024-01-01
STU06582,Math,Core,78,2024-01-01
STU06583,Math,Core,83,2024-01-01
STU06584,Math,Core,70,2024-01-01
STU06585,Math,Core,0,2024-01-01
STU06586,Math,Core,68,2024-01-01
STU06587,Math,Core,35,2024-01-01
STU06588,Math,Core,27,2024-01-01
STU06589,Math,Core,19,2024-01-01
STU06590,Math,Core,8,2024-01-01
STU06591,Math,Core,10,2024-01-01
STU06592,Math,Core,19,2024-01-01
STU06593,Math,Core,40,2024-01-01
STU06594,Math,Core,16,2024-01-01
STU06595,Math,Core,47,2024-01-01
STU06596,Math,Core,99,2024-01-01
STU06597,Math,Core,27,2024-01-01
STU06598,Math,Core,60,2024-01-01
STU06599,Math,Core,38,2024-01-01
STU06600,Math,Core,97,2024-01-01
STU06601,Math,Core,56,2024-01-01
STU06602,Math,Core,45,2024-01-01
STU06603,Math,Core,35,2024-01-01
STU06604,Math,Core,53,2024-01-01
STU06605,Math,Core,15,2024-01-01
STU06606,Math,Core,67,2024-01-01
STU06607,Math,Core,61,2024-01-01
STU06608,Math,Core,35,2024-01-01
STU06609,Math,Core,94,2024-01-01
STU06610,Math,Core,56,2024-01-01
STU06611,Math,Core,58,2024-01-01
STU06612,Math,Core,59,2024-01-01
STU06613,Math,Core,80,2024-01-01
STU06614,Math,Core,53,2024-01-01
STU06615,Math,Core,48,2024-01-01
STU06616,Math,Core,52,2024-01-01
STU06617,Math,Core,34,2024-01-01
STU06618,Math,Core,29,2024-01-01
STU06619,Math,Core,65,2024-01-01
STU06620,Math,Core,71,2024-01-01
STU06621,Math,Core,4,2024-01-01
STU06622,Math,Core,75,2024-01-01
STU06623,Math,Core,65,2024-01-01
STU06624,Math,Core,35,2024-01-01
STU06625,Math,Core,84,2024-01-01
STU06626,Math,Core,84,2024-01-01
STU06627,Math,Core,66,2024-01-01
STU06628,Math,Core,63,2024-01-01
STU06629,Math,Core,19,2024-01-01
STU06630,Math,Core,0,2024-01-01
STU06631,Math,Core,20,2024-01-01
STU06632,Math,Core,58,2024-01-01
STU06633,Math,Core,92,2024-01-01
STU06634,Math,Core,66,2024-01-01
STU06635,Math,Core,5,2024-01-01
STU06636,Math,Core,30,2024-01-01
STU06637,Math,Core,80,2024-01-01
STU06638,Math,Core,63,2024-01-01
STU06639,Math,Core,60,2024-01-01
STU06640,Math,Core,32,2024-01-01
STU06641,Math,Core,45,2024-01-01
STU06642,Math,Core,97,2024-01-01
STU06643,Math,Core,54,2024-01-01
STU06644,Math,Core,56,2024-01-01
STU06645,Math,Core,54,2024-01-01
STU06646,Math,Core,96,2024-01-01
STU06647,Math,Core,68,2024-01-01
STU06648,Math,Core,97,2024-01-01
STU06649,Math,Core,14,2024-01-01
STU06650,Math,Core,60,2024-01-01
STU06651,Math,Core,93,2024-01-01
STU06652,Math,Core,91,2024-01-01
STU06653,Math,Core,32,2024-01-01
STU06654,Math,Core,7,2024-01-01
STU06655,Math,Core,75,2024-01-01
STU06656,Math,Core,39,2024-01-01
STU06657,Math,Core,96,2024-01-01
STU06658,Math,Core,59,2024-01-01
STU06659,Math,Core,32,2024-01-01
STU06660,Math,Core,26,2024-01-01
STU06661,Math,Core,65,2024-01-01
STU06662,Math,Core,73,2024-01-01
STU06663,Math,Core,53,2024-01-01
STU06664,Math,Core,36,2024-01-01
STU06665,Math,Core,52,2024-01-01
STU06666,Math,Core,74,2024-01-01
STU06667,Math,Core,60,2024-01-01
STU06668,Math,Core,23,2024-01-01
STU06669,Math,Core,53,2024-01-01
STU06670,Math,Core,36,2024-01-01
STU06671,Math,Core,87,2024-01-01
STU06672,Math,Core,89,2024-01-01
STU06673,Math,Core,3,2024-01-01
STU06674,Math,Core,78,2024-01-01
STU06675,Math,Core,17,2024-01-01
STU06676,Math,Core,37,2024-01-01
STU06677,Math,Core,73,2024-01-01
STU06678,Math,Core,47,2024-01-01
STU06679,Math,Core,52,2024-01-01
STU06680,Math,Core,69,2024-01-01
STU06681,Math,Core,81,2024-01-01
STU06682,Math,Core,25,2024-01-01
STU06683,Math,Core,55,2024-01-01
STU06684,Math,Core,96,2024-01-01
STU06685,Math,Core,70,2024-01-01
STU06686,Math,Core,53,2024-01-01
STU06687,Math,Core,42,2024-01-01
STU06688,Math,Core,88,2024-01-01
STU06689,Math,Core,39,2024-01-01
STU06690,Math,Core,54,2024-01-01
STU06691,Math,Core,6,2024-01-01
STU06692,Math,Core,4,2024-01-01
STU06693,Math,Core,9,2024-01-01
STU06694,Math,Core,59,2024-01-01
STU06695,Math,Core,63,2024-01-01
STU06696,Math,Core,94,2024-01-01
STU06697,Math,Core,52,2024-01-01
STU06698,Math,Core,9,2024-01-01
STU06699,Math,Core,68,2024-01-01
STU06700,Math,Core,4,2024-01-01
STU06701,Math,Core,37,2024-01-01
STU06702,Math,Core,31,2024-01-01
STU06703,Math,Core,56,2024-01-01
STU06704,Math,Core,36,2024-01-01
STU06705,Math,Core,13,2024-01-01
STU06706,Math,Core,18,2024-01-01
STU06707,Math,Core,4,2024-01-01
STU06708,Math,Core,55,2024-01-01
STU06709,Math,Core,44,2024-01-01
STU06710,Math,Core,35,2024-01-01
STU06711,Math,Core,89,2024-01-01
STU06712,Math,Core,32,2024-01-01
STU06713,Math,Core,55,2024-01-01
STU06714,Math,Core,15,2024-01-01
STU06715,Math,Core,52,2024-01-01
STU06716,Math,Core,24,2024-01-01
STU06717,Math,Core,78,2024-01-01
STU06718,Math,Core,97,2024-01-01
STU06719,Math,Core,53,2024-01-01
STU06720,Math,Core,14,2024-01-01
STU06721,Math,Core,46,2024-01-01
STU06722,Math,Core,86,2024-01-01
STU06723,Math,Core,85,2024-01-01
STU06724,Math,Core,98,2024-01-01
STU06725,Math,Core,21,2024-01-01
STU06726,Math,Core,51,2024-01-01
STU06727,Math,Core,29,2024-01-01
STU06728,Math,Core,34,2024-01-01
STU06729,Math,Core,55,2024-01-01
STU06730,Math,Core,28,2024-01-01
STU06731,Math,Core,96,2024-01-01
STU06732,Math,Core,56,2024-01-01
STU06733,Math,Core,95,2024-01-01
STU06734,Math,Core,79,2024-01-01
STU06735,Math,Core,61,2024-01-01
STU06736,Math,Core,57,2024-01-01
STU06737,Math,Core,55,2024-01-01
STU06738,Math,Core,7,2024-01-01
STU06739,Math,Core,73,2024-01-01
STU06740,Math,Core,34,2024-01-01
STU06741,Math,Core,39,2024-01-01
STU06742,Math,Core,32,2024-01-01
STU06743,Math,Core,50,2024-01-01
STU06744,Math,Core,48,2024-01-01
STU06745,Math,Core,57,2024-01-01
STU06746,Math,Core,92,2024-01-01
STU06747,Math,Core,94,2024-01-01
STU06748,Math,Core,74,2024-01-01
STU06749,Math,Core,80,2024-01-01
STU06750,Math,Core,63,2024-01-01
STU06751,Math,Core,46,2024-01-01
STU06752,Math,Core,44,2024-01-01
STU06753,Math,Core,86,2024-01-01
STU06754,Math,Core,10,2024-01-01
STU06755,Math,Core,32,2024-01-01
STU06756,Math,Core,98,2024-01-01
STU06757,Math,Core,31,2024-01-01
STU06758,Math,Core,29,2024-01-01
STU06759,Math,Core,95,2024-01-01
STU06760,Math,Core,18,2024-01-01
STU06761,Math,Core,81,2024-01-01
STU06762,Math,Core,92,2024-01-01
STU06763,Math,Core,17,2024-01-01
STU06764,Math,Core,17,2024-01-01
STU06765,Math,Core,86,2024-01-01
STU06766,Math,Core,7,2024-01-01
STU06767,Math,Core,7,2024-01-01
STU06768,Math,Core,20,2024-01-01
STU06769,Math,Core,31,2024-01-01
STU06770,Math,Core,99,2024-01-01
STU06771,Math,Core,100,2024-01-01
STU06772,Math,Core,46,2024-01-01
STU06773,Math,Core,5,2024-01-01
STU06774,Math,Core,89,2024-01-01
STU06775,Math,Core,22,2024-01-01
STU06776,Math,Core,60,2024-01-01
STU06777,Math,Core,35,2024-01-01
STU06778,Math,Core,87,2024-01-01
STU06779,Math,Core,29,2024-01-01
STU06780,Math,Core,12,2024-01-01
STU06781,Math,Core,64,2024-01-01
STU06782,Math,Core,50,2024-01-01
STU06783,Math,Core,95,2024-01-01
STU06784,Math,Core,84,2024-01-01
STU06785,Math,Core,45,2024-01-01
STU06786,Math,Core,7,2024-01-01
STU06787,Math,Core,41,2024-01-01
STU06788,Math,Core,92,2024-01-01
STU06789,Math,Core,61,2024-01-01
STU06790,Math,Core,0,2024-01-01
STU06791,Math,Core,39,2024-01-01
STU06792,Math,Core,93,2024-01-01
STU06793,Math,Core,59,2024-01-01
STU06794,Math,Core,38,2024-01-01
STU06795,Math,Core,65,2024-01-01
STU06796,Math,Core,83,2024-01-01
STU06797,Math,Core,95,2024-01-01
STU06798,Math,Core,30,2024-01-01
STU06799,Math,Core,48,2024-01-01
STU06800,Math,Core,85,2024-01-01
STU06801,Math,Core,95,2024-01-01
STU06802,Math,Core,90,2024-01-01
STU06803,Math,Core,73,2024-01-01
STU06804,Math,Core,16,2024-01-01
STU06805,Math,Core,74,2024-01-01
STU06806,Math,Core,98,2024-01-01
STU06807,Math,Core,7,2024-01-01
STU06808,Math,Core,29,2024-01-01
STU06809,Math,Core,89,2024-01-01
STU06810,Math,Core,76,2024-01-01
STU06811,Math,Core,86,2024-01-01
STU06812,Math,Core,97,2024-01-01
STU06813,Math,Core,92,2024-01-01
STU06814,Math,Core,91,2024-01-01
STU06815,Math,Core,38,2024-01-01
STU06816,Math,Core,25,2024-01-01
STU06817,Math,Core,36,2024-01-01
STU06818,Math,Core,22,2024-01-01
STU06819,Math,Core,22,2024-01-01
STU06820,Math,Core,17,2024-01-01
STU06821,Math,Core,24,2024-01-01
STU06822,Math,Core,33,2024-01-01
STU06823,Math,Core,14,2024-01-01
STU06824,Math,Core,93,2024-01-01
STU06825,Math,Core,14,2024-01-01
STU06826,Math,Core,3,2024-01-01
STU06827,Math,Core,85,2024-01-01
STU06828,Math,Core,45,2024-01-01
STU06829,Math,Core,87,2024-01-01
STU06830,Math,Core,81,2024-01-01
STU06831,Math,Core,61,2024-01-01
STU06832,Math,Core,47,2024-01-01
STU06833,Math,Core,60,2024-01-01
STU06834,Math,Core,50,2024-01-01
STU06835,Math,Core,44,2024-01-01
STU06836,Math,Core,39,2024-01-01
STU06837,Math,Core,12,2024-01-01
STU06838,Math,Core,38,2024-01-01
STU06839,Math,Core,53,2024-01-01
STU06840,Math,Core,97,2024-01-01
STU06841,Math,Core,4,2024-01-01
STU06842,Math,Core,88,2024-01-01
STU06843,Math,Core,32,2024-01-01
STU06844,Math,Core,100,2024-01-01
STU06845,Math,Core,33,2024-01-01
STU06846,Math,Core,30,2024-01-01
STU06847,Math,Core,21,2024-01-01
STU06848,Math,Core,72,2024-01-01
STU06849,Math,Core,31,2024-01-01
STU06850,Math,Core,100,2024-01-01
STU06851,Math,Core,50,2024-01-01
STU06852,Math,Core,40,2024-01-01
STU06853,Math,Core,49,2024-01-01
STU06854,Math,Core,23,2024-01-01
STU06855,Math,Core,29,2024-01-01
STU06856,Math,Core,52,2024-01-01
STU06857,Math,Core,14,2024-01-01
STU06858,Math,Core,39,2024-01-01
STU06859,Math,Core,33,2024-01-01
STU06860,Math,Core,94,2024-01-01
STU06861,Math,Core,82,2024-01-01
STU06862,Math,Core,49,2024-01-01
STU06863,Math,Core,25,2024-01-01
STU06864,Math,Core,55,2024-01-01
STU06865,Math,Core,76,2024-01-01
STU06866,Math,Core,25,2024-01-01
STU06867,Math,Core,93,2024-01-01
STU06868,Math,Core,35,2024-01-01
STU06869,Math,Core,18,2024-01-01
STU06870,Math,Core,48,2024-01-01
STU06871,Math,Core,28,2024-01-01
STU06872,Math,Core,57,2024-01-01
STU06873,Math,Core,86,2024-01-01
STU06874,Math,Core,63,2024-01-01
STU06875,Math,Core,78,2024-01-01
STU06876,Math,Core,45,2024-01-01
STU06877,Math,Core,79,2024-01-01
STU06878,Math,Core,11,2024-01-01
STU06879,Math,Core,47,2024-01-01
STU06880,Math,Core,5,2024-01-01
STU06881,Math,Core,5,2024-01-01
STU06882,Math,Core,34,2024-01-01
STU06883,Math,Core,71,2024-01-01
STU06884,Math,Core,15,2024-01-01
STU06885,Math,Core,74,2024-01-01
STU06886,Math,Core,47,2024-01-01
STU06887,Math,Core,33,2024-01-01
STU06888,Math,Core,70,2024-01-01
STU06889,Math,Core,81,2024-01-01
STU06890,Math,Core,63,2024-01-01
STU06891,Math,Core,76,2024-01-01
STU06892,Math,Core,93,2024-01-01
STU06893,Math,Core,32,2024-01-01
STU06894,Math,Core,95,2024-01-01
STU06895,Math,Core,71,2024-01-01
STU06896,Math,Core,74,2024-01-01
STU06897,Math,Core,13,2024-01-01
STU06898,Math,Core,95,2024-01-01
STU06899,Math,Core,15,2024-01-01
STU06900,Math,Core,95,2024-01-01
STU06901,Math,Core,38,2024-01-01
STU06902,Math,Core,71,2024-01-01
STU06903,Math,Core,79,2024-01-01
STU06904,Math,Core,82,2024-01-01
STU06905,Math,Core,24,2024-01-01
STU06906,Math,Core,25,2024-01-01
STU06907,Math,Core,96,2024-01-01
STU06908,Math,Core,90,2024-01-01
STU06909,Math,Core,74,2024-01-01
STU06910,Math,Core,85,2024-01-01
STU06911,Math,Core,47,2024-01-01
STU06912,Math,Core,71,2024-01-01
STU06913,Math,Core,5,2024-01-01
STU06914,Math,Core,80,2024-01-01
STU06915,Math,Core,73,2024-01-01
STU06916,Math,Core,48,2024-01-01
STU06917,Math,Core,92,2024-01-01
STU06918,Math,Core,23,2024-01-01
STU06919,Math,Core,90,2024-01-01
STU06920,Math,Core,6,2024-01-01
STU06921,Math,Core,14,2024-01-01
STU06922,Math,Core,77,2024-01-01
STU06923,Math,Core,66,2024-01-01
STU06924,Math,Core,80,2024-01-01
STU06925,Math,Core,15,2024-01-01
STU06926,Math,Core,1,2024-01-01
STU06927,Math,Core,65,2024-01-01
STU06928,Math,Core,79,2024-01-01
STU06929,Math,Core,91,2024-01-01
STU06930,Math,Core,1,2024-01-01
STU06931,Math,Core,30,2024-01-01
STU06932,Math,Core,63,2024-01-01
STU06933,Math,Core,10,2024-01-01
STU06934,Math,Core,3,2024-01-01
STU06935,Math,Core,99,2024-01-01
STU06936,Math,Core,78,2024-01-01
STU06937,Math,Core,39,2024-01-01
STU06938,Math,Core,88,2024-01-01
STU06939,Math,Core,21,2024-01-01
STU06940,Math,Core,7,2024-01-01
STU06941,Math,Core,70,2024-01-01
STU06942,Math,Core,96,2024-01-01
STU06943,Math,Core,17,2024-01-01
STU06944,Math,Core,10,2024-01-01
STU06945,Math,Core,82,2024-01-01
STU06946,Math,Core,80,2024-01-01
STU06947,Math,Core,14,2024-01-01
STU06948,Math,Core,57,2024-01-01
STU06949,Math,Core,41,2024-01-01
STU06950,Math,Core,18,2024-01-01
STU06951,Math,Core,71,2024-01-01
STU06952,Math,Core,99,2024-01-01
STU06953,Math,Core,76,2024-01-01
STU06954,Math,Core,95,2024-01-01
STU06955,Math,Core,56,2024-01-01
STU06956,Math,Core,13,2024-01-01
STU06957,Math,Core,30,2024-01-01
STU06958,Math,Core,40,2024-01-01
STU06959,Math,Core,38,2024-01-01
STU06960,Math,Core,31,2024-01-01
STU06961,Math,Core,74,2024-01-01
STU06962,Math,Core,4,2024-01-01
STU06963,Math,Core,97,2024-01-01
STU06964,Math,Core,68,2024-01-01
STU06965,Math,Core,28,2024-01-01
STU06966,Math,Core,50,2024-01-01
STU06967,Math,Core,98,2024-01-01
STU06968,Math,Core,45,2024-01-01
STU06969,Math,Core,23,2024-01-01
STU06970,Math,Core,74,2024-01-01
STU06971,Math,Core,2,2024-01-01
STU06972,Math,Core,50,2024-01-01
STU06973,Math,Core,90,2024-01-01
STU06974,Math,Core,94,2024-01-01
STU06975,Math,Core,88,2024-01-01
STU06976,Math,Core,48,2024-01-01
STU06977,Math,Core,65,2024-01-01
STU06978,Math,Core,91,2024-01-01
STU06979,Math,Core,76,2024-01-01
STU06980,Math,Core,46,2024-01-01
STU06981,Math,Core,84,2024-01-01
STU06982,Math,Core,0,2024-01-01
STU06983,Math,Core,15,2024-01-01
STU06984,Math,Core,53,2024-01-01
STU06985,Math,Core,28,2024-01-01
STU06986,Math,Core,23,2024-01-01
STU06987,Math,Core,86,2024-01-01
STU06988,Math,Core,70,2024-01-01
STU06989,Math,Core,39,2024-01-01
STU06990,Math,Core,1,2024-01-01
STU06991,Math,Core,9,2024-01-01
STU06992,Math,Core,17,2024-01-01
STU06993,Math,Core,15,2024-01-01
STU06994,Math,Core,40,2024-01-01
STU06995,Math,Core,62,2024-01-01
STU06996,Math,Core,44,2024-01-01
STU06997,Math,Core,58,2024-01-01
STU06998,Math,Core,79,2024-01-01
STU06999,Math,Core,0,2024-01-01
STU07000,Math,Core,32,2024-01-01
STU07001,Math,Core,82,2024-01-01
STU07002,Math,Core,84,2024-01-01
STU07003,Math,Core,25,2024-01-01
STU07004,Math,Core,22,2024-01-01
STU07005,Math,Core,15,2024-01-01
STU07006,Math,Core,76,2024-01-01
STU07007,Math,Core,46,2024-01-01
STU07008,Math,Core,78,2024-01-01
STU07009,Math,Core,21,2024-01-01
STU07010,Math,Core,21,2024-01-01
STU07011,Math,Core,82,2024-01-01
STU07012,Math,Core,82,2024-01-01
STU07013,Math,Core,16,2024-01-01
STU07014,Math,Core,38,2024-01-01
STU07015,Math,Core,42,2024-01-01
STU07016,Math,Core,44,2024-01-01
STU07017,Math,Core,4,2024-01-01
STU07018,Math,Core,62,2024-01-01
STU07019,Math,Core,7,2024-01-01
STU07020,Math,Core,94,2024-01-01
STU07021,Math,Core,51,2024-01-01
STU07022,Math,Core,8,2024-01-01
STU07023,Math,Core,21,2024-01-01
STU07024,Math,Core,44,2024-01-01
STU07025,Math,Core,72,2024-01-01
STU07026,Math,Core,63,2024-01-01
STU07027,Math,Core,18,2024-01-01
STU07028,Math,Core,9,2024-01-01
STU07029,Math,Core,10,2024-01-01
STU07030,Math,Core,12,2024-01-01
STU07031,Math,Core,75,2024-01-01
STU07032,Math,Core,76,2024-01-01
STU07033,Math,Core,54,2024-01-01
STU07034,Math,Core,28,2024-01-01
STU07035,Math,Core,98,2024-01-01
STU07036,Math,Core,26,2024-01-01
STU07037,Math,Core,57,2024-01-01
STU07038,Math,Core,75,2024-01-01
STU07039,Math,Core,99,2024-01-01
STU07040,Math,Core,19,2024-01-01
STU07041,Math,Core,63,2024-01-01
STU07042,Math,Core,95,2024-01-01
STU07043,Math,Core,5,2024-01-01
STU07044,Math,Core,67,2024-01-01
STU07045,Math,Core,7,2024-01-01
STU07046,Math,Core,4,2024-01-01
STU07047,Math,Core,21,2024-01-01
STU07048,Math,Core,64,2024-01-01
STU07049,Math,Core,8,2024-01-01
STU07050,Math,Core,23,2024-01-01
STU07051,Math,Core,20,2024-01-01
STU07052,Math,Core,58,2024-01-01
STU07053,Math,Core,52,2024-01-01
STU07054,Math,Core,38,2024-01-01
STU07055,Math,Core,7,2024-01-01
STU07056,Math,Core,85,2024-01-01
STU07057,Math,Core,19,2024-01-01
STU07058,Math,Core,5,2024-01-01
STU07059,Math,Core,52,2024-01-01
STU07060,Math,Core,14,2024-01-01
STU07061,Math,Core,36,2024-01-01
STU07062,Math,Core,95,2024-01-01
STU07063,Math,Core,69,2024-01-01
STU07064,Math,Core,24,2024-01-01
STU07065,Math,Core,61,2024-01-01
STU07066,Math,Core,17,2024-01-01
STU07067,Math,Core,0,2024-01-01
STU07068,Math,Core,47,2024-01-01
STU07069,Math,Core,6,2024-01-01
STU07070,Math,Core,28,2024-01-01
STU07071,Math,Core,53,2024-01-01
STU07072,Math,Core,67,2024-01-01
STU07073,Math,Core,4,2024-01-01
STU07074,Math,Core,10,2024-01-01
STU07075,Math,Core,74,2024-01-01
STU07076,Math,Core,29,2024-01-01
STU07077,Math,Core,2,2024-01-01
STU07078,Math,Core,40,2024-01-01
STU07079,Math,Core,41,2024-01-01
STU07080,Math,Core,9,2024-01-01
STU07081,Math,Core,73,2024-01-01
STU07082,Math,Core,28,2024-01-01
STU07083,Math,Core,71,2024-01-01
STU07084,Math,Core,54,2024-01-01
STU07085,Math,Core,32,2024-01-01
STU07086,Math,Core,72,2024-01-01
STU07087,Math,Core,31,2024-01-01
STU07088,Math,Core,91,2024-01-01
STU07089,Math,Core,23,2024-01-01
STU07090,Math,Core,15,2024-01-01
STU07091,Math,Core,39,2024-01-01
STU07092,Math,Core,89,2024-01-01
STU07093,Math,Core,81,2024-01-01
STU07094,Math,Core,55,2024-01-01
STU07095,Math,Core,74,2024-01-01
STU07096,Math,Core,11,2024-01-01
STU07097,Math,Core,97,2024-01-01
STU07098,Math,Core,49,2024-01-01
STU07099,Math,Core,66,2024-01-01
STU07100,Math,Core,57,2024-01-01
STU07101,Math,Core,78,2024-01-01
STU07102,Math,Core,58,2024-01-01
STU07103,Math,Core,2,2024-01-01
STU07104,Math,Core,73,2024-01-01
STU07105,Math,Core,61,2024-01-01
STU07106,Math,Core,43,2024-01-01
STU07107,Math,Core,64,2024-01-01
STU07108,Math,Core,40,2024-01-01
STU07109,Math,Core,59,2024-01-01
STU07110,Math,Core,46,2024-01-01
STU07111,Math,Core,22,2024-01-01
STU07112,Math,Core,15,2024-01-01
STU07113,Math,Core,82,2024-01-01
STU07114,Math,Core,34,2024-01-01
STU07115,Math,Core,72,2024-01-01
STU07116,Math,Core,86,2024-01-01
STU07117,Math,Core,75,2024-01-01
STU07118,Math,Core,73,2024-01-01
STU07119,Math,Core,1,2024-01-01
STU07120,Math,Core,50,2024-01-01
STU07121,Math,Core,64,2024-01-01
STU07122,Math,Core,37,2024-01-01
STU07123,Math,Core,26,2024-01-01
STU07124,Math,Core,38,2024-01-01
STU07125,Math,Core,12,2024-01-01
STU07126,Math,Core,47,2024-01-01
STU07127,Math,Core,93,2024-01-01
STU07128,Math,Core,27,2024-01-01
STU07129,Math,Core,51,2024-01-01
STU07130,Math,Core,49,2024-01-01
STU07131,Math,Core,61,2024-01-01
STU07132,Math,Core,80,2024-01-01
STU07133,Math,Core,93,2024-01-01
STU07134,Math,Core,86,2024-01-01
STU07135,Math,Core,67,2024-01-01
STU07136,Math,Core,100,2024-01-01
STU07137,Math,Core,82,2024-01-01
STU07138,Math,Core,50,2024-01-01
STU07139,Math,Core,62,2024-01-01
STU07140,Math,Core,78,2024-01-01
STU07141,Math,Core,79,2024-01-01
STU07142,Math,Core,29,2024-01-01
STU07143,Math,Core,9,2024-01-01
STU07144,Math,Core,74,2024-01-01
STU07145,Math,Core,80,2024-01-01
STU07146,Math,Core,35,2024-01-01
STU07147,Math,Core,78,2024-01-01
STU07148,Math,Core,22,2024-01-01
STU07149,Math,Core,69,2024-01-01
STU07150,Math,Core,81,2024-01-01
STU07151,Math,Core,50,2024-01-01
STU07152,Math,Core,80,2024-01-01
STU07153,Math,Core,90,2024-01-01
STU07154,Math,Core,16,2024-01-01
STU07155,Math,Core,40,2024-01-01
STU07156,Math,Core,19,2024-01-01
STU07157,Math,Core,95,2024-01-01
STU07158,Math,Core,87,2024-01-01
STU07159,Math,Core,1,2024-01-01
STU07160,Math,Core,89,2024-01-01
STU07161,Math,Core,37,2024-01-01
STU07162,Math,Core,43,2024-01-01
STU07163,Math,Core,93,2024-01-01
STU07164,Math,Core,13,2024-01-01
STU07165,Math,Core,91,2024-01-01
STU07166,Math,Core,2,2024-01-01
STU07167,Math,Core,3,2024-01-01
STU07168,Math,Core,92,2024-01-01
STU07169,Math,Core,2,2024-01-01
STU07170,Math,Core,82,2024-01-01
STU07171,Math,Core,9,2024-01-01
STU07172,Math,Core,85,2024-01-01
STU07173,Math,Core,63,2024-01-01
STU07174,Math,Core,65,2024-01-01
STU07175,Math,Core,31,2024-01-01
STU07176,Math,Core,78,2024-01-01
STU07177,Math,Core,60,2024-01-01
STU07178,Math,Core,22,2024-01-01
STU07179,Math,Core,15,2024-01-01
STU07180,Math,Core,94,2024-01-01
STU07181,Math,Core,9,2024-01-01
STU07182,Math,Core,44,2024-01-01
STU07183,Math,Core,51,2024-01-01
STU07184,Math,Core,63,2024-01-01
STU07185,Math,Core,90,2024-01-01
STU07186,Math,Core,41,2024-01-01
STU07187,Math,Core,32,2024-01-01
STU07188,Math,Core,67,2024-01-01
STU07189,Math,Core,59,2024-01-01
STU07190,Math,Core,31,2024-01-01
STU07191,Math,Core,20,2024-01-01
STU07192,Math,Core,82,2024-01-01
STU07193,Math,Core,19,2024-01-01
STU07194,Math,Core,19,2024-01-01
STU07195,Math,Core,55,2024-01-01
STU07196,Math,Core,13,2024-01-01
STU07197,Math,Core,51,2024-01-01
STU07198,Math,Core,81,2024-01-01
STU07199,Math,Core,5,2024-01-01
STU07200,Math,Core,26,2024-01-01
STU07201,Math,Core,47,2024-01-01
STU07202,Math,Core,69,2024-01-01
STU07203,Math,Core,16,2024-01-01
STU07204,Math,Core,15,2024-01-01
STU07205,Math,Core,74,2024-01-01
STU07206,Math,Core,24,2024-01-01
STU07207,Math,Core,4,2024-01-01
STU07208,Math,Core,33,2024-01-01
STU07209,Math,Core,25,2024-01-01
STU07210,Math,Core,87,2024-01-01
STU07211,Math,Core,76,2024-01-01
STU07212,Math,Core,49,2024-01-01
STU07213,Math,Core,38,2024-01-01
STU07214,Math,Core,61,2024-01-01
STU07215,Math,Core,44,2024-01-01
STU07216,Math,Core,55,2024-01-01
STU07217,Math,Core,64,2024-01-01
STU07218,Math,Core,37,2024-01-01
STU07219,Math,Core,56,2024-01-01
STU07220,Math,Core,27,2024-01-01
STU07221,Math,Core,45,2024-01-01
STU07222,Math,Core,28,2024-01-01
STU07223,Math,Core,2,2024-01-01
STU07224,Math,Core,46,2024-01-01
STU07225,Math,Core,51,2024-01-01
STU07226,Math,Core,56,2024-01-01
STU07227,Math,Core,25,2024-01-01
STU07228,Math,Core,94,2024-01-01
STU07229,Math,Core,37,2024-01-01
STU07230,Math,Core,17,2024-01-01
STU07231,Math,Core,36,2024-01-01
STU07232,Math,Core,56,2024-01-01
STU07233,Math,Core,15,2024-01-01
STU07234,Math,Core,43,2024-01-01
STU07235,Math,Core,70,2024-01-01
STU07236,Math,Core,95,2024-01-01
STU07237,Math,Core,53,2024-01-01
STU07238,Math,Core,29,2024-01-01
STU07239,Math,Core,86,2024-01-01
STU07240,Math,Core,94,2024-01-01
STU07241,Math,Core,92,2024-01-01
STU07242,Math,Core,84,2024-01-01
STU07243,Math,Core,53,2024-01-01
STU07244,Math,Core,16,2024-01-01
STU07245,Math,Core,56,2024-01-01
STU07246,Math,Core,85,2024-01-01
STU07247,Math,Core,32,2024-01-01
STU07248,Math,Core,35,2024-01-01
STU07249,Math,Core,38,2024-01-01
STU07250,Math,Core,7,2024-01-01
STU07251,Math,Core,24,2024-01-01
STU07252,Math,Core,37,2024-01-01
STU07253,Math,Core,94,2024-01-01
STU07254,Math,Core,28,2024-01-01
STU07255,Math,Core,79,2024-01-01
STU07256,Math,Core,80,2024-01-01
STU07257,Math,Core,8,2024-01-01
STU07258,Math,Core,95,2024-01-01
STU07259,Math,Core,81,2024-01-01
STU07260,Math,Core,72,2024-01-01
STU07261,Math,Core,85,2024-01-01
STU07262,Math,Core,71,2024-01-01
STU07263,Math,Core,54,2024-01-01
STU07264,Math,Core,13,2024-01-01
STU07265,Math,Core,37,2024-01-01
STU07266,Math,Core,33,2024-01-01
STU07267,Math,Core,25,2024-01-01
STU07268,Math,Core,73,2024-01-01
STU07269,Math,Core,44,2024-01-01
STU07270,Math,Core,3,2024-01-01
STU07271,Math,Core,17,2024-01-01
STU07272,Math,Core,55,2024-01-01
STU07273,Math,Core,15,2024-01-01
STU07274,Math,Core,7,2024-01-01
STU07275,Math,Core,82,2024-01-01
STU07276,Math,Core,60,2024-01-01
STU07277,Math,Core,46,2024-01-01
STU07278,Math,Core,28,2024-01-01
STU07279,Math,Core,38,2024-01-01
STU07280,Math,Core,24,2024-01-01
STU07281,Math,Core,17,2024-01-01
STU07282,Math,Core,54,2024-01-01
STU07283,Math,Core,86,2024-01-01
STU07284,Math,Core,91,2024-01-01
STU07285,Math,Core,60,2024-01-01
STU07286,Math,Core,45,2024-01-01
STU07287,Math,Core,43,2024-01-01
STU07288,Math,Core,63,2024-01-01
STU07289,Math,Core,97,2024-01-01
STU07290,Math,Core,31,2024-01-01
STU07291,Math,Core,86,2024-01-01
STU07292,Math,Core,79,2024-01-01
STU07293,Math,Core,54,2024-01-01
STU07294,Math,Core,37,2024-01-01
STU07295,Math,Core,34,2024-01-01
STU07296,Math,Core,21,2024-01-01
STU07297,Math,Core,2,2024-01-01
STU07298,Math,Core,100,2024-01-01
STU07299,Math,Core,36,2024-01-01
STU07300,Math,Core,39,2024-01-01
STU07301,Math,Core,98,2024-01-01
STU07302,Math,Core,16,2024-01-01
STU07303,Math,Core,67,2024-01-01
STU07304,Math,Core,16,2024-01-01
STU07305,Math,Core,17,2024-01-01
STU07306,Math,Core,91,2024-01-01
STU07307,Math,Core,25,2024-01-01
STU07308,Math,Core,13,2024-01-01
STU07309,Math,Core,82,2024-01-01
STU07310,Math,Core,10,2024-01-01
STU07311,Math,Core,82,2024-01-01
STU07312,Math,Core,50,2024-01-01
STU07313,Math,Core,20,2024-01-01
STU07314,Math,Core,81,2024-01-01
STU07315,Math,Core,82,2024-01-01
STU07316,Math,Core,10,2024-01-01
STU07317,Math,Core,80,2024-01-01
STU07318,Math,Core,77,2024-01-01
STU07319,Math,Core,26,2024-01-01
STU07320,Math,Core,5,2024-01-01
STU07321,Math,Core,91,2024-01-01
STU07322,Math,Core,1,2024-01-01
STU07323,Math,Core,35,2024-01-01
STU07324,Math,Core,52,2024-01-01
STU07325,Math,Core,80,2024-01-01
STU07326,Math,Core,57,2024-01-01
STU07327,Math,Core,92,2024-01-01
STU07328,Math,Core,94,2024-01-01
STU07329,Math,Core,45,2024-01-01
STU07330,Math,Core,5,2024-01-01
STU07331,Math,Core,38,2024-01-01
STU07332,Math,Core,7,2024-01-01
STU07333,Math,Core,93,2024-01-01
STU07334,Math,Core,99,2024-01-01
STU07335,Math,Core,54,2024-01-01
STU07336,Math,Core,27,2024-01-01
STU07337,Math,Core,61,2024-01-01
STU07338,Math,Core,78,2024-01-01
STU07339,Math,Core,56,2024-01-01
STU07340,Math,Core,63,2024-01-01
STU07341,Math,Core,59,2024-01-01
STU07342,Math,Core,5,2024-01-01
STU07343,Math,Core,42,2024-01-01
STU07344,Math,Core,47,2024-01-01
STU07345,Math,Core,70,2024-01-01
STU07346,Math,Core,75,2024-01-01
STU07347,Math,Core,69,2024-01-01
STU07348,Math,Core,100,2024-01-01
STU07349,Math,Core,34,2024-01-01
STU07350,Math,Core,70,2024-01-01
STU07351,Math,Core,57,2024-01-01
STU07352,Math,Core,42,2024-01-01
STU07353,Math,Core,19,2024-01-01
STU07354,Math,Core,26,2024-01-01
STU07355,Math,Core,43,2024-01-01
STU07356,Math,Core,41,2024-01-01
STU07357,Math,Core,95,2024-01-01
STU07358,Math,Core,20,2024-01-01
STU07359,Math,Core,88,2024-01-01
STU07360,Math,Core,73,2024-01-01
STU07361,Math,Core,30,2024-01-01
STU07362,Math,Core,1,2024-01-01
STU07363,Math,Core,59,2024-01-01
STU07364,Math,Core,73,2024-01-01
STU07365,Math,Core,2,2024-01-01
STU07366,Math,Core,98,2024-01-01
STU07367,Math,Core,75,2024-01-01
STU07368,Math,Core,74,2024-01-01
STU07369,Math,Core,37,2024-01-01
STU07370,Math,Core,64,2024-01-01
STU07371,Math,Core,87,2024-01-01
STU07372,Math,Core,89,2024-01-01
STU07373,Math,Core,93,2024-01-01
STU07374,Math,Core,14,2024-01-01
STU07375,Math,Core,80,2024-01-01
STU07376,Math,Core,29,2024-01-01
STU07377,Math,Core,84,2024-01-01
STU07378,Math,Core,100,2024-01-01
STU07379,Math,Core,41,2024-01-01
STU07380,Math,Core,48,2024-01-01
STU07381,Math,Core,85,2024-01-01
STU07382,Math,Core,48,2024-01-01
STU07383,Math,Core,58,2024-01-01
STU07384,Math,Core,80,2024-01-01
STU07385,Math,Core,5,2024-01-01
STU07386,Math,Core,20,2024-01-01
STU07387,Math,Core,46,2024-01-01
STU07388,Math,Core,77,2024-01-01
STU07389,Math,Core,85,2024-01-01
STU07390,Math,Core,37,2024-01-01
STU07391,Math,Core,83,2024-01-01
STU07392,Math,Core,66,2024-01-01
STU07393,Math,Core,75,2024-01-01
STU07394,Math,Core,37,2024-01-01
STU07395,Math,Core,98,2024-01-01
STU07396,Math,Core,79,2024-01-01
STU07397,Math,Core,74,2024-01-01
STU07398,Math,Core,92,2024-01-01
STU07399,Math,Core,10,2024-01-01
STU07400,Math,Core,8,2024-01-01
STU07401,Math,Core,29,2024-01-01
STU07402,Math,Core,75,2024-01-01
STU07403,Math,Core,35,2024-01-01
STU07404,Math,Core,44,2024-01-01
STU07405,Math,Core,3,2024-01-01
STU07406,Math,Core,88,2024-01-01
STU07407,Math,Core,71,2024-01-01
STU07408,Math,Core,77,2024-01-01
STU07409,Math,Core,79,2024-01-01
STU07410,Math,Core,12,2024-01-01
STU07411,Math,Core,54,2024-01-01
STU07412,Math,Core,72,2024-01-01
STU07413,Math,Core,49,2024-01-01
STU07414,Math,Core,15,2024-01-01
STU07415,Math,Core,15,2024-01-01
STU07416,Math,Core,100,2024-01-01
STU07417,Math,Core,26,2024-01-01
STU07418,Math,Core,51,2024-01-01
STU07419,Math,Core,50,2024-01-01
STU07420,Math,Core,24,2024-01-01
STU07421,Math,Core,72,2024-01-01
STU07422,Math,Core,76,2024-01-01
STU07423,Math,Core,99,2024-01-01
STU07424,Math,Core,77,2024-01-01
STU07425,Math,Core,67,2024-01-01
STU07426,Math,Core,21,2024-01-01
STU07427,Math,Core,16,2024-01-01
STU07428,Math,Core,15,2024-01-01
STU07429,Math,Core,51,2024-01-01
STU07430,Math,Core,35,2024-01-01
STU07431,Math,Core,66,2024-01-01
STU07432,Math,Core,93,2024-01-01
STU07433,Math,Core,21,2024-01-01
STU07434,Math,Core,35,2024-01-01
STU07435,Math,Core,66,2024-01-01
STU07436,Math,Core,33,2024-01-01
STU07437,Math,Core,92,2024-01-01
STU07438,Math,Core,14,2024-01-01
STU07439,Math,Core,38,2024-01-01
STU07440,Math,Core,55,2024-01-01
STU07441,Math,Core,72,2024-01-01
STU07442,Math,Core,14,2024-01-01
STU07443,Math,Core,92,2024-01-01
STU07444,Math,Core,76,2024-01-01
STU07445,Math,Core,88,2024-01-01
STU07446,Math,Core,30,2024-01-01
STU07447,Math,Core,72,2024-01-01
STU07448,Math,Core,80,2024-01-01
STU07449,Math,Core,24,2024-01-01
STU07450,Math,Core,73,2024-01-01
STU07451,Math,Core,1,2024-01-01
STU07452,Math,Core,79,2024-01-01
STU07453,Math,Core,14,2024-01-01
STU07454,Math,Core,69,2024-01-01
STU07455,Math,Core,60,2024-01-01
STU07456,Math,Core,36,2024-01-01
STU07457,Math,Core,78,2024-01-01
STU07458,Math,Core,48,2024-01-01
STU07459,Math,Core,5,2024-01-01
STU07460,Math,Core,25,2024-01-01
STU07461,Math,Core,51,2024-01-01
STU07462,Math,Core,27,2024-01-01
STU07463,Math,Core,67,2024-01-01
STU07464,Math,Core,53,2024-01-01
STU07465,Math,Core,89,2024-01-01
STU07466,Math,Core,88,2024-01-01
STU07467,Math,Core,96,2024-01-01
STU07468,Math,Core,59,2024-01-01
STU07469,Math,Core,50,2024-01-01
STU07470,Math,Core,33,2024-01-01
STU07471,Math,Core,61,2024-01-01
STU07472,Math,Core,5,2024-01-01
STU07473,Math,Core,100,2024-01-01
STU07474,Math,Core,27,2024-01-01
STU07475,Math,Core,88,2024-01-01
STU07476,Math,Core,28,2024-01-01
STU07477,Math,Core,47,2024-01-01
STU07478,Math,Core,47,2024-01-01
STU07479,Math,Core,23,2024-01-01
STU07480,Math,Core,32,2024-01-01
STU07481,Math,Core,41,2024-01-01
STU07482,Math,Core,1,2024-01-01
STU07483,Math,Core,62,2024-01-01
STU07484,Math,Core,30,2024-01-01
STU07485,Math,Core,89,2024-01-01
STU07486,Math,Core,12,2024-01-01
STU07487,Math,Core,21,2024-01-01
STU07488,Math,Core,30,2024-01-01
STU07489,Math,Core,53,2024-01-01
STU07490,Math,Core,71,2024-01-01
STU07491,Math,Core,35,2024-01-01
STU07492,Math,Core,44,2024-01-01
STU07493,Math,Core,54,2024-01-01
STU07494,Math,Core,81,2024-01-01
STU07495,Math,Core,42,2024-01-01
STU07496,Math,Core,74,2024-01-01
STU07497,Math,Core,90,2024-01-01
STU07498,Math,Core,33,2024-01-01
STU07499,Math,Core,54,2024-01-01
STU07500,Math,Core,62,2024-01-01
STU07501,Math,Core,55,2024-01-01
STU07502,Math,Core,26,2024-01-01
STU07503,Math,Core,43,2024-01-01
STU07504,Math,Core,55,2024-01-01
STU07505,Math,Core,3,2024-01-01
STU07506,Math,Core,42,2024-01-01
STU07507,Math,Core,67,2024-01-01
STU07508,Math,Core,6,2024-01-01
STU07509,Math,Core,94,2024-01-01
STU07510,Math,Core,89,2024-01-01
STU07511,Math,Core,92,2024-01-01
STU07512,Math,Core,64,2024-01-01
STU07513,Math,Core,4,2024-01-01
STU07514,Math,Core,69,2024-01-01
STU07515,Math,Core,37,2024-01-01
STU07516,Math,Core,43,2024-01-01
STU07517,Math,Core,19,2024-01-01
STU07518,Math,Core,71,2024-01-01
STU07519,Math,Core,28,2024-01-01
STU07520,Math,Core,31,2024-01-01
STU07521,Math,Core,83,2024-01-01
STU07522,Math,Core,66,2024-01-01
STU07523,Math,Core,3,2024-01-01
STU07524,Math,Core,87,2024-01-01
STU07525,Math,Core,60,2024-01-01
STU07526,Math,Core,85,2024-01-01
STU07527,Math,Core,9,2024-01-01
STU07528,Math,Core,43,2024-01-01
STU07529,Math,Core,16,2024-01-01
STU07530,Math,Core,84,2024-01-01
STU07531,Math,Core,66,2024-01-01
STU07532,Math,Core,79,2024-01-01
STU07533,Math,Core,27,2024-01-01
STU07534,Math,Core,20,2024-01-01
STU07535,Math,Core,72,2024-01-01
STU07536,Math,Core,85,2024-01-01
STU07537,Math,Core,61,2024-01-01
STU07538,Math,Core,87,2024-01-01
STU07539,Math,Core,66,2024-01-01
STU07540,Math,Core,99,2024-01-01
STU07541,Math,Core,35,2024-01-01
STU07542,Math,Core,43,2024-01-01
STU07543,Math,Core,74,2024-01-01
STU07544,Math,Core,19,2024-01-01
STU07545,Math,Core,62,2024-01-01
STU07546,Math,Core,16,2024-01-01
STU07547,Math,Core,87,2024-01-01
STU07548,Math,Core,45,2024-01-01
STU07549,Math,Core,1,2024-01-01
STU07550,Math,Core,11,2024-01-01
STU07551,Math,Core,36,2024-01-01
STU07552,Math,Core,21,2024-01-01
STU07553,Math,Core,60,2024-01-01
STU07554,Math,Core,24,2024-01-01
STU07555,Math,Core,7,2024-01-01
STU07556,Math,Core,94,2024-01-01
STU07557,Math,Core,78,2024-01-01
STU07558,Math,Core,95,2024-01-01
STU07559,Math,Core,37,2024-01-01
STU07560,Math,Core,67,2024-01-01
STU07561,Math,Core,75,2024-01-01
STU07562,Math,Core,36,2024-01-01
STU07563,Math,Core,20,2024-01-01
STU07564,Math,Core,41,2024-01-01
STU07565,Math,Core,13,2024-01-01
STU07566,Math,Core,27,2024-01-01
STU07567,Math,Core,86,2024-01-01
STU07568,Math,Core,80,2024-01-01
STU07569,Math,Core,49,2024-01-01
STU07570,Math,Core,37,2024-01-01
STU07571,Math,Core,51,2024-01-01
STU07572,Math,Core,83,2024-01-01
STU07573,Math,Core,30,2024-01-01
STU07574,Math,Core,0,2024-01-01
STU07575,Math,Core,53,2024-01-01
STU07576,Math,Core,81,2024-01-01
STU07577,Math,Core,41,2024-01-01
STU07578,Math,Core,36,2024-01-01
STU07579,Math,Core,11,2024-01-01
STU07580,Math,Core,79,2024-01-01
STU07581,Math,Core,1,2024-01-01
STU07582,Math,Core,7,2024-01-01
STU07583,Math,Core,32,2024-01-01
STU07584,Math,Core,85,2024-01-01
STU07585,Math,Core,49,2024-01-01
STU07586,Math,Core,25,2024-01-01
STU07587,Math,Core,50,2024-01-01
STU07588,Math,Core,61,2024-01-01
STU07589,Math,Core,11,2024-01-01
STU07590,Math,Core,16,2024-01-01
STU07591,Math,Core,80,2024-01-01
STU07592,Math,Core,37,2024-01-01
STU07593,Math,Core,91,2024-01-01
STU07594,Math,Core,33,2024-01-01
STU07595,Math,Core,71,2024-01-01
STU07596,Math,Core,35,2024-01-01
STU07597,Math,Core,27,2024-01-01
STU07598,Math,Core,24,2024-01-01
STU07599,Math,Core,82,2024-01-01
STU07600,Math,Core,52,2024-01-01
STU07601,Math,Core,64,2024-01-01
STU07602,Math,Core,50,2024-01-01
STU07603,Math,Core,74,2024-01-01
STU07604,Math,Core,12,2024-01-01
STU07605,Math,Core,15,2024-01-01
STU07606,Math,Core,57,2024-01-01
STU07607,Math,Core,88,2024-01-01
STU07608,Math,Core,47,2024-01-01
STU07609,Math,Core,97,2024-01-01
STU07610,Math,Core,21,2024-01-01
STU07611,Math,Core,61,2024-01-01
STU07612,Math,Core,52,2024-01-01
STU07613,Math,Core,41,2024-01-01
STU07614,Math,Core,33,2024-01-01
STU07615,Math,Core,42,2024-01-01
STU07616,Math,Core,62,2024-01-01
STU07617,Math,Core,73,2024-01-01
STU07618,Math,Core,31,2024-01-01
STU07619,Math,Core,94,2024-01-01
STU07620,Math,Core,27,2024-01-01
STU07621,Math,Core,8,2024-01-01
STU07622,Math,Core,58,2024-01-01
STU07623,Math,Core,25,2024-01-01
STU07624,Math,Core,67,2024-01-01
STU07625,Math,Core,48,2024-01-01
STU07626,Math,Core,36,2024-01-01
STU07627,Math,Core,14,2024-01-01
STU07628,Math,Core,38,2024-01-01
STU07629,Math,Core,49,2024-01-01
STU07630,Math,Core,14,2024-01-01
STU07631,Math,Core,89,2024-01-01
STU07632,Math,Core,65,2024-01-01
STU07633,Math,Core,95,2024-01-01
STU07634,Math,Core,27,2024-01-01
STU07635,Math,Core,89,2024-01-01
STU07636,Math,Core,23,2024-01-01
STU07637,Math,Core,100,2024-01-01
STU07638,Math,Core,95,2024-01-01
STU07639,Math,Core,10,2024-01-01
STU07640,Math,Core,6,2024-01-01
STU07641,Math,Core,71,2024-01-01
STU07642,Math,Core,54,2024-01-01
STU07643,Math,Core,12,2024-01-01
STU07644,Math,Core,36,2024-01-01
STU07645,Math,Core,68,2024-01-01
STU07646,Math,Core,71,2024-01-01
STU07647,Math,Core,43,2024-01-01
STU07648,Math,Core,41,2024-01-01
STU07649,Math,Core,49,2024-01-01
STU07650,Math,Core,18,2024-01-01
STU07651,Math,Core,91,2024-01-01
STU07652,Math,Core,48,2024-01-01
STU07653,Math,Core,5,2024-01-01
STU07654,Math,Core,66,2024-01-01
STU07655,Math,Core,11,2024-01-01
STU07656,Math,Core,14,2024-01-01
STU07657,Math,Core,14,2024-01-01
STU07658,Math,Core,58,2024-01-01
STU07659,Math,Core,68,2024-01-01
STU07660,Math,Core,79,2024-01-01
STU07661,Math,Core,61,2024-01-01
STU07662,Math,Core,50,2024-01-01
STU07663,Math,Core,79,2024-01-01
STU07664,Math,Core,73,2024-01-01
STU07665,Math,Core,52,2024-01-01
STU07666,Math,Core,50,2024-01-01
STU07667,Math,Core,87,2024-01-01
STU07668,Math,Core,14,2024-01-01
STU07669,Math,Core,100,2024-01-01
STU07670,Math,Core,56,2024-01-01
STU07671,Math,Core,22,2024-01-01
STU07672,Math,Core,89,2024-01-01
STU07673,Math,Core,76,2024-01-01
STU07674,Math,Core,10,2024-01-01
STU07675,Math,Core,79,2024-01-01
STU07676,Math,Core,34,2024-01-01
STU07677,Math,Core,47,2024-01-01
STU07678,Math,Core,35,2024-01-01
STU07679,Math,Core,70,2024-01-01
STU07680,Math,Core,72,2024-01-01
STU07681,Math,Core,36,2024-01-01
STU07682,Math,Core,77,2024-01-01
STU07683,Math,Core,23,2024-01-01
STU07684,Math,Core,58,2024-01-01
STU07685,Math,Core,98,2024-01-01
STU07686,Math,Core,72,2024-01-01
STU07687,Math,Core,92,2024-01-01
STU07688,Math,Core,36,2024-01-01
STU07689,Math,Core,4,2024-01-01
STU07690,Math,Core,39,2024-01-01
STU07691,Math,Core,30,2024-01-01
STU07692,Math,Core,38,2024-01-01
STU07693,Math,Core,87,2024-01-01
STU07694,Math,Core,83,2024-01-01
STU07695,Math,Core,89,2024-01-01
STU07696,Math,Core,58,2024-01-01
STU07697,Math,Core,31,2024-01-01
STU07698,Math,Core,3,2024-01-01
STU07699,Math,Core,9,2024-01-01
STU07700,Math,Core,80,2024-01-01
STU07701,Math,Core,36,2024-01-01
STU07702,Math,Core,73,2024-01-01
STU07703,Math,Core,30,2024-01-01
STU07704,Math,Core,74,2024-01-01
STU07705,Math,Core,1,2024-01-01
STU07706,Math,Core,3,2024-01-01
STU07707,Math,Core,82,2024-01-01
STU07708,Math,Core,64,2024-01-01
STU07709,Math,Core,98,2024-01-01
STU07710,Math,Core,14,2024-01-01
STU07711,Math,Core,11,2024-01-01
STU07712,Math,Core,55,2024-01-01
STU07713,Math,Core,6,2024-01-01
STU07714,Math,Core,84,2024-01-01
STU07715,Math,Core,53,2024-01-01
STU07716,Math,Core,54,2024-01-01
STU07717,Math,Core,87,2024-01-01
STU07718,Math,Core,86,2024-01-01
STU07719,Math,Core,63,2024-01-01
STU07720,Math,Core,71,2024-01-01
STU07721,Math,Core,26,2024-01-01
STU07722,Math,Core,79,2024-01-01
STU07723,Math,Core,2,2024-01-01
STU07724,Math,Core,9,2024-01-01
STU07725,Math,Core,85,2024-01-01
STU07726,Math,Core,28,2024-01-01
STU07727,Math,Core,2,2024-01-01
STU07728,Math,Core,48,2024-01-01
STU07729,Math,Core,21,2024-01-01
STU07730,Math,Core,65,2024-01-01
STU07731,Math,Core,26,2024-01-01
STU07732,Math,Core,46,2024-01-01
STU07733,Math,Core,22,2024-01-01
STU07734,Math,Core,35,2024-01-01
STU07735,Math,Core,33,2024-01-01
STU07736,Math,Core,81,2024-01-01
STU07737,Math,Core,69,2024-01-01
STU07738,Math,Core,4,2024-01-01
STU07739,Math,Core,85,2024-01-01
STU07740,Math,Core,39,2024-01-01
STU07741,Math,Core,47,2024-01-01
STU07742,Math,Core,93,2024-01-01
STU07743,Math,Core,71,2024-01-01
STU07744,Math,Core,54,2024-01-01
STU07745,Math,Core,19,2024-01-01
STU07746,Math,Core,16,2024-01-01
STU07747,Math,Core,15,2024-01-01
STU07748,Math,Core,67,2024-01-01
STU07749,Math,Core,76,2024-01-01
STU07750,Math,Core,94,2024-01-01
STU07751,Math,Core,55,2024-01-01
STU07752,Math,Core,81,2024-01-01
STU07753,Math,Core,1,2024-01-01
STU07754,Math,Core,20,2024-01-01
STU07755,Math,Core,62,2024-01-01
STU07756,Math,Core,73,2024-01-01
STU07757,Math,Core,75,2024-01-01
STU07758,Math,Core,33,2024-01-01
STU07759,Math,Core,81,2024-01-01
STU07760,Math,Core,1,2024-01-01
STU07761,Math,Core,8,2024-01-01
STU07762,Math,Core,34,2024-01-01
STU07763,Math,Core,15,2024-01-01
STU07764,Math,Core,98,2024-01-01
STU07765,Math,Core,2,2024-01-01
STU07766,Math,Core,0,2024-01-01
STU07767,Math,Core,58,2024-01-01
STU07768,Math,Core,53,2024-01-01
STU07769,Math,Core,73,2024-01-01
STU07770,Math,Core,9,2024-01-01
STU07771,Math,Core,68,2024-01-01
STU07772,Math,Core,12,2024-01-01
STU07773,Math,Core,76,2024-01-01
STU07774,Math,Core,19,2024-01-01
STU07775,Math,Core,100,2024-01-01
STU07776,Math,Core,46,2024-01-01
STU07777,Math,Core,59,2024-01-01
STU07778,Math,Core,71,2024-01-01
STU07779,Math,Core,59,2024-01-01
STU07780,Math,Core,53,2024-01-01
STU07781,Math,Core,5,2024-01-01
STU07782,Math,Core,46,2024-01-01
STU07783,Math,Core,37,2024-01-01
STU07784,Math,Core,52,2024-01-01
STU07785,Math,Core,37,2024-01-01
STU07786,Math,Core,80,2024-01-01
STU07787,Math,Core,29,2024-01-01
STU07788,Math,Core,18,2024-01-01
STU07789,Math,Core,44,2024-01-01
STU07790,Math,Core,64,2024-01-01
STU07791,Math,Core,19,2024-01-01
STU07792,Math,Core,39,2024-01-01
STU07793,Math,Core,73,2024-01-01
STU07794,Math,Core,76,2024-01-01
STU07795,Math,Core,12,2024-01-01
STU07796,Math,Core,76,2024-01-01
STU07797,Math,Core,79,2024-01-01
STU07798,Math,Core,73,2024-01-01
STU07799,Math,Core,54,2024-01-01
STU07800,Math,Core,17,2024-01-01
STU07801,Math,Core,45,2024-01-01
STU07802,Math,Core,78,2024-01-01
STU07803,Math,Core,87,2024-01-01
STU07804,Math,Core,99,2024-01-01
STU07805,Math,Core,40,2024-01-01
STU07806,Math,Core,5,2024-01-01
STU07807,Math,Core,6,2024-01-01
STU07808,Math,Core,65,2024-01-01
STU07809,Math,Core,8,2024-01-01
STU07810,Math,Core,20,2024-01-01
STU07811,Math,Core,25,2024-01-01
STU07812,Math,Core,43,2024-01-01
STU07813,Math,Core,12,2024-01-01
STU07814,Math,Core,82,2024-01-01
STU07815,Math,Core,56,2024-01-01
STU07816,Math,Core,29,2024-01-01
STU07817,Math,Core,29,2024-01-01
STU07818,Math,Core,2,2024-01-01
STU07819,Math,Core,18,2024-01-01
STU07820,Math,Core,86,2024-01-01
STU07821,Math,Core,64,2024-01-01
STU07822,Math,Core,41,2024-01-01
STU07823,Math,Core,85,2024-01-01
STU07824,Math,Core,76,2024-01-01
STU07825,Math,Core,71,2024-01-01
STU07826,Math,Core,78,2024-01-01
STU07827,Math,Core,97,2024-01-01
STU07828,Math,Core,60,2024-01-01
STU07829,Math,Core,64,2024-01-01
STU07830,Math,Core,12,2024-01-01
STU07831,Math,Core,25,2024-01-01
STU07832,Math,Core,72,2024-01-01
STU07833,Math,Core,68,2024-01-01
STU07834,Math,Core,83,2024-01-01
STU07835,Math,Core,41,2024-01-01
STU07836,Math,Core,5,2024-01-01
STU07837,Math,Core,82,2024-01-01
STU07838,Math,Core,49,2024-01-01
STU07839,Math,Core,19,2024-01-01
STU07840,Math,Core,81,2024-01-01
STU07841,Math,Core,14,2024-01-01
STU07842,Math,Core,43,2024-01-01
STU07843,Math,Core,41,2024-01-01
STU07844,Math,Core,40,2024-01-01
STU07845,Math,Core,26,2024-01-01
STU07846,Math,Core,33,2024-01-01
STU07847,Math,Core,29,2024-01-01
STU07848,Math,Core,33,2024-01-01
STU07849,Math,Core,28,2024-01-01
STU07850,Math,Core,65,2024-01-01
STU07851,Math,Core,85,2024-01-01
STU07852,Math,Core,30,2024-01-01
STU07853,Math,Core,77,2024-01-01
STU07854,Math,Core,53,2024-01-01
STU07855,Math,Core,49,2024-01-01
STU07856,Math,Core,94,2024-01-01
STU07857,Math,Core,44,2024-01-01
STU07858,Math,Core,24,2024-01-01
STU07859,Math,Core,5,2024-01-01
STU07860,Math,Core,27,2024-01-01
STU07861,Math,Core,16,2024-01-01
STU07862,Math,Core,24,2024-01-01
STU07863,Math,Core,19,2024-01-01
STU07864,Math,Core,14,2024-01-01
STU07865,Math,Core,10,2024-01-01
STU07866,Math,Core,39,2024-01-01
STU07867,Math,Core,30,2024-01-01
STU07868,Math,Core,9,2024-01-01
STU07869,Math,Core,55,2024-01-01
STU07870,Math,Core,0,2024-01-01
STU07871,Math,Core,86,2024-01-01
STU07872,Math,Core,8,2024-01-01
STU07873,Math,Core,94,2024-01-01
STU07874,Math,Core,57,2024-01-01
STU07875,Math,Core,54,2024-01-01
STU07876,Math,Core,14,2024-01-01
STU07877,Math,Core,52,2024-01-01
STU07878,Math,Core,44,2024-01-01
STU07879,Math,Core,98,2024-01-01
STU07880,Math,Core,21,2024-01-01
STU07881,Math,Core,99,2024-01-01
STU07882,Math,Core,62,2024-01-01
STU07883,Math,Core,56,2024-01-01
STU07884,Math,Core,52,2024-01-01
STU07885,Math,Core,35,2024-01-01
STU07886,Math,Core,73,2024-01-01
STU07887,Math,Core,67,2024-01-01
STU07888,Math,Core,94,2024-01-01
STU07889,Math,Core,56,2024-01-01
STU07890,Math,Core,11,2024-01-01
STU07891,Math,Core,99,2024-01-01
STU07892,Math,Core,94,2024-01-01
STU07893,Math,Core,71,2024-01-01
STU07894,Math,Core,11,2024-01-01
STU07895,Math,Core,64,2024-01-01
STU07896,Math,Core,77,2024-01-01
STU07897,Math,Core,85,2024-01-01
STU07898,Math,Core,7,2024-01-01
STU07899,Math,Core,90,2024-01-01
STU07900,Math,Core,99,2024-01-01
STU07901,Math,Core,3,2024-01-01
STU07902,Math,Core,91,2024-01-01
STU07903,Math,Core,55,2024-01-01
STU07904,Math,Core,12,2024-01-01
STU07905,Math,Core,97,2024-01-01
STU07906,Math,Core,31,2024-01-01
STU07907,Math,Core,76,2024-01-01
STU07908,Math,Core,76,2024-01-01
STU07909,Math,Core,66,2024-01-01
STU07910,Math,Core,71,2024-01-01
STU07911,Math,Core,33,2024-01-01
STU07912,Math,Core,61,2024-01-01
STU07913,Math,Core,70,2024-01-01
STU07914,Math,Core,46,2024-01-01
STU07915,Math,Core,55,2024-01-01
STU07916,Math,Core,3,2024-01-01
STU07917,Math,Core,40,2024-01-01
STU07918,Math,Core,14,2024-01-01
STU07919,Math,Core,18,2024-01-01
STU07920,Math,Core,16,2024-01-01
STU07921,Math,Core,7,2024-01-01
STU07922,Math,Core,20,2024-01-01
STU07923,Math,Core,2,2024-01-01
STU07924,Math,Core,65,2024-01-01
STU07925,Math,Core,53,2024-01-01
STU07926,Math,Core,34,2024-01-01
STU07927,Math,Core,23,2024-01-01
STU07928,Math,Core,18,2024-01-01
STU07929,Math,Core,82,2024-01-01
STU07930,Math,Core,39,2024-01-01
STU07931,Math,Core,33,2024-01-01
STU07932,Math,Core,3,2024-01-01
STU07933,Math,Core,56,2024-01-01
STU07934,Math,Core,20,2024-01-01
STU07935,Math,Core,44,2024-01-01
STU07936,Math,Core,84,2024-01-01
STU07937,Math,Core,44,2024-01-01
STU07938,Math,Core,25,2024-01-01
STU07939,Math,Core,77,2024-01-01
STU07940,Math,Core,43,2024-01-01
STU07941,Math,Core,52,2024-01-01
STU07942,Math,Core,45,2024-01-01
STU07943,Math,Core,12,2024-01-01
STU07944,Math,Core,71,2024-01-01
STU07945,Math,Core,25,2024-01-01
STU07946,Math,Core,21,2024-01-01
STU07947,Math,Core,13,2024-01-01
STU07948,Math,Core,86,2024-01-01
STU07949,Math,Core,61,2024-01-01
STU07950,Math,Core,70,2024-01-01
STU07951,Math,Core,27,2024-01-01
STU07952,Math,Core,34,2024-01-01
STU07953,Math,Core,24,2024-01-01
STU07954,Math,Core,24,2024-01-01
STU07955,Math,Core,51,2024-01-01
STU07956,Math,Core,69,2024-01-01
STU07957,Math,Core,47,2024-01-01
STU07958,Math,Core,35,2024-01-01
STU07959,Math,Core,100,2024-01-01
STU07960,Math,Core,99,2024-01-01
STU07961,Math,Core,71,2024-01-01
STU07962,Math,Core,33,2024-01-01
STU07963,Math,Core,89,2024-01-01
STU07964,Math,Core,91,2024-01-01
STU07965,Math,Core,41,2024-01-01
STU07966,Math,Core,29,2024-01-01
STU07967,Math,Core,41,2024-01-01
STU07968,Math,Core,9,2024-01-01
STU07969,Math,Core,19,2024-01-01
STU07970,Math,Core,14,2024-01-01
STU07971,Math,Core,76,2024-01-01
STU07972,Math,Core,25,2024-01-01
STU07973,Math,Core,27,2024-01-01
STU07974,Math,Core,41,2024-01-01
STU07975,Math,Core,72,2024-01-01
STU07976,Math,Core,23,2024-01-01
STU07977,Math,Core,37,2024-01-01
STU07978,Math,Core,16,2024-01-01
STU07979,Math,Core,4,2024-01-01
STU07980,Math,Core,51,2024-01-01
STU07981,Math,Core,32,2024-01-01
STU07982,Math,Core,15,2024-01-01
STU07983,Math,Core,11,2024-01-01
STU07984,Math,Core,51,2024-01-01
STU07985,Math,Core,54,2024-01-01
STU07986,Math,Core,52,2024-01-01
STU07987,Math,Core,98,2024-01-01
STU07988,Math,Core,1,2024-01-01
STU07989,Math,Core,59,2024-01-01
STU07990,Math,Core,42,2024-01-01
STU07991,Math,Core,56,2024-01-01
STU07992,Math,Core,83,2024-01-01
STU07993,Math,Core,43,2024-01-01
STU07994,Math,Core,35,2024-01-01
STU07995,Math,Core,39,2024-01-01
STU07996,Math,Core,9,2024-01-01
STU07997,Math,Core,47,2024-01-01
STU07998,Math,Core,43,2024-01-01
STU07999,Math,Core,59,2024-01-01
STU08000,Math,Core,2,2024-01-01
STU08001,Math,Core,39,2024-01-01
STU08002,Math,Core,11,2024-01-01
STU08003,Math,Core,64,2024-01-01
STU08004,Math,Core,3,2024-01-01
STU08005,Math,Core,39,2024-01-01
STU08006,Math,Core,27,2024-01-01
STU08007,Math,Core,26,2024-01-01
STU08008,Math,Core,72,2024-01-01
STU08009,Math,Core,75,2024-01-01
STU08010,Math,Core,79,2024-01-01
STU08011,Math,Core,68,2024-01-01
STU08012,Math,Core,42,2024-01-01
STU08013,Math,Core,87,2024-01-01
STU08014,Math,Core,58,2024-01-01
STU08015,Math,Core,41,2024-01-01
STU08016,Math,Core,16,2024-01-01
STU08017,Math,Core,0,2024-01-01
STU08018,Math,Core,66,2024-01-01
STU08019,Math,Core,23,2024-01-01
STU08020,Math,Core,52,2024-01-01
STU08021,Math,Core,59,2024-01-01
STU08022,Math,Core,66,2024-01-01
STU08023,Math,Core,48,2024-01-01
STU08024,Math,Core,7,2024-01-01
STU08025,Math,Core,80,2024-01-01
STU08026,Math,Core,15,2024-01-01
STU08027,Math,Core,81,2024-01-01
STU08028,Math,Core,38,2024-01-01
STU08029,Math,Core,74,2024-01-01
STU08030,Math,Core,44,2024-01-01
STU08031,Math,Core,37,2024-01-01
STU08032,Math,Core,46,2024-01-01
STU08033,Math,Core,44,2024-01-01
STU08034,Math,Core,94,2024-01-01
STU08035,Math,Core,9,2024-01-01
STU08036,Math,Core,51,2024-01-01
STU08037,Math,Core,15,2024-01-01
STU08038,Math,Core,19,2024-01-01
STU08039,Math,Core,16,2024-01-01
STU08040,Math,Core,41,2024-01-01
STU08041,Math,Core,6,2024-01-01
STU08042,Math,Core,86,2024-01-01
STU08043,Math,Core,57,2024-01-01
STU08044,Math,Core,22,2024-01-01
STU08045,Math,Core,38,2024-01-01
STU08046,Math,Core,59,2024-01-01
STU08047,Math,Core,69,2024-01-01
STU08048,Math,Core,32,2024-01-01
STU08049,Math,Core,38,2024-01-01
STU08050,Math,Core,44,2024-01-01
STU08051,Math,Core,97,2024-01-01
STU08052,Math,Core,36,2024-01-01
STU08053,Math,Core,21,2024-01-01
STU08054,Math,Core,10,2024-01-01
STU08055,Math,Core,86,2024-01-01
STU08056,Math,Core,68,2024-01-01
STU08057,Math,Core,35,2024-01-01
STU08058,Math,Core,83,2024-01-01
STU08059,Math,Core,33,2024-01-01
STU08060,Math,Core,12,2024-01-01
STU08061,Math,Core,98,2024-01-01
STU08062,Math,Core,20,2024-01-01
STU08063,Math,Core,83,2024-01-01
STU08064,Math,Core,51,2024-01-01
STU08065,Math,Core,99,2024-01-01
STU08066,Math,Core,45,2024-01-01
STU08067,Math,Core,100,2024-01-01
STU08068,Math,Core,26,2024-01-01
STU08069,Math,Core,93,2024-01-01
STU08070,Math,Core,66,2024-01-01
STU08071,Math,Core,71,2024-01-01
STU08072,Math,Core,8,2024-01-01
STU08073,Math,Core,58,2024-01-01
STU08074,Math,Core,12,2024-01-01
STU08075,Math,Core,41,2024-01-01
STU08076,Math,Core,84,2024-01-01
STU08077,Math,Core,5,2024-01-01
STU08078,Math,Core,4,2024-01-01
STU08079,Math,Core,92,2024-01-01
STU08080,Math,Core,46,2024-01-01
STU08081,Math,Core,21,2024-01-01
STU08082,Math,Core,56,2024-01-01
STU08083,Math,Core,72,2024-01-01
STU08084,Math,Core,19,2024-01-01
STU08085,Math,Core,14,2024-01-01
STU08086,Math,Core,11,2024-01-01
STU08087,Math,Core,61,2024-01-01
STU08088,Math,Core,19,2024-01-01
STU08089,Math,Core,13,2024-01-01
STU08090,Math,Core,52,2024-01-01
STU08091,Math,Core,22,2024-01-01
STU08092,Math,Core,89,2024-01-01
STU08093,Math,Core,83,2024-01-01
STU08094,Math,Core,28,2024-01-01
STU08095,Math,Core,95,2024-01-01
STU08096,Math,Core,55,2024-01-01
STU08097,Math,Core,11,2024-01-01
STU08098,Math,Core,89,2024-01-01
STU08099,Math,Core,9,2024-01-01
STU08100,Math,Core,34,2024-01-01
STU08101,Math,Core,21,2024-01-01
STU08102,Math,Core,46,2024-01-01
STU08103,Math,Core,72,2024-01-01
STU08104,Math,Core,52,2024-01-01
STU08105,Math,Core,30,2024-01-01
STU08106,Math,Core,4,2024-01-01
STU08107,Math,Core,37,2024-01-01
STU08108,Math,Core,79,2024-01-01
STU08109,Math,Core,2,2024-01-01
STU08110,Math,Core,98,2024-01-01
STU08111,Math,Core,21,2024-01-01
STU08112,Math,Core,44,2024-01-01
STU08113,Math,Core,50,2024-01-01
STU08114,Math,Core,43,2024-01-01
STU08115,Math,Core,95,2024-01-01
STU08116,Math,Core,76,2024-01-01
STU08117,Math,Core,9,2024-01-01
STU08118,Math,Core,18,2024-01-01
STU08119,Math,Core,7,2024-01-01
STU08120,Math,Core,97,2024-01-01
STU08121,Math,Core,92,2024-01-01
STU08122,Math,Core,46,2024-01-01
STU08123,Math,Core,52,2024-01-01
STU08124,Math,Core,27,2024-01-01
STU08125,Math,Core,92,2024-01-01
STU08126,Math,Core,13,2024-01-01
STU08127,Math,Core,69,2024-01-01
STU08128,Math,Core,54,2024-01-01
STU08129,Math,Core,67,2024-01-01
STU08130,Math,Core,7,2024-01-01
STU08131,Math,Core,19,2024-01-01
STU08132,Math,Core,29,2024-01-01
STU08133,Math,Core,23,2024-01-01
STU08134,Math,Core,52,2024-01-01
STU08135,Math,Core,98,2024-01-01
STU08136,Math,Core,51,2024-01-01
STU08137,Math,Core,57,2024-01-01
STU08138,Math,Core,56,2024-01-01
STU08139,Math,Core,81,2024-01-01
STU08140,Math,Core,95,2024-01-01
STU08141,Math,Core,90,2024-01-01
STU08142,Math,Core,17,2024-01-01
STU08143,Math,Core,95,2024-01-01
STU08144,Math,Core,17,2024-01-01
STU08145,Math,Core,28,2024-01-01
STU08146,Math,Core,82,2024-01-01
STU08147,Math,Core,71,2024-01-01
STU08148,Math,Core,67,2024-01-01
STU08149,Math,Core,21,2024-01-01
STU08150,Math,Core,39,2024-01-01
STU08151,Math,Core,100,2024-01-01
STU08152,Math,Core,32,2024-01-01
STU08153,Math,Core,0,2024-01-01
STU08154,Math,Core,46,2024-01-01
STU08155,Math,Core,86,2024-01-01
STU08156,Math,Core,36,2024-01-01
STU08157,Math,Core,94,2024-01-01
STU08158,Math,Core,69,2024-01-01
STU08159,Math,Core,44,2024-01-01
STU08160,Math,Core,25,2024-01-01
STU08161,Math,Core,11,2024-01-01
STU08162,Math,Core,58,2024-01-01
STU08163,Math,Core,44,2024-01-01
STU08164,Math,Core,19,2024-01-01
STU08165,Math,Core,24,2024-01-01
STU08166,Math,Core,79,2024-01-01
STU08167,Math,Core,10,2024-01-01
STU08168,Math,Core,20,2024-01-01
STU08169,Math,Core,11,2024-01-01
STU08170,Math,Core,50,2024-01-01
STU08171,Math,Core,76,2024-01-01
STU08172,Math,Core,54,2024-01-01
STU08173,Math,Core,16,2024-01-01
STU08174,Math,Core,29,2024-01-01
STU08175,Math,Core,42,2024-01-01
STU08176,Math,Core,69,2024-01-01
STU08177,Math,Core,7,2024-01-01
STU08178,Math,Core,99,2024-01-01
STU08179,Math,Core,73,2024-01-01
STU08180,Math,Core,93,2024-01-01
STU08181,Math,Core,24,2024-01-01
STU08182,Math,Core,1,2024-01-01
STU08183,Math,Core,9,2024-01-01
STU08184,Math,Core,37,2024-01-01
STU08185,Math,Core,86,2024-01-01
STU08186,Math,Core,46,2024-01-01
STU08187,Math,Core,45,2024-01-01
STU08188,Math,Core,40,2024-01-01
STU08189,Math,Core,8,2024-01-01
STU08190,Math,Core,20,2024-01-01
STU08191,Math,Core,62,2024-01-01
STU08192,Math,Core,58,2024-01-01
STU08193,Math,Core,17,2024-01-01
STU08194,Math,Core,67,2024-01-01
STU08195,Math,Core,4,2024-01-01
STU08196,Math,Core,77,2024-01-01
STU08197,Math,Core,37,2024-01-01
STU08198,Math,Core,92,2024-01-01
STU08199,Math,Core,78,2024-01-01
STU08200,Math,Core,74,2024-01-01
STU08201,Math,Core,79,2024-01-01
STU08202,Math,Core,65,2024-01-01
STU08203,Math,Core,47,2024-01-01
STU08204,Math,Core,25,2024-01-01
STU08205,Math,Core,18,2024-01-01
STU08206,Math,Core,20,2024-01-01
STU08207,Math,Core,15,2024-01-01
STU08208,Math,Core,66,2024-01-01
STU08209,Math,Core,62,2024-01-01
STU08210,Math,Core,58,2024-01-01
STU08211,Math,Core,82,2024-01-01
STU08212,Math,Core,33,2024-01-01
STU08213,Math,Core,34,2024-01-01
STU08214,Math,Core,0,2024-01-01
STU08215,Math,Core,3,2024-01-01
STU08216,Math,Core,60,2024-01-01
STU08217,Math,Core,28,2024-01-01
STU08218,Math,Core,91,2024-01-01
STU08219,Math,Core,22,2024-01-01
STU08220,Math,Core,75,2024-01-01
STU08221,Math,Core,88,2024-01-01
STU08222,Math,Core,85,2024-01-01
STU08223,Math,Core,43,2024-01-01
STU08224,Math,Core,72,2024-01-01
STU08225,Math,Core,96,2024-01-01
STU08226,Math,Core,19,2024-01-01
STU08227,Math,Core,75,2024-01-01
STU08228,Math,Core,18,2024-01-01
STU08229,Math,Core,89,2024-01-01
STU08230,Math,Core,43,2024-01-01
STU08231,Math,Core,74,2024-01-01
STU08232,Math,Core,72,2024-01-01
STU08233,Math,Core,25,2024-01-01
STU08234,Math,Core,64,2024-01-01
STU08235,Math,Core,31,2024-01-01
STU08236,Math,Core,50,2024-01-01
STU08237,Math,Core,80,2024-01-01
STU08238,Math,Core,62,2024-01-01
STU08239,Math,Core,26,2024-01-01
STU08240,Math,Core,52,2024-01-01
STU08241,Math,Core,44,2024-01-01
STU08242,Math,Core,70,2024-01-01
STU08243,Math,Core,93,2024-01-01
STU08244,Math,Core,94,2024-01-01
STU08245,Math,Core,75,2024-01-01
STU08246,Math,Core,99,2024-01-01
STU08247,Math,Core,3,2024-01-01
STU08248,Math,Core,77,2024-01-01
STU08249,Math,Core,80,2024-01-01
STU08250,Math,Core,85,2024-01-01
STU08251,Math,Core,3,2024-01-01
STU08252,Math,Core,37,2024-01-01
STU08253,Math,Core,88,2024-01-01
STU08254,Math,Core,20,2024-01-01
STU08255,Math,Core,3,2024-01-01
STU08256,Math,Core,77,2024-01-01
STU08257,Math,Core,25,2024-01-01
STU08258,Math,Core,71,2024-01-01
STU08259,Math,Core,77,2024-01-01
STU08260,Math,Core,94,2024-01-01
STU08261,Math,Core,28,2024-01-01
STU08262,Math,Core,99,2024-01-01
STU08263,Math,Core,26,2024-01-01
STU08264,Math,Core,41,2024-01-01
STU08265,Math,Core,24,2024-01-01
STU08266,Math,Core,65,2024-01-01
STU08267,Math,Core,9,2024-01-01
STU08268,Math,Core,28,2024-01-01
STU08269,Math,Core,22,2024-01-01
STU08270,Math,Core,94,2024-01-01
STU08271,Math,Core,80,2024-01-01
STU08272,Math,Core,86,2024-01-01
STU08273,Math,Core,10,2024-01-01
STU08274,Math,Core,42,2024-01-01
STU08275,Math,Core,68,2024-01-01
STU08276,Math,Core,99,2024-01-01
STU08277,Math,Core,29,2024-01-01
STU08278,Math,Core,51,2024-01-01
STU08279,Math,Core,80,2024-01-01
STU08280,Math,Core,14,2024-01-01
STU08281,Math,Core,58,2024-01-01
STU08282,Math,Core,47,2024-01-01
STU08283,Math,Core,79,2024-01-01
STU08284,Math,Core,2,2024-01-01
STU08285,Math,Core,95,2024-01-01
STU08286,Math,Core,86,2024-01-01
STU08287,Math,Core,86,2024-01-01
STU08288,Math,Core,58,2024-01-01
STU08289,Math,Core,2,2024-01-01
STU08290,Math,Core,81,2024-01-01
STU08291,Math,Core,77,2024-01-01
STU08292,Math,Core,5,2024-01-01
STU08293,Math,Core,85,2024-01-01
STU08294,Math,Core,8,2024-01-01
STU08295,Math,Core,58,2024-01-01
STU08296,Math,Core,83,2024-01-01
STU08297,Math,Core,85,2024-01-01
STU08298,Math,Core,60,2024-01-01
STU08299,Math,Core,9,2024-01-01
STU08300,Math,Core,13,2024-01-01
STU08301,Math,Core,11,2024-01-01
STU08302,Math,Core,32,2024-01-01
STU08303,Math,Core,61,2024-01-01
STU08304,Math,Core,99,2024-01-01
STU08305,Math,Core,88,2024-01-01
STU08306,Math,Core,14,2024-01-01
STU08307,Math,Core,76,2024-01-01
STU08308,Math,Core,64,2024-01-01
STU08309,Math,Core,19,2024-01-01
STU08310,Math,Core,42,2024-01-01
STU08311,Math,Core,45,2024-01-01
STU08312,Math,Core,18,2024-01-01
STU08313,Math,Core,50,2024-01-01
STU08314,Math,Core,73,2024-01-01
STU08315,Math,Core,67,2024-01-01
STU08316,Math,Core,57,2024-01-01
STU08317,Math,Core,58,2024-01-01
STU08318,Math,Core,87,2024-01-01
STU08319,Math,Core,3,2024-01-01
STU08320,Math,Core,59,2024-01-01
STU08321,Math,Core,60,2024-01-01
STU08322,Math,Core,100,2024-01-01
STU08323,Math,Core,74,2024-01-01
STU08324,Math,Core,41,2024-01-01
STU08325,Math,Core,31,2024-01-01
STU08326,Math,Core,55,2024-01-01
STU08327,Math,Core,56,2024-01-01
STU08328,Math,Core,42,2024-01-01
STU08329,Math,Core,62,2024-01-01
STU08330,Math,Core,67,2024-01-01
STU08331,Math,Core,20,2024-01-01
STU08332,Math,Core,90,2024-01-01
STU08333,Math,Core,97,2024-01-01
STU08334,Math,Core,39,2024-01-01
STU08335,Math,Core,71,2024-01-01
STU08336,Math,Core,76,2024-01-01
STU08337,Math,Core,15,2024-01-01
STU08338,Math,Core,74,2024-01-01
STU08339,Math,Core,45,2024-01-01
STU08340,Math,Core,22,2024-01-01
STU08341,Math,Core,68,2024-01-01
STU08342,Math,Core,89,2024-01-01
STU08343,Math,Core,84,2024-01-01
STU08344,Math,Core,14,2024-01-01
STU08345,Math,Core,82,2024-01-01
STU08346,Math,Core,11,2024-01-01
STU08347,Math,Core,12,2024-01-01
STU08348,Math,Core,62,2024-01-01
STU08349,Math,Core,87,2024-01-01
STU08350,Math,Core,33,2024-01-01
STU08351,Math,Core,97,2024-01-01
STU08352,Math,Core,6,2024-01-01
STU08353,Math,Core,51,2024-01-01
STU08354,Math,Core,80,2024-01-01
STU08355,Math,Core,46,2024-01-01
STU08356,Math,Core,4,2024-01-01
STU08357,Math,Core,36,2024-01-01
STU08358,Math,Core,85,2024-01-01
STU08359,Math,Core,27,2024-01-01
STU08360,Math,Core,37,2024-01-01
STU08361,Math,Core,7,2024-01-01
STU08362,Math,Core,10,2024-01-01
STU08363,Math,Core,38,2024-01-01
STU08364,Math,Core,44,2024-01-01
STU08365,Math,Core,46,2024-01-01
STU08366,Math,Core,46,2024-01-01
STU08367,Math,Core,91,2024-01-01
STU08368,Math,Core,99,2024-01-01
STU08369,Math,Core,27,2024-01-01
STU08370,Math,Core,48,2024-01-01
STU08371,Math,Core,47,2024-01-01
STU08372,Math,Core,84,2024-01-01
STU08373,Math,Core,21,2024-01-01
STU08374,Math,Core,49,2024-01-01
STU08375,Math,Core,43,2024-01-01
STU08376,Math,Core,9,2024-01-01
STU08377,Math,Core,96,2024-01-01
STU08378,Math,Core,11,2024-01-01
STU08379,Math,Core,42,2024-01-01
STU08380,Math,Core,41,2024-01-01
STU08381,Math,Core,87,2024-01-01
STU08382,Math,Core,52,2024-01-01
STU08383,Math,Core,35,2024-01-01
STU08384,Math,Core,49,2024-01-01
STU08385,Math,Core,33,2024-01-01
STU08386,Math,Core,76,2024-01-01
STU08387,Math,Core,27,2024-01-01
STU08388,Math,Core,50,2024-01-01
STU08389,Math,Core,60,2024-01-01
STU08390,Math,Core,14,2024-01-01
STU08391,Math,Core,86,2024-01-01
STU08392,Math,Core,54,2024-01-01
STU08393,Math,Core,10,2024-01-01
STU08394,Math,Core,76,2024-01-01
STU08395,Math,Core,58,2024-01-01
STU08396,Math,Core,41,2024-01-01
STU08397,Math,Core,98,2024-01-01
STU08398,Math,Core,37,2024-01-01
STU08399,Math,Core,92,2024-01-01
STU08400,Math,Core,70,2024-01-01
STU08401,Math,Core,38,2024-01-01
STU08402,Math,Core,79,2024-01-01
STU08403,Math,Core,15,2024-01-01
STU08404,Math,Core,54,2024-01-01
STU08405,Math,Core,87,2024-01-01
STU08406,Math,Core,63,2024-01-01
STU08407,Math,Core,98,2024-01-01
STU08408,Math,Core,95,2024-01-01
STU08409,Math,Core,57,2024-01-01
STU08410,Math,Core,49,2024-01-01
STU08411,Math,Core,24,2024-01-01
STU08412,Math,Core,96,2024-01-01
STU08413,Math,Core,88,2024-01-01
STU08414,Math,Core,13,2024-01-01
STU08415,Math,Core,93,2024-01-01
STU08416,Math,Core,45,2024-01-01
STU08417,Math,Core,16,2024-01-01
STU08418,Math,Core,99,2024-01-01
STU08419,Math,Core,73,2024-01-01
STU08420,Math,Core,98,2024-01-01
STU08421,Math,Core,25,2024-01-01
STU08422,Math,Core,15,2024-01-01
STU08423,Math,Core,23,2024-01-01
STU08424,Math,Core,96,2024-01-01
STU08425,Math,Core,65,2024-01-01
STU08426,Math,Core,66,2024-01-01
STU08427,Math,Core,68,2024-01-01
STU08428,Math,Core,95,2024-01-01
STU08429,Math,Core,75,2024-01-01
STU08430,Math,Core,87,2024-01-01
STU08431,Math,Core,71,2024-01-01
STU08432,Math,Core,69,2024-01-01
STU08433,Math,Core,10,2024-01-01
STU08434,Math,Core,85,2024-01-01
STU08435,Math,Core,35,2024-01-01
STU08436,Math,Core,20,2024-01-01
STU08437,Math,Core,70,2024-01-01
STU08438,Math,Core,36,2024-01-01
STU08439,Math,Core,34,2024-01-01
STU08440,Math,Core,19,2024-01-01
STU08441,Math,Core,7,2024-01-01
STU08442,Math,Core,30,2024-01-01
STU08443,Math,Core,56,2024-01-01
STU08444,Math,Core,70,2024-01-01
STU08445,Math,Core,22,2024-01-01
STU08446,Math,Core,1,2024-01-01
STU08447,Math,Core,84,2024-01-01
STU08448,Math,Core,69,2024-01-01
STU08449,Math,Core,76,2024-01-01
STU08450,Math,Core,96,2024-01-01
STU08451,Math,Core,22,2024-01-01
STU08452,Math,Core,42,2024-01-01
STU08453,Math,Core,12,2024-01-01
STU08454,Math,Core,78,2024-01-01
STU08455,Math,Core,10,2024-01-01
STU08456,Math,Core,65,2024-01-01
STU08457,Math,Core,100,2024-01-01
STU08458,Math,Core,84,2024-01-01
STU08459,Math,Core,53,2024-01-01
STU08460,Math,Core,77,2024-01-01
STU08461,Math,Core,99,2024-01-01
STU08462,Math,Core,27,2024-01-01
STU08463,Math,Core,9,2024-01-01
STU08464,Math,Core,59,2024-01-01
STU08465,Math,Core,51,2024-01-01
STU08466,Math,Core,22,2024-01-01
STU08467,Math,Core,65,2024-01-01
STU08468,Math,Core,63,2024-01-01
STU08469,Math,Core,82,2024-01-01
STU08470,Math,Core,25,2024-01-01
STU08471,Math,Core,24,2024-01-01
STU08472,Math,Core,96,2024-01-01
STU08473,Math,Core,40,2024-01-01
STU08474,Math,Core,73,2024-01-01
STU08475,Math,Core,19,2024-01-01
STU08476,Math,Core,26,2024-01-01
STU08477,Math,Core,50,2024-01-01
STU08478,Math,Core,11,2024-01-01
STU08479,Math,Core,59,2024-01-01
STU08480,Math,Core,63,2024-01-01
STU08481,Math,Core,36,2024-01-01
STU08482,Math,Core,83,2024-01-01
STU08483,Math,Core,94,2024-01-01
STU08484,Math,Core,35,2024-01-01
STU08485,Math,Core,88,2024-01-01
STU08486,Math,Core,89,2024-01-01
STU08487,Math,Core,58,2024-01-01
STU08488,Math,Core,34,2024-01-01
STU08489,Math,Core,66,2024-01-01
STU08490,Math,Core,97,2024-01-01
STU08491,Math,Core,99,2024-01-01
STU08492,Math,Core,25,2024-01-01
STU08493,Math,Core,53,2024-01-01
STU08494,Math,Core,35,2024-01-01
STU08495,Math,Core,12,2024-01-01
STU08496,Math,Core,23,2024-01-01
STU08497,Math,Core,62,2024-01-01
STU08498,Math,Core,45,2024-01-01
STU08499,Math,Core,62,2024-01-01
STU08500,Math,Core,1,2024-01-01
STU08501,Math,Core,58,2024-01-01
STU08502,Math,Core,23,2024-01-01
STU08503,Math,Core,39,2024-01-01
STU08504,Math,Core,14,2024-01-01
STU08505,Math,Core,27,2024-01-01
STU08506,Math,Core,55,2024-01-01
STU08507,Math,Core,91,2024-01-01
STU08508,Math,Core,22,2024-01-01
STU08509,Math,Core,34,2024-01-01
STU08510,Math,Core,52,2024-01-01
STU08511,Math,Core,96,2024-01-01
STU08512,Math,Core,69,2024-01-01
STU08513,Math,Core,8,2024-01-01
STU08514,Math,Core,29,2024-01-01
STU08515,Math,Core,58,2024-01-01
STU08516,Math,Core,47,2024-01-01
STU08517,Math,Core,59,2024-01-01
STU08518,Math,Core,52,2024-01-01
STU08519,Math,Core,58,2024-01-01
STU08520,Math,Core,53,2024-01-01
STU08521,Math,Core,34,2024-01-01
STU08522,Math,Core,22,2024-01-01
STU08523,Math,Core,78,2024-01-01
STU08524,Math,Core,53,2024-01-01
STU08525,Math,Core,44,2024-01-01
STU08526,Math,Core,48,2024-01-01
STU08527,Math,Core,73,2024-01-01
STU08528,Math,Core,13,2024-01-01
STU08529,Math,Core,52,2024-01-01
STU08530,Math,Core,62,2024-01-01
STU08531,Math,Core,13,2024-01-01
STU08532,Math,Core,61,2024-01-01
STU08533,Math,Core,45,2024-01-01
STU08534,Math,Core,87,2024-01-01
STU08535,Math,Core,17,2024-01-01
STU08536,Math,Core,18,2024-01-01
STU08537,Math,Core,5,2024-01-01
STU08538,Math,Core,25,2024-01-01
STU08539,Math,Core,64,2024-01-01
STU08540,Math,Core,36,2024-01-01
STU08541,Math,Core,11,2024-01-01
STU08542,Math,Core,6,2024-01-01
STU08543,Math,Core,25,2024-01-01
STU08544,Math,Core,76,2024-01-01
STU08545,Math,Core,43,2024-01-01
STU08546,Math,Core,10,2024-01-01
STU08547,Math,Core,21,2024-01-01
STU08548,Math,Core,91,2024-01-01
STU08549,Math,Core,33,2024-01-01
STU08550,Math,Core,19,2024-01-01
STU08551,Math,Core,3,2024-01-01
STU08552,Math,Core,2,2024-01-01
STU08553,Math,Core,25,2024-01-01
STU08554,Math,Core,95,2024-01-01
STU08555,Math,Core,29,2024-01-01
STU08556,Math,Core,87,2024-01-01
STU08557,Math,Core,21,2024-01-01
STU08558,Math,Core,29,2024-01-01
STU08559,Math,Core,21,2024-01-01
STU08560,Math,Core,70,2024-01-01
STU08561,Math,Core,31,2024-01-01
STU08562,Math,Core,85,2024-01-01
STU08563,Math,Core,27,2024-01-01
STU08564,Math,Core,48,2024-01-01
STU08565,Math,Core,54,2024-01-01
STU08566,Math,Core,63,2024-01-01
STU08567,Math,Core,86,2024-01-01
STU08568,Math,Core,24,2024-01-01
STU08569,Math,Core,70,2024-01-01
STU08570,Math,Core,30,2024-01-01
STU08571,Math,Core,22,2024-01-01
STU08572,Math,Core,1,2024-01-01
STU08573,Math,Core,33,2024-01-01
STU08574,Math,Core,0,2024-01-01
STU08575,Math,Core,76,2024-01-01
STU08576,Math,Core,88,2024-01-01
STU08577,Math,Core,30,2024-01-01
STU08578,Math,Core,66,2024-01-01
STU08579,Math,Core,57,2024-01-01
STU08580,Math,Core,15,2024-01-01
STU08581,Math,Core,61,2024-01-01
STU08582,Math,Core,71,2024-01-01
STU08583,Math,Core,8,2024-01-01
STU08584,Math,Core,93,2024-01-01
STU08585,Math,Core,69,2024-01-01
STU08586,Math,Core,83,2024-01-01
STU08587,Math,Core,61,2024-01-01
STU08588,Math,Core,81,2024-01-01
STU08589,Math,Core,53,2024-01-01
STU08590,Math,Core,35,2024-01-01
STU08591,Math,Core,0,2024-01-01
STU08592,Math,Core,86,2024-01-01
STU08593,Math,Core,40,2024-01-01
STU08594,Math,Core,53,2024-01-01
STU08595,Math,Core,34,2024-01-01
STU08596,Math,Core,79,2024-01-01
STU08597,Math,Core,99,2024-01-01
STU08598,Math,Core,91,2024-01-01
STU08599,Math,Core,25,2024-01-01
STU08600,Math,Core,35,2024-01-01
STU08601,Math,Core,99,2024-01-01
STU08602,Math,Core,47,2024-01-01
STU08603,Math,Core,24,2024-01-01
STU08604,Math,Core,3,2024-01-01
STU08605,Math,Core,62,2024-01-01
STU08606,Math,Core,94,2024-01-01
STU08607,Math,Core,29,2024-01-01
STU08608,Math,Core,65,2024-01-01
STU08609,Math,Core,83,2024-01-01
STU08610,Math,Core,27,2024-01-01
STU08611,Math,Core,76,2024-01-01
STU08612,Math,Core,85,2024-01-01
STU08613,Math,Core,26,2024-01-01
STU08614,Math,Core,39,2024-01-01
STU08615,Math,Core,75,2024-01-01
STU08616,Math,Core,40,2024-01-01
STU08617,Math,Core,60,2024-01-01
STU08618,Math,Core,64,2024-01-01
STU08619,Math,Core,36,2024-01-01
STU08620,Math,Core,57,2024-01-01
STU08621,Math,Core,71,2024-01-01
STU08622,Math,Core,34,2024-01-01
STU08623,Math,Core,58,2024-01-01
STU08624,Math,Core,33,2024-01-01
STU08625,Math,Core,24,2024-01-01
STU08626,Math,Core,77,2024-01-01
STU08627,Math,Core,83,2024-01-01
STU08628,Math,Core,74,2024-01-01
STU08629,Math,Core,57,2024-01-01
STU08630,Math,Core,66,2024-01-01
STU08631,Math,Core,88,2024-01-01
STU08632,Math,Core,66,2024-01-01
STU08633,Math,Core,94,2024-01-01
STU08634,Math,Core,33,2024-01-01
STU08635,Math,Core,2,2024-01-01
STU08636,Math,Core,45,2024-01-01
STU08637,Math,Core,25,2024-01-01
STU08638,Math,Core,50,2024-01-01
STU08639,Math,Core,17,2024-01-01
STU08640,Math,Core,53,2024-01-01
STU08641,Math,Core,4,2024-01-01
STU08642,Math,Core,27,2024-01-01
STU08643,Math,Core,42,2024-01-01
STU08644,Math,Core,42,2024-01-01
STU08645,Math,Core,13,2024-01-01
STU08646,Math,Core,6,2024-01-01
STU08647,Math,Core,69,2024-01-01
STU08648,Math,Core,17,2024-01-01
STU08649,Math,Core,97,2024-01-01
STU08650,Math,Core,13,2024-01-01
STU08651,Math,Core,90,2024-01-01
STU08652,Math,Core,50,2024-01-01
STU08653,Math,Core,56,2024-01-01
STU08654,Math,Core,46,2024-01-01
STU08655,Math,Core,19,2024-01-01
STU08656,Math,Core,47,2024-01-01
STU08657,Math,Core,79,2024-01-01
STU08658,Math,Core,50,2024-01-01
STU08659,Math,Core,49,2024-01-01
STU08660,Math,Core,46,2024-01-01
STU08661,Math,Core,51,2024-01-01
STU08662,Math,Core,83,2024-01-01
STU08663,Math,Core,0,2024-01-01
STU08664,Math,Core,27,2024-01-01
STU08665,Math,Core,5,2024-01-01
STU08666,Math,Core,72,2024-01-01
STU08667,Math,Core,76,2024-01-01
STU08668,Math,Core,20,2024-01-01
STU08669,Math,Core,46,2024-01-01
STU08670,Math,Core,61,2024-01-01
STU08671,Math,Core,7,2024-01-01
STU08672,Math,Core,22,2024-01-01
STU08673,Math,Core,65,2024-01-01
STU08674,Math,Core,33,2024-01-01
STU08675,Math,Core,29,2024-01-01
STU08676,Math,Core,97,2024-01-01
STU08677,Math,Core,93,2024-01-01
STU08678,Math,Core,60,2024-01-01
STU08679,Math,Core,32,2024-01-01
STU08680,Math,Core,54,2024-01-01
STU08681,Math,Core,7,2024-01-01
STU08682,Math,Core,74,2024-01-01
STU08683,Math,Core,0,2024-01-01
STU08684,Math,Core,46,2024-01-01
STU08685,Math,Core,8,2024-01-01
STU08686,Math,Core,49,2024-01-01
STU08687,Math,Core,30,2024-01-01
STU08688,Math,Core,96,2024-01-01
STU08689,Math,Core,1,2024-01-01
STU08690,Math,Core,95,2024-01-01
STU08691,Math,Core,98,2024-01-01
STU08692,Math,Core,61,2024-01-01
STU08693,Math,Core,54,2024-01-01
STU08694,Math,Core,9,2024-01-01
STU08695,Math,Core,13,2024-01-01
STU08696,Math,Core,91,2024-01-01
STU08697,Math,Core,11,2024-01-01
STU08698,Math,Core,48,2024-01-01
STU08699,Math,Core,52,2024-01-01
STU08700,Math,Core,65,2024-01-01
STU08701,Math,Core,58,2024-01-01
STU08702,Math,Core,43,2024-01-01
STU08703,Math,Core,55,2024-01-01
STU08704,Math,Core,96,2024-01-01
STU08705,Math,Core,3,2024-01-01
STU08706,Math,Core,35,2024-01-01
STU08707,Math,Core,97,2024-01-01
STU08708,Math,Core,31,2024-01-01
STU08709,Math,Core,12,2024-01-01
STU08710,Math,Core,6,2024-01-01
STU08711,Math,Core,78,2024-01-01
STU08712,Math,Core,7,2024-01-01
STU08713,Math,Core,32,2024-01-01
STU08714,Math,Core,87,2024-01-01
STU08715,Math,Core,77,2024-01-01
STU08716,Math,Core,0,2024-01-01
STU08717,Math,Core,49,2024-01-01
STU08718,Math,Core,2,2024-01-01
STU08719,Math,Core,37,2024-01-01
STU08720,Math,Core,78,2024-01-01
STU08721,Math,Core,87,2024-01-01
STU08722,Math,Core,32,2024-01-01
STU08723,Math,Core,98,2024-01-01
STU08724,Math,Core,47,2024-01-01
STU08725,Math,Core,78,2024-01-01
STU08726,Math,Core,69,2024-01-01
STU08727,Math,Core,0,2024-01-01
STU08728,Math,Core,11,2024-01-01
STU08729,Math,Core,17,2024-01-01
STU08730,Math,Core,44,2024-01-01
STU08731,Math,Core,93,2024-01-01
STU08732,Math,Core,83,2024-01-01
STU08733,Math,Core,9,2024-01-01
STU08734,Math,Core,63,2024-01-01
STU08735,Math,Core,44,2024-01-01
STU08736,Math,Core,47,2024-01-01
STU08737,Math,Core,32,2024-01-01
STU08738,Math,Core,61,2024-01-01
STU08739,Math,Core,60,2024-01-01
STU08740,Math,Core,33,2024-01-01
STU08741,Math,Core,79,2024-01-01
STU08742,Math,Core,54,2024-01-01
STU08743,Math,Core,47,2024-01-01
STU08744,Math,Core,86,2024-01-01
STU08745,Math,Core,77,2024-01-01
STU08746,Math,Core,97,2024-01-01
STU08747,Math,Core,78,2024-01-01
STU08748,Math,Core,78,2024-01-01
STU08749,Math,Core,40,2024-01-01
STU08750,Math,Core,66,2024-01-01
STU08751,Math,Core,68,2024-01-01
STU08752,Math,Core,5,2024-01-01
STU08753,Math,Core,96,2024-01-01
STU08754,Math,Core,84,2024-01-01
STU08755,Math,Core,85,2024-01-01
STU08756,Math,Core,46,2024-01-01
STU08757,Math,Core,28,2024-01-01
STU08758,Math,Core,50,2024-01-01
STU08759,Math,Core,80,2024-01-01
STU08760,Math,Core,61,2024-01-01
STU08761,Math,Core,8,2024-01-01
STU08762,Math,Core,0,2024-01-01
STU08763,Math,Core,52,2024-01-01
STU08764,Math,Core,75,2024-01-01
STU08765,Math,Core,84,2024-01-01
STU08766,Math,Core,37,2024-01-01
STU08767,Math,Core,6,2024-01-01
STU08768,Math,Core,96,2024-01-01
STU08769,Math,Core,6,2024-01-01
STU08770,Math,Core,5,2024-01-01
STU08771,Math,Core,91,2024-01-01
STU08772,Math,Core,77,2024-01-01
STU08773,Math,Core,78,2024-01-01
STU08774,Math,Core,87,2024-01-01
STU08775,Math,Core,61,2024-01-01
STU08776,Math,Core,39,2024-01-01
STU08777,Math,Core,20,2024-01-01
STU08778,Math,Core,87,2024-01-01
STU08779,Math,Core,79,2024-01-01
STU08780,Math,Core,65,2024-01-01
STU08781,Math,Core,11,2024-01-01
STU08782,Math,Core,4,2024-01-01
STU08783,Math,Core,24,2024-01-01
STU08784,Math,Core,50,2024-01-01
STU08785,Math,Core,91,2024-01-01
STU08786,Math,Core,81,2024-01-01
STU08787,Math,Core,53,2024-01-01
STU08788,Math,Core,50,2024-01-01
STU08789,Math,Core,64,2024-01-01
STU08790,Math,Core,33,2024-01-01
STU08791,Math,Core,76,2024-01-01
STU08792,Math,Core,25,2024-01-01
STU08793,Math,Core,55,2024-01-01
STU08794,Math,Core,99,2024-01-01
STU08795,Math,Core,35,2024-01-01
STU08796,Math,Core,94,2024-01-01
STU08797,Math,Core,96,2024-01-01
STU08798,Math,Core,15,2024-01-01
STU08799,Math,Core,76,2024-01-01
STU08800,Math,Core,0,2024-01-01
STU08801,Math,Core,90,2024-01-01
STU08802,Math,Core,21,2024-01-01
STU08803,Math,Core,8,2024-01-01
STU08804,Math,Core,26,2024-01-01
STU08805,Math,Core,9,2024-01-01
STU08806,Math,Core,29,2024-01-01
STU08807,Math,Core,57,2024-01-01
STU08808,Math,Core,3,2024-01-01
STU08809,Math,Core,84,2024-01-01
STU08810,Math,Core,15,2024-01-01
STU08811,Math,Core,38,2024-01-01
STU08812,Math,Core,46,2024-01-01
STU08813,Math,Core,21,2024-01-01
STU08814,Math,Core,57,2024-01-01
STU08815,Math,Core,31,2024-01-01
STU08816,Math,Core,71,2024-01-01
STU08817,Math,Core,59,2024-01-01
STU08818,Math,Core,52,2024-01-01
STU08819,Math,Core,84,2024-01-01
STU08820,Math,Core,81,2024-01-01
STU08821,Math,Core,31,2024-01-01
STU08822,Math,Core,45,2024-01-01
STU08823,Math,Core,9,2024-01-01
STU08824,Math,Core,77,2024-01-01
STU08825,Math,Core,2,2024-01-01
STU08826,Math,Core,10,2024-01-01
STU08827,Math,Core,95,2024-01-01
STU08828,Math,Core,12,2024-01-01
STU08829,Math,Core,21,2024-01-01
STU08830,Math,Core,17,2024-01-01
STU08831,Math,Core,8,2024-01-01
STU08832,Math,Core,16,2024-01-01
STU08833,Math,Core,93,2024-01-01
STU08834,Math,Core,99,2024-01-01
STU08835,Math,Core,96,2024-01-01
STU08836,Math,Core,33,2024-01-01
STU08837,Math,Core,7,2024-01-01
STU08838,Math,Core,86,2024-01-01
STU08839,Math,Core,87,2024-01-01
STU08840,Math,Core,17,2024-01-01
STU08841,Math,Core,68,2024-01-01
STU08842,Math,Core,56,2024-01-01
STU08843,Math,Core,8,2024-01-01
STU08844,Math,Core,89,2024-01-01
STU08845,Math,Core,79,2024-01-01
STU08846,Math,Core,89,2024-01-01
STU08847,Math,Core,44,2024-01-01
STU08848,Math,Core,3,2024-01-01
STU08849,Math,Core,27,2024-01-01
STU08850,Math,Core,62,2024-01-01
STU08851,Math,Core,72,2024-01-01
STU08852,Math,Core,15,2024-01-01
STU08853,Math,Core,67,2024-01-01
STU08854,Math,Core,16,2024-01-01
STU08855,Math,Core,90,2024-01-01
STU08856,Math,Core,42,2024-01-01
STU08857,Math,Core,50,2024-01-01
STU08858,Math,Core,63,2024-01-01
STU08859,Math,Core,61,2024-01-01
STU08860,Math,Core,2,2024-01-01
STU08861,Math,Core,63,2024-01-01
STU08862,Math,Core,82,2024-01-01
STU08863,Math,Core,57,2024-01-01
STU08864,Math,Core,89,2024-01-01
STU08865,Math,Core,64,2024-01-01
STU08866,Math,Core,61,2024-01-01
STU08867,Math,Core,85,2024-01-01
STU08868,Math,Core,48,2024-01-01
STU08869,Math,Core,66,2024-01-01
STU08870,Math,Core,93,2024-01-01
STU08871,Math,Core,10,2024-01-01
STU08872,Math,Core,19,2024-01-01
STU08873,Math,Core,8,2024-01-01
STU08874,Math,Core,75,2024-01-01
STU08875,Math,Core,83,2024-01-01
STU08876,Math,Core,82,2024-01-01
STU08877,Math,Core,53,2024-01-01
STU08878,Math,Core,80,2024-01-01
STU08879,Math,Core,37,2024-01-01
STU08880,Math,Core,11,2024-01-01
STU08881,Math,Core,97,2024-01-01
STU08882,Math,Core,28,2024-01-01
STU08883,Math,Core,66,2024-01-01
STU08884,Math,Core,27,2024-01-01
STU08885,Math,Core,74,2024-01-01
STU08886,Math,Core,48,2024-01-01
STU08887,Math,Core,4,2024-01-01
STU08888,Math,Core,8,2024-01-01
STU08889,Math,Core,47,2024-01-01
STU08890,Math,Core,76,2024-01-01
STU08891,Math,Core,23,2024-01-01
STU08892,Math,Core,87,2024-01-01
STU08893,Math,Core,8,2024-01-01
STU08894,Math,Core,98,2024-01-01
STU08895,Math,Core,47,2024-01-01
STU08896,Math,Core,100,2024-01-01
STU08897,Math,Core,29,2024-01-01
STU08898,Math,Core,95,2024-01-01
STU08899,Math,Core,19,2024-01-01
STU08900,Math,Core,56,2024-01-01
STU08901,Math,Core,84,2024-01-01
STU08902,Math,Core,12,2024-01-01
STU08903,Math,Core,39,2024-01-01
STU08904,Math,Core,47,2024-01-01
STU08905,Math,Core,5,2024-01-01
STU08906,Math,Core,33,2024-01-01
STU08907,Math,Core,79,2024-01-01
STU08908,Math,Core,55,2024-01-01
STU08909,Math,Core,12,2024-01-01
STU08910,Math,Core,89,2024-01-01
STU08911,Math,Core,14,2024-01-01
STU08912,Math,Core,12,2024-01-01
STU08913,Math,Core,44,2024-01-01
STU08914,Math,Core,19,2024-01-01
STU08915,Math,Core,94,2024-01-01
STU08916,Math,Core,37,2024-01-01
STU08917,Math,Core,39,2024-01-01
STU08918,Math,Core,45,2024-01-01
STU08919,Math,Core,18,2024-01-01
STU08920,Math,Core,70,2024-01-01
STU08921,Math,Core,14,2024-01-01
STU08922,Math,Core,49,2024-01-01
STU08923,Math,Core,62,2024-01-01
STU08924,Math,Core,29,2024-01-01
STU08925,Math,Core,4,2024-01-01
STU08926,Math,Core,53,2024-01-01
STU08927,Math,Core,82,2024-01-01
STU08928,Math,Core,99,2024-01-01
STU08929,Math,Core,80,2024-01-01
STU08930,Math,Core,21,2024-01-01
STU08931,Math,Core,36,2024-01-01
STU08932,Math,Core,30,2024-01-01
STU08933,Math,Core,90,2024-01-01
STU08934,Math,Core,45,2024-01-01
STU08935,Math,Core,43,2024-01-01
STU08936,Math,Core,98,2024-01-01
STU08937,Math,Core,60,2024-01-01
STU08938,Math,Core,4,2024-01-01
STU08939,Math,Core,73,2024-01-01
STU08940,Math,Core,54,2024-01-01
STU08941,Math,Core,87,2024-01-01
STU08942,Math,Core,21,2024-01-01
STU08943,Math,Core,13,2024-01-01
STU08944,Math,Core,10,2024-01-01
STU08945,Math,Core,99,2024-01-01
STU08946,Math,Core,70,2024-01-01
STU08947,Math,Core,73,2024-01-01
STU08948,Math,Core,45,2024-01-01
STU08949,Math,Core,48,2024-01-01
STU08950,Math,Core,53,2024-01-01
STU08951,Math,Core,88,2024-01-01
STU08952,Math,Core,2,2024-01-01
STU08953,Math,Core,40,2024-01-01
STU08954,Math,Core,80,2024-01-01
STU08955,Math,Core,95,2024-01-01
STU08956,Math,Core,80,2024-01-01
STU08957,Math,Core,13,2024-01-01
STU08958,Math,Core,6,2024-01-01
STU08959,Math,Core,39,2024-01-01
STU08960,Math,Core,12,2024-01-01
STU08961,Math,Core,75,2024-01-01
STU08962,Math,Core,34,2024-01-01
STU08963,Math,Core,75,2024-01-01
STU08964,Math,Core,16,2024-01-01
STU08965,Math,Core,42,2024-01-01
STU08966,Math,Core,78,2024-01-01
STU08967,Math,Core,52,2024-01-01
STU08968,Math,Core,14,2024-01-01
STU08969,Math,Core,0,2024-01-01
STU08970,Math,Core,81,2024-01-01
STU08971,Math,Core,26,2024-01-01
STU08972,Math,Core,59,2024-01-01
STU08973,Math,Core,21,2024-01-01
STU08974,Math,Core,47,2024-01-01
STU08975,Math,Core,20,2024-01-01
STU08976,Math,Core,7,2024-01-01
STU08977,Math,Core,26,2024-01-01
STU08978,Math,Core,2,2024-01-01
STU08979,Math,Core,7,2024-01-01
STU08980,Math,Core,41,2024-01-01
STU08981,Math,Core,81,2024-01-01
STU08982,Math,Core,31,2024-01-01
STU08983,Math,Core,27,2024-01-01
STU08984,Math,Core,81,2024-01-01
STU08985,Math,Core,77,2024-01-01
STU08986,Math,Core,42,2024-01-01
STU08987,Math,Core,26,2024-01-01
STU08988,Math,Core,77,2024-01-01
STU08989,Math,Core,53,2024-01-01
STU08990,Math,Core,22,2024-01-01
STU08991,Math,Core,36,2024-01-01
STU08992,Math,Core,35,2024-01-01
STU08993,Math,Core,65,2024-01-01
STU08994,Math,Core,19,2024-01-01
STU08995,Math,Core,45,2024-01-01
STU08996,Math,Core,93,2024-01-01
STU08997,Math,Core,15,2024-01-01
STU08998,Math,Core,91,2024-01-01
STU08999,Math,Core,73,2024-01-01
STU09000,Math,Core,27,2024-01-01
STU09001,Math,Core,77,2024-01-01
STU09002,Math,Core,92,2024-01-01
STU09003,Math,Core,27,2024-01-01
STU09004,Math,Core,61,2024-01-01
STU09005,Math,Core,68,2024-01-01
STU09006,Math,Core,16,2024-01-01
STU09007,Math,Core,15,2024-01-01
STU09008,Math,Core,44,2024-01-01
STU09009,Math,Core,22,2024-01-01
STU09010,Math,Core,37,2024-01-01
STU09011,Math,Core,36,2024-01-01
STU09012,Math,Core,98,2024-01-01
STU09013,Math,Core,70,2024-01-01
STU09014,Math,Core,33,2024-01-01
STU09015,Math,Core,94,2024-01-01
STU09016,Math,Core,62,2024-01-01
STU09017,Math,Core,12,2024-01-01
STU09018,Math,Core,56,2024-01-01
STU09019,Math,Core,4,2024-01-01
STU09020,Math,Core,43,2024-01-01
STU09021,Math,Core,30,2024-01-01
STU09022,Math,Core,79,2024-01-01
STU09023,Math,Core,13,2024-01-01
STU09024,Math,Core,33,2024-01-01
STU09025,Math,Core,19,2024-01-01
STU09026,Math,Core,71,2024-01-01
STU09027,Math,Core,65,2024-01-01
STU09028,Math,Core,60,2024-01-01
STU09029,Math,Core,62,2024-01-01
STU09030,Math,Core,93,2024-01-01
STU09031,Math,Core,5,2024-01-01
STU09032,Math,Core,4,2024-01-01
STU09033,Math,Core,69,2024-01-01
STU09034,Math,Core,45,2024-01-01
STU09035,Math,Core,69,2024-01-01
STU09036,Math,Core,11,2024-01-01
STU09037,Math,Core,79,2024-01-01
STU09038,Math,Core,91,2024-01-01
STU09039,Math,Core,28,2024-01-01
STU09040,Math,Core,95,2024-01-01
STU09041,Math,Core,74,2024-01-01
STU09042,Math,Core,81,2024-01-01
STU09043,Math,Core,66,2024-01-01
STU09044,Math,Core,72,2024-01-01
STU09045,Math,Core,75,2024-01-01
STU09046,Math,Core,17,2024-01-01
STU09047,Math,Core,86,2024-01-01
STU09048,Math,Core,33,2024-01-01
STU09049,Math,Core,70,2024-01-01
STU09050,Math,Core,80,2024-01-01
STU09051,Math,Core,90,2024-01-01
STU09052,Math,Core,78,2024-01-01
STU09053,Math,Core,8,2024-01-01
STU09054,Math,Core,7,2024-01-01
STU09055,Math,Core,32,2024-01-01
STU09056,Math,Core,38,2024-01-01
STU09057,Math,Core,51,2024-01-01
STU09058,Math,Core,21,2024-01-01
STU09059,Math,Core,76,2024-01-01
STU09060,Math,Core,46,2024-01-01
STU09061,Math,Core,55,2024-01-01
STU09062,Math,Core,85,2024-01-01
STU09063,Math,Core,52,2024-01-01
STU09064,Math,Core,8,2024-01-01
STU09065,Math,Core,7,2024-01-01
STU09066,Math,Core,16,2024-01-01
STU09067,Math,Core,34,2024-01-01
STU09068,Math,Core,7,2024-01-01
STU09069,Math,Core,56,2024-01-01
STU09070,Math,Core,7,2024-01-01
STU09071,Math,Core,26,2024-01-01
STU09072,Math,Core,85,2024-01-01
STU09073,Math,Core,38,2024-01-01
STU09074,Math,Core,89,2024-01-01
STU09075,Math,Core,95,2024-01-01
STU09076,Math,Core,56,2024-01-01
STU09077,Math,Core,82,2024-01-01
STU09078,Math,Core,37,2024-01-01
STU09079,Math,Core,92,2024-01-01
STU09080,Math,Core,9,2024-01-01
STU09081,Math,Core,84,2024-01-01
STU09082,Math,Core,9,2024-01-01
STU09083,Math,Core,72,2024-01-01
STU09084,Math,Core,92,2024-01-01
STU09085,Math,Core,11,2024-01-01
STU09086,Math,Core,93,2024-01-01
STU09087,Math,Core,44,2024-01-01
STU09088,Math,Core,78,2024-01-01
STU09089,Math,Core,7,2024-01-01
STU09090,Math,Core,97,2024-01-01
STU09091,Math,Core,2,2024-01-01
STU09092,Math,Core,41,2024-01-01
STU09093,Math,Core,83,2024-01-01
STU09094,Math,Core,20,2024-01-01
STU09095,Math,Core,7,2024-01-01
STU09096,Math,Core,38,2024-01-01
STU09097,Math,Core,4,2024-01-01
STU09098,Math,Core,96,2024-01-01
STU09099,Math,Core,54,2024-01-01
STU09100,Math,Core,34,2024-01-01
STU09101,Math,Core,97,2024-01-01
STU09102,Math,Core,95,2024-01-01
STU09103,Math,Core,46,2024-01-01
STU09104,Math,Core,32,2024-01-01
STU09105,Math,Core,47,2024-01-01
STU09106,Math,Core,54,2024-01-01
STU09107,Math,Core,74,2024-01-01
STU09108,Math,Core,75,2024-01-01
STU09109,Math,Core,54,2024-01-01
STU09110,Math,Core,57,2024-01-01
STU09111,Math,Core,54,2024-01-01
STU09112,Math,Core,12,2024-01-01
STU09113,Math,Core,8,2024-01-01
STU09114,Math,Core,17,2024-01-01
STU09115,Math,Core,45,2024-01-01
STU09116,Math,Core,93,2024-01-01
STU09117,Math,Core,97,2024-01-01
STU09118,Math,Core,78,2024-01-01
STU09119,Math,Core,45,2024-01-01
STU09120,Math,Core,65,2024-01-01
STU09121,Math,Core,24,2024-01-01
STU09122,Math,Core,1,2024-01-01
STU09123,Math,Core,21,2024-01-01
STU09124,Math,Core,40,2024-01-01
STU09125,Math,Core,47,2024-01-01
STU09126,Math,Core,61,2024-01-01
STU09127,Math,Core,55,2024-01-01
STU09128,Math,Core,73,2024-01-01
STU09129,Math,Core,100,2024-01-01
STU09130,Math,Core,43,2024-01-01
STU09131,Math,Core,100,2024-01-01
STU09132,Math,Core,50,2024-01-01
STU09133,Math,Core,57,2024-01-01
STU09134,Math,Core,15,2024-01-01
STU09135,Math,Core,54,2024-01-01
STU09136,Math,Core,49,2024-01-01
STU09137,Math,Core,69,2024-01-01
STU09138,Math,Core,31,2024-01-01
STU09139,Math,Core,72,2024-01-01
STU09140,Math,Core,24,2024-01-01
STU09141,Math,Core,80,2024-01-01
STU09142,Math,Core,48,2024-01-01
STU09143,Math,Core,94,2024-01-01
STU09144,Math,Core,44,2024-01-01
STU09145,Math,Core,34,2024-01-01
STU09146,Math,Core,71,2024-01-01
STU09147,Math,Core,9,2024-01-01
STU09148,Math,Core,74,2024-01-01
STU09149,Math,Core,52,2024-01-01
STU09150,Math,Core,1,2024-01-01
STU09151,Math,Core,43,2024-01-01
STU09152,Math,Core,31,2024-01-01
STU09153,Math,Core,54,2024-01-01
STU09154,Math,Core,12,2024-01-01
STU09155,Math,Core,44,2024-01-01
STU09156,Math,Core,24,2024-01-01
STU09157,Math,Core,51,2024-01-01
STU09158,Math,Core,56,2024-01-01
STU09159,Math,Core,38,2024-01-01
STU09160,Math,Core,69,2024-01-01
STU09161,Math,Core,42,2024-01-01
STU09162,Math,Core,38,2024-01-01
STU09163,Math,Core,60,2024-01-01
STU09164,Math,Core,74,2024-01-01
STU09165,Math,Core,57,2024-01-01
STU09166,Math,Core,35,2024-01-01
STU09167,Math,Core,87,2024-01-01
STU09168,Math,Core,93,2024-01-01
STU09169,Math,Core,62,2024-01-01
STU09170,Math,Core,49,2024-01-01
STU09171,Math,Core,48,2024-01-01
STU09172,Math,Core,66,2024-01-01
STU09173,Math,Core,26,2024-01-01
STU09174,Math,Core,46,2024-01-01
STU09175,Math,Core,60,2024-01-01
STU09176,Math,Core,70,2024-01-01
STU09177,Math,Core,67,2024-01-01
STU09178,Math,Core,58,2024-01-01
STU09179,Math,Core,82,2024-01-01
STU09180,Math,Core,73,2024-01-01
STU09181,Math,Core,13,2024-01-01
STU09182,Math,Core,98,2024-01-01
STU09183,Math,Core,66,2024-01-01
STU09184,Math,Core,0,2024-01-01
STU09185,Math,Core,9,2024-01-01
STU09186,Math,Core,6,2024-01-01
STU09187,Math,Core,71,2024-01-01
STU09188,Math,Core,10,2024-01-01
STU09189,Math,Core,60,2024-01-01
STU09190,Math,Core,91,2024-01-01
STU09191,Math,Core,43,2024-01-01
STU09192,Math,Core,94,2024-01-01
STU09193,Math,Core,93,2024-01-01
STU09194,Math,Core,6,2024-01-01
STU09195,Math,Core,43,2024-01-01
STU09196,Math,Core,26,2024-01-01
STU09197,Math,Core,88,2024-01-01
STU09198,Math,Core,12,2024-01-01
STU09199,Math,Core,20,2024-01-01
STU09200,Math,Core,13,2024-01-01
STU09201,Math,Core,81,2024-01-01
STU09202,Math,Core,34,2024-01-01
STU09203,Math,Core,8,2024-01-01
STU09204,Math,Core,24,2024-01-01
STU09205,Math,Core,1,2024-01-01
STU09206,Math,Core,23,2024-01-01
STU09207,Math,Core,28,2024-01-01
STU09208,Math,Core,58,2024-01-01
STU09209,Math,Core,49,2024-01-01
STU09210,Math,Core,96,2024-01-01
STU09211,Math,Core,57,2024-01-01
STU09212,Math,Core,83,2024-01-01
STU09213,Math,Core,94,2024-01-01
STU09214,Math,Core,62,2024-01-01
STU09215,Math,Core,17,2024-01-01
STU09216,Math,Core,99,2024-01-01
STU09217,Math,Core,59,2024-01-01
STU09218,Math,Core,67,2024-01-01
STU09219,Math,Core,25,2024-01-01
STU09220,Math,Core,76,2024-01-01
STU09221,Math,Core,82,2024-01-01
STU09222,Math,Core,25,2024-01-01
STU09223,Math,Core,17,2024-01-01
STU09224,Math,Core,4,2024-01-01
STU09225,Math,Core,1,2024-01-01
STU09226,Math,Core,70,2024-01-01
STU09227,Math,Core,30,2024-01-01
STU09228,Math,Core,54,2024-01-01
STU09229,Math,Core,73,2024-01-01
STU09230,Math,Core,79,2024-01-01
STU09231,Math,Core,18,2024-01-01
STU09232,Math,Core,22,2024-01-01
STU09233,Math,Core,48,2024-01-01
STU09234,Math,Core,81,2024-01-01
STU09235,Math,Core,54,2024-01-01
STU09236,Math,Core,67,2024-01-01
STU09237,Math,Core,53,2024-01-01
STU09238,Math,Core,51,2024-01-01
STU09239,Math,Core,57,2024-01-01
STU09240,Math,Core,13,2024-01-01
STU09241,Math,Core,44,2024-01-01
STU09242,Math,Core,39,2024-01-01
STU09243,Math,Core,12,2024-01-01
STU09244,Math,Core,1,2024-01-01
STU09245,Math,Core,0,2024-01-01
STU09246,Math,Core,61,2024-01-01
STU09247,Math,Core,16,2024-01-01
STU09248,Math,Core,84,2024-01-01
STU09249,Math,Core,4,2024-01-01
STU09250,Math,Core,60,2024-01-01
STU09251,Math,Core,34,2024-01-01
STU09252,Math,Core,83,2024-01-01
STU09253,Math,Core,21,2024-01-01
STU09254,Math,Core,99,2024-01-01
STU09255,Math,Core,67,2024-01-01
STU09256,Math,Core,49,2024-01-01
STU09257,Math,Core,93,2024-01-01
STU09258,Math,Core,48,2024-01-01
STU09259,Math,Core,25,2024-01-01
STU09260,Math,Core,43,2024-01-01
STU09261,Math,Core,26,2024-01-01
STU09262,Math,Core,14,2024-01-01
STU09263,Math,Core,41,2024-01-01
STU09264,Math,Core,84,2024-01-01
STU09265,Math,Core,5,2024-01-01
STU09266,Math,Core,2,2024-01-01
STU09267,Math,Core,49,2024-01-01
STU09268,Math,Core,70,2024-01-01
STU09269,Math,Core,37,2024-01-01
STU09270,Math,Core,43,2024-01-01
STU09271,Math,Core,2,2024-01-01
STU09272,Math,Core,44,2024-01-01
STU09273,Math,Core,68,2024-01-01
STU09274,Math,Core,37,2024-01-01
STU09275,Math,Core,70,2024-01-01
STU09276,Math,Core,85,2024-01-01
STU09277,Math,Core,2,2024-01-01
STU09278,Math,Core,18,2024-01-01
STU09279,Math,Core,8,2024-01-01
STU09280,Math,Core,83,2024-01-01
STU09281,Math,Core,36,2024-01-01
STU09282,Math,Core,15,2024-01-01
STU09283,Math,Core,47,2024-01-01
STU09284,Math,Core,12,2024-01-01
STU09285,Math,Core,53,2024-01-01
STU09286,Math,Core,54,2024-01-01
STU09287,Math,Core,97,2024-01-01
STU09288,Math,Core,89,2024-01-01
STU09289,Math,Core,0,2024-01-01
STU09290,Math,Core,73,2024-01-01
STU09291,Math,Core,55,2024-01-01
STU09292,Math,Core,4,2024-01-01
STU09293,Math,Core,68,2024-01-01
STU09294,Math,Core,13,2024-01-01
STU09295,Math,Core,3,2024-01-01
STU09296,Math,Core,61,2024-01-01
STU09297,Math,Core,67,2024-01-01
STU09298,Math,Core,66,2024-01-01
STU09299,Math,Core,59,2024-01-01
STU09300,Math,Core,89,2024-01-01
STU09301,Math,Core,60,2024-01-01
STU09302,Math,Core,61,2024-01-01
STU09303,Math,Core,22,2024-01-01
STU09304,Math,Core,68,2024-01-01
STU09305,Math,Core,12,2024-01-01
STU09306,Math,Core,6,2024-01-01
STU09307,Math,Core,24,2024-01-01
STU09308,Math,Core,12,2024-01-01
STU09309,Math,Core,44,2024-01-01
STU09310,Math,Core,62,2024-01-01
STU09311,Math,Core,92,2024-01-01
STU09312,Math,Core,96,2024-01-01
STU09313,Math,Core,80,2024-01-01
STU09314,Math,Core,45,2024-01-01
STU09315,Math,Core,32,2024-01-01
STU09316,Math,Core,68,2024-01-01
STU09317,Math,Core,38,2024-01-01
STU09318,Math,Core,70,2024-01-01
STU09319,Math,Core,19,2024-01-01
STU09320,Math,Core,89,2024-01-01
STU09321,Math,Core,45,2024-01-01
STU09322,Math,Core,59,2024-01-01
STU09323,Math,Core,99,2024-01-01
STU09324,Math,Core,60,2024-01-01
STU09325,Math,Core,29,2024-01-01
STU09326,Math,Core,34,2024-01-01
STU09327,Math,Core,93,2024-01-01
STU09328,Math,Core,59,2024-01-01
STU09329,Math,Core,17,2024-01-01
STU09330,Math,Core,0,2024-01-01
STU09331,Math,Core,97,2024-01-01
STU09332,Math,Core,8,2024-01-01
STU09333,Math,Core,26,2024-01-01
STU09334,Math,Core,64,2024-01-01
STU09335,Math,Core,86,2024-01-01
STU09336,Math,Core,23,2024-01-01
STU09337,Math,Core,79,2024-01-01
STU09338,Math,Core,98,2024-01-01
STU09339,Math,Core,3,2024-01-01
STU09340,Math,Core,36,2024-01-01
STU09341,Math,Core,19,2024-01-01
STU09342,Math,Core,7,2024-01-01
STU09343,Math,Core,95,2024-01-01
STU09344,Math,Core,51,2024-01-01
STU09345,Math,Core,11,2024-01-01
STU09346,Math,Core,5,2024-01-01
STU09347,Math,Core,57,2024-01-01
STU09348,Math,Core,10,2024-01-01
STU09349,Math,Core,58,2024-01-01
STU09350,Math,Core,80,2024-01-01
STU09351,Math,Core,79,2024-01-01
STU09352,Math,Core,1,2024-01-01
STU09353,Math,Core,21,2024-01-01
STU09354,Math,Core,25,2024-01-01
STU09355,Math,Core,94,2024-01-01
STU09356,Math,Core,58,2024-01-01
STU09357,Math,Core,20,2024-01-01
STU09358,Math,Core,85,2024-01-01
STU09359,Math,Core,33,2024-01-01
STU09360,Math,Core,46,2024-01-01
STU09361,Math,Core,14,2024-01-01
STU09362,Math,Core,97,2024-01-01
STU09363,Math,Core,37,2024-01-01
STU09364,Math,Core,16,2024-01-01
STU09365,Math,Core,62,2024-01-01
STU09366,Math,Core,24,2024-01-01
STU09367,Math,Core,38,2024-01-01
STU09368,Math,Core,11,2024-01-01
STU09369,Math,Core,41,2024-01-01
STU09370,Math,Core,23,2024-01-01
STU09371,Math,Core,26,2024-01-01
STU09372,Math,Core,18,2024-01-01
STU09373,Math,Core,89,2024-01-01
STU09374,Math,Core,73,2024-01-01
STU09375,Math,Core,55,2024-01-01
STU09376,Math,Core,80,2024-01-01
STU09377,Math,Core,0,2024-01-01
STU09378,Math,Core,93,2024-01-01
STU09379,Math,Core,35,2024-01-01
STU09380,Math,Core,79,2024-01-01
STU09381,Math,Core,16,2024-01-01
STU09382,Math,Core,84,2024-01-01
STU09383,Math,Core,14,2024-01-01
STU09384,Math,Core,9,2024-01-01
STU09385,Math,Core,99,2024-01-01
STU09386,Math,Core,31,2024-01-01
STU09387,Math,Core,83,2024-01-01
STU09388,Math,Core,29,2024-01-01
STU09389,Math,Core,96,2024-01-01
STU09390,Math,Core,22,2024-01-01
STU09391,Math,Core,12,2024-01-01
STU09392,Math,Core,81,2024-01-01
STU09393,Math,Core,36,2024-01-01
STU09394,Math,Core,77,2024-01-01
STU09395,Math,Core,55,2024-01-01
STU09396,Math,Core,73,2024-01-01
STU09397,Math,Core,29,2024-01-01
STU09398,Math,Core,14,2024-01-01
STU09399,Math,Core,21,2024-01-01
STU09400,Math,Core,43,2024-01-01
STU09401,Math,Core,57,2024-01-01
STU09402,Math,Core,12,2024-01-01
STU09403,Math,Core,89,2024-01-01
STU09404,Math,Core,2,2024-01-01
STU09405,Math,Core,52,2024-01-01
STU09406,Math,Core,28,2024-01-01
STU09407,Math,Core,23,2024-01-01
STU09408,Math,Core,32,2024-01-01
STU09409,Math,Core,99,2024-01-01
STU09410,Math,Core,17,2024-01-01
STU09411,Math,Core,24,2024-01-01
STU09412,Math,Core,0,2024-01-01
STU09413,Math,Core,77,2024-01-01
STU09414,Math,Core,34,2024-01-01
STU09415,Math,Core,95,2024-01-01
STU09416,Math,Core,96,2024-01-01
STU09417,Math,Core,100,2024-01-01
STU09418,Math,Core,4,2024-01-01
STU09419,Math,Core,3,2024-01-01
STU09420,Math,Core,2,2024-01-01
STU09421,Math,Core,61,2024-01-01
STU09422,Math,Core,18,2024-01-01
STU09423,Math,Core,55,2024-01-01
STU09424,Math,Core,46,2024-01-01
STU09425,Math,Core,26,2024-01-01
STU09426,Math,Core,12,2024-01-01
STU09427,Math,Core,15,2024-01-01
STU09428,Math,Core,11,2024-01-01
STU09429,Math,Core,97,2024-01-01
STU09430,Math,Core,60,2024-01-01
STU09431,Math,Core,29,2024-01-01
STU09432,Math,Core,19,2024-01-01
STU09433,Math,Core,99,2024-01-01
STU09434,Math,Core,58,2024-01-01
STU09435,Math,Core,17,2024-01-01
STU09436,Math,Core,38,2024-01-01
STU09437,Math,Core,30,2024-01-01
STU09438,Math,Core,100,2024-01-01
STU09439,Math,Core,98,2024-01-01
STU09440,Math,Core,79,2024-01-01
STU09441,Math,Core,39,2024-01-01
STU09442,Math,Core,43,2024-01-01
STU09443,Math,Core,66,2024-01-01
STU09444,Math,Core,83,2024-01-01
STU09445,Math,Core,22,2024-01-01
STU09446,Math,Core,2,2024-01-01
STU09447,Math,Core,64,2024-01-01
STU09448,Math,Core,73,2024-01-01
STU09449,Math,Core,90,2024-01-01
STU09450,Math,Core,79,2024-01-01
STU09451,Math,Core,2,2024-01-01
STU09452,Math,Core,27,2024-01-01
STU09453,Math,Core,66,2024-01-01
STU09454,Math,Core,41,2024-01-01
STU09455,Math,Core,20,2024-01-01
STU09456,Math,Core,87,2024-01-01
STU09457,Math,Core,90,2024-01-01
STU09458,Math,Core,37,2024-01-01
STU09459,Math,Core,22,2024-01-01
STU09460,Math,Core,36,2024-01-01
STU09461,Math,Core,1,2024-01-01
STU09462,Math,Core,72,2024-01-01
STU09463,Math,Core,99,2024-01-01
STU09464,Math,Core,19,2024-01-01
STU09465,Math,Core,37,2024-01-01
STU09466,Math,Core,23,2024-01-01
STU09467,Math,Core,90,2024-01-01
STU09468,Math,Core,95,2024-01-01
STU09469,Math,Core,80,2024-01-01
STU09470,Math,Core,97,2024-01-01
STU09471,Math,Core,23,2024-01-01
STU09472,Math,Core,97,2024-01-01
STU09473,Math,Core,20,2024-01-01
STU09474,Math,Core,4,2024-01-01
STU09475,Math,Core,68,2024-01-01
STU09476,Math,Core,66,2024-01-01
STU09477,Math,Core,48,2024-01-01
STU09478,Math,Core,48,2024-01-01
STU09479,Math,Core,33,2024-01-01
STU09480,Math,Core,13,2024-01-01
STU09481,Math,Core,42,2024-01-01
STU09482,Math,Core,88,2024-01-01
STU09483,Math,Core,77,2024-01-01
STU09484,Math,Core,25,2024-01-01
STU09485,Math,Core,96,2024-01-01
STU09486,Math,Core,34,2024-01-01
STU09487,Math,Core,87,2024-01-01
STU09488,Math,Core,23,2024-01-01
STU09489,Math,Core,93,2024-01-01
STU09490,Math,Core,84,2024-01-01
STU09491,Math,Core,100,2024-01-01
STU09492,Math,Core,79,2024-01-01
STU09493,Math,Core,96,2024-01-01
STU09494,Math,Core,7,2024-01-01
STU09495,Math,Core,31,2024-01-01
STU09496,Math,Core,18,2024-01-01
STU09497,Math,Core,83,2024-01-01
STU09498,Math,Core,76,2024-01-01
STU09499,Math,Core,79,2024-01-01
STU09500,Math,Core,11,2024-01-01
STU09501,Math,Core,43,2024-01-01
STU09502,Math,Core,10,2024-01-01
STU09503,Math,Core,84,2024-01-01
STU09504,Math,Core,28,2024-01-01
STU09505,Math,Core,45,2024-01-01
STU09506,Math,Core,92,2024-01-01
STU09507,Math,Core,96,2024-01-01
STU09508,Math,Core,62,2024-01-01
STU09509,Math,Core,87,2024-01-01
STU09510,Math,Core,53,2024-01-01
STU09511,Math,Core,71,2024-01-01
STU09512,Math,Core,99,2024-01-01
STU09513,Math,Core,22,2024-01-01
STU09514,Math,Core,79,2024-01-01
STU09515,Math,Core,39,2024-01-01
STU09516,Math,Core,11,2024-01-01
STU09517,Math,Core,77,2024-01-01
STU09518,Math,Core,86,2024-01-01
STU09519,Math,Core,26,2024-01-01
STU09520,Math,Core,73,2024-01-01
STU09521,Math,Core,100,2024-01-01
STU09522,Math,Core,56,2024-01-01
STU09523,Math,Core,88,2024-01-01
STU09524,Math,Core,22,2024-01-01
STU09525,Math,Core,13,2024-01-01
STU09526,Math,Core,3,2024-01-01
STU09527,Math,Core,47,2024-01-01
STU09528,Math,Core,80,2024-01-01
STU09529,Math,Core,37,2024-01-01
STU09530,Math,Core,79,2024-01-01
STU09531,Math,Core,35,2024-01-01
STU09532,Math,Core,26,2024-01-01
STU09533,Math,Core,93,2024-01-01
STU09534,Math,Core,2,2024-01-01
STU09535,Math,Core,21,2024-01-01
STU09536,Math,Core,36,2024-01-01
STU09537,Math,Core,65,2024-01-01
STU09538,Math,Core,48,2024-01-01
STU09539,Math,Core,13,2024-01-01
STU09540,Math,Core,51,2024-01-01
STU09541,Math,Core,24,2024-01-01
STU09542,Math,Core,76,2024-01-01
STU09543,Math,Core,41,2024-01-01
STU09544,Math,Core,69,2024-01-01
STU09545,Math,Core,3,2024-01-01
STU09546,Math,Core,37,2024-01-01
STU09547,Math,Core,26,2024-01-01
STU09548,Math,Core,82,2024-01-01
STU09549,Math,Core,59,2024-01-01
STU09550,Math,Core,19,2024-01-01
STU09551,Math,Core,59,2024-01-01
STU09552,Math,Core,78,2024-01-01
STU09553,Math,Core,18,2024-01-01
STU09554,Math,Core,34,2024-01-01
STU09555,Math,Core,93,2024-01-01
STU09556,Math,Core,53,2024-01-01
STU09557,Math,Core,98,2024-01-01
STU09558,Math,Core,83,2024-01-01
STU09559,Math,Core,14,2024-01-01
STU09560,Math,Core,78,2024-01-01
STU09561,Math,Core,78,2024-01-01
STU09562,Math,Core,45,2024-01-01
STU09563,Math,Core,31,2024-01-01
STU09564,Math,Core,43,2024-01-01
STU09565,Math,Core,53,2024-01-01
STU09566,Math,Core,4,2024-01-01
STU09567,Math,Core,58,2024-01-01
STU09568,Math,Core,20,2024-01-01
STU09569,Math,Core,47,2024-01-01
STU09570,Math,Core,61,2024-01-01
STU09571,Math,Core,59,2024-01-01
STU09572,Math,Core,86,2024-01-01
STU09573,Math,Core,89,2024-01-01
STU09574,Math,Core,5,2024-01-01
STU09575,Math,Core,85,2024-01-01
STU09576,Math,Core,62,2024-01-01
STU09577,Math,Core,42,2024-01-01
STU09578,Math,Core,5,2024-01-01
STU09579,Math,Core,87,2024-01-01
STU09580,Math,Core,0,2024-01-01
STU09581,Math,Core,37,2024-01-01
STU09582,Math,Core,43,2024-01-01
STU09583,Math,Core,39,2024-01-01
STU09584,Math,Core,30,2024-01-01
STU09585,Math,Core,58,2024-01-01
STU09586,Math,Core,34,2024-01-01
STU09587,Math,Core,14,2024-01-01
STU09588,Math,Core,7,2024-01-01
STU09589,Math,Core,47,2024-01-01
STU09590,Math,Core,60,2024-01-01
STU09591,Math,Core,25,2024-01-01
STU09592,Math,Core,29,2024-01-01
STU09593,Math,Core,47,2024-01-01
STU09594,Math,Core,18,2024-01-01
STU09595,Math,Core,99,2024-01-01
STU09596,Math,Core,9,2024-01-01
STU09597,Math,Core,48,2024-01-01
STU09598,Math,Core,76,2024-01-01
STU09599,Math,Core,40,2024-01-01
STU09600,Math,Core,36,2024-01-01
STU09601,Math,Core,52,2024-01-01
STU09602,Math,Core,77,2024-01-01
STU09603,Math,Core,41,2024-01-01
STU09604,Math,Core,7,2024-01-01
STU09605,Math,Core,56,2024-01-01
STU09606,Math,Core,48,2024-01-01
STU09607,Math,Core,70,2024-01-01
STU09608,Math,Core,52,2024-01-01
STU09609,Math,Core,17,2024-01-01
STU09610,Math,Core,46,2024-01-01
STU09611,Math,Core,31,2024-01-01
STU09612,Math,Core,57,2024-01-01
STU09613,Math,Core,85,2024-01-01
STU09614,Math,Core,59,2024-01-01
STU09615,Math,Core,17,2024-01-01
STU09616,Math,Core,25,2024-01-01
STU09617,Math,Core,87,2024-01-01
STU09618,Math,Core,11,2024-01-01
STU09619,Math,Core,42,2024-01-01
STU09620,Math,Core,48,2024-01-01
STU09621,Math,Core,13,2024-01-01
STU09622,Math,Core,88,2024-01-01
STU09623,Math,Core,32,2024-01-01
STU09624,Math,Core,19,2024-01-01
STU09625,Math,Core,4,2024-01-01
STU09626,Math,Core,9,2024-01-01
STU09627,Math,Core,8,2024-01-01
STU09628,Math,Core,69,2024-01-01
STU09629,Math,Core,88,2024-01-01
STU09630,Math,Core,98,2024-01-01
STU09631,Math,Core,12,2024-01-01
STU09632,Math,Core,79,2024-01-01
STU09633,Math,Core,35,2024-01-01
STU09634,Math,Core,0,2024-01-01
STU09635,Math,Core,34,2024-01-01
STU09636,Math,Core,55,2024-01-01
STU09637,Math,Core,70,2024-01-01
STU09638,Math,Core,33,2024-01-01
STU09639,Math,Core,86,2024-01-01
STU09640,Math,Core,76,2024-01-01
STU09641,Math,Core,94,2024-01-01
STU09642,Math,Core,91,2024-01-01
STU09643,Math,Core,62,2024-01-01
STU09644,Math,Core,50,2024-01-01
STU09645,Math,Core,31,2024-01-01
STU09646,Math,Core,29,2024-01-01
STU09647,Math,Core,30,2024-01-01
STU09648,Math,Core,93,2024-01-01
STU09649,Math,Core,0,2024-01-01
STU09650,Math,Core,17,2024-01-01
STU09651,Math,Core,11,2024-01-01
STU09652,Math,Core,8,2024-01-01
STU09653,Math,Core,96,2024-01-01
STU09654,Math,Core,35,2024-01-01
STU09655,Math,Core,94,2024-01-01
STU09656,Math,Core,6,2024-01-01
STU09657,Math,Core,100,2024-01-01
STU09658,Math,Core,97,2024-01-01
STU09659,Math,Core,2,2024-01-01
STU09660,Math,Core,28,2024-01-01
STU09661,Math,Core,56,2024-01-01
STU09662,Math,Core,96,2024-01-01
STU09663,Math,Core,94,2024-01-01
STU09664,Math,Core,62,2024-01-01
STU09665,Math,Core,17,2024-01-01
STU09666,Math,Core,48,2024-01-01
STU09667,Math,Core,61,2024-01-01
STU09668,Math,Core,24,2024-01-01
STU09669,Math,Core,70,2024-01-01
STU09670,Math,Core,55,2024-01-01
STU09671,Math,Core,17,2024-01-01
STU09672,Math,Core,60,2024-01-01
STU09673,Math,Core,54,2024-01-01
STU09674,Math,Core,79,2024-01-01
STU09675,Math,Core,43,2024-01-01
STU09676,Math,Core,15,2024-01-01
STU09677,Math,Core,43,2024-01-01
STU09678,Math,Core,62,2024-01-01
STU09679,Math,Core,11,2024-01-01
STU09680,Math,Core,29,2024-01-01
STU09681,Math,Core,99,2024-01-01
STU09682,Math,Core,90,2024-01-01
STU09683,Math,Core,43,2024-01-01
STU09684,Math,Core,59,2024-01-01
STU09685,Math,Core,13,2024-01-01
STU09686,Math,Core,76,2024-01-01
STU09687,Math,Core,65,2024-01-01
STU09688,Math,Core,19,2024-01-01
STU09689,Math,Core,57,2024-01-01
STU09690,Math,Core,15,2024-01-01
STU09691,Math,Core,99,2024-01-01
STU09692,Math,Core,85,2024-01-01
STU09693,Math,Core,94,2024-01-01
STU09694,Math,Core,68,2024-01-01
STU09695,Math,Core,40,2024-01-01
STU09696,Math,Core,33,2024-01-01
STU09697,Math,Core,14,2024-01-01
STU09698,Math,Core,70,2024-01-01
STU09699,Math,Core,76,2024-01-01
STU09700,Math,Core,86,2024-01-01
STU09701,Math,Core,7,2024-01-01
STU09702,Math,Core,6,2024-01-01
STU09703,Math,Core,85,2024-01-01
STU09704,Math,Core,68,2024-01-01
STU09705,Math,Core,46,2024-01-01
STU09706,Math,Core,4,2024-01-01
STU09707,Math,Core,1,2024-01-01
STU09708,Math,Core,80,2024-01-01
STU09709,Math,Core,17,2024-01-01
STU09710,Math,Core,62,2024-01-01
STU09711,Math,Core,51,2024-01-01
STU09712,Math,Core,18,2024-01-01
STU09713,Math,Core,65,2024-01-01
STU09714,Math,Core,78,2024-01-01
STU09715,Math,Core,0,2024-01-01
STU09716,Math,Core,42,2024-01-01
STU09717,Math,Core,78,2024-01-01
STU09718,Math,Core,76,2024-01-01
STU09719,Math,Core,22,2024-01-01
STU09720,Math,Core,33,2024-01-01
STU09721,Math,Core,16,2024-01-01
STU09722,Math,Core,48,2024-01-01
STU09723,Math,Core,53,2024-01-01
STU09724,Math,Core,81,2024-01-01
STU09725,Math,Core,58,2024-01-01
STU09726,Math,Core,75,2024-01-01
STU09727,Math,Core,75,2024-01-01
STU09728,Math,Core,15,2024-01-01
STU09729,Math,Core,83,2024-01-01
STU09730,Math,Core,8,2024-01-01
STU09731,Math,Core,70,2024-01-01
STU09732,Math,Core,20,2024-01-01
STU09733,Math,Core,33,2024-01-01
STU09734,Math,Core,79,2024-01-01
STU09735,Math,Core,34,2024-01-01
STU09736,Math,Core,85,2024-01-01
STU09737,Math,Core,41,2024-01-01
STU09738,Math,Core,65,2024-01-01
STU09739,Math,Core,14,2024-01-01
STU09740,Math,Core,17,2024-01-01
STU09741,Math,Core,24,2024-01-01
STU09742,Math,Core,2,2024-01-01
STU09743,Math,Core,81,2024-01-01
STU09744,Math,Core,30,2024-01-01
STU09745,Math,Core,92,2024-01-01
STU09746,Math,Core,93,2024-01-01
STU09747,Math,Core,68,2024-01-01
STU09748,Math,Core,31,2024-01-01
STU09749,Math,Core,43,2024-01-01
STU09750,Math,Core,81,2024-01-01
STU09751,Math,Core,82,2024-01-01
STU09752,Math,Core,73,2024-01-01
STU09753,Math,Core,33,2024-01-01
STU09754,Math,Core,64,2024-01-01
STU09755,Math,Core,97,2024-01-01
STU09756,Math,Core,55,2024-01-01
STU09757,Math,Core,74,2024-01-01
STU09758,Math,Core,27,2024-01-01
STU09759,Math,Core,50,2024-01-01
STU09760,Math,Core,52,2024-01-01
STU09761,Math,Core,3,2024-01-01
STU09762,Math,Core,29,2024-01-01
STU09763,Math,Core,40,2024-01-01
STU09764,Math,Core,12,2024-01-01
STU09765,Math,Core,6,2024-01-01
STU09766,Math,Core,10,2024-01-01
STU09767,Math,Core,59,2024-01-01
STU09768,Math,Core,48,2024-01-01
STU09769,Math,Core,36,2024-01-01
STU09770,Math,Core,69,2024-01-01
STU09771,Math,Core,21,2024-01-01
STU09772,Math,Core,37,2024-01-01
STU09773,Math,Core,79,2024-01-01
STU09774,Math,Core,88,2024-01-01
STU09775,Math,Core,46,2024-01-01
STU09776,Math,Core,28,2024-01-01
STU09777,Math,Core,78,2024-01-01
STU09778,Math,Core,53,2024-01-01
STU09779,Math,Core,44,2024-01-01
STU09780,Math,Core,95,2024-01-01
STU09781,Math,Core,51,2024-01-01
STU09782,Math,Core,54,2024-01-01
STU09783,Math,Core,21,2024-01-01
STU09784,Math,Core,56,2024-01-01
STU09785,Math,Core,90,2024-01-01
STU09786,Math,Core,60,2024-01-01
STU09787,Math,Core,61,2024-01-01
STU09788,Math,Core,39,2024-01-01
STU09789,Math,Core,93,2024-01-01
STU09790,Math,Core,80,2024-01-01
STU09791,Math,Core,29,2024-01-01
STU09792,Math,Core,11,2024-01-01
STU09793,Math,Core,29,2024-01-01
STU09794,Math,Core,61,2024-01-01
STU09795,Math,Core,49,2024-01-01
STU09796,Math,Core,59,2024-01-01
STU09797,Math,Core,12,2024-01-01
STU09798,Math,Core,55,2024-01-01
STU09799,Math,Core,45,2024-01-01
STU09800,Math,Core,24,2024-01-01
STU09801,Math,Core,67,2024-01-01
STU09802,Math,Core,91,2024-01-01
STU09803,Math,Core,23,2024-01-01
STU09804,Math,Core,14,2024-01-01
STU09805,Math,Core,99,2024-01-01
STU09806,Math,Core,70,2024-01-01
STU09807,Math,Core,29,2024-01-01
STU09808,Math,Core,53,2024-01-01
STU09809,Math,Core,27,2024-01-01
STU09810,Math,Core,41,2024-01-01
STU09811,Math,Core,22,2024-01-01
STU09812,Math,Core,44,2024-01-01
STU09813,Math,Core,30,2024-01-01
STU09814,Math,Core,66,2024-01-01
STU09815,Math,Core,0,2024-01-01
STU09816,Math,Core,74,2024-01-01
STU09817,Math,Core,96,2024-01-01
STU09818,Math,Core,23,2024-01-01
STU09819,Math,Core,69,2024-01-01
STU09820,Math,Core,64,2024-01-01
STU09821,Math,Core,17,2024-01-01
STU09822,Math,Core,49,2024-01-01
STU09823,Math,Core,43,2024-01-01
STU09824,Math,Core,30,2024-01-01
STU09825,Math,Core,1,2024-01-01
STU09826,Math,Core,2,2024-01-01
STU09827,Math,Core,76,2024-01-01
STU09828,Math,Core,12,2024-01-01
STU09829,Math,Core,93,2024-01-01
STU09830,Math,Core,82,2024-01-01
STU09831,Math,Core,38,2024-01-01
STU09832,Math,Core,64,2024-01-01
STU09833,Math,Core,71,2024-01-01
STU09834,Math,Core,19,2024-01-01
STU09835,Math,Core,71,2024-01-01
STU09836,Math,Core,5,2024-01-01
STU09837,Math,Core,68,2024-01-01
STU09838,Math,Core,33,2024-01-01
STU09839,Math,Core,95,2024-01-01
STU09840,Math,Core,33,2024-01-01
STU09841,Math,Core,67,2024-01-01
STU09842,Math,Core,70,2024-01-01
STU09843,Math,Core,24,2024-01-01
STU09844,Math,Core,60,2024-01-01
STU09845,Math,Core,14,2024-01-01
STU09846,Math,Core,2,2024-01-01
STU09847,Math,Core,18,2024-01-01
STU09848,Math,Core,39,2024-01-01
STU09849,Math,Core,43,2024-01-01
STU09850,Math,Core,56,2024-01-01
STU09851,Math,Core,27,2024-01-01
STU09852,Math,Core,6,2024-01-01
STU09853,Math,Core,91,2024-01-01
STU09854,Math,Core,73,2024-01-01
STU09855,Math,Core,28,2024-01-01
STU09856,Math,Core,80,2024-01-01
STU09857,Math,Core,23,2024-01-01
STU09858,Math,Core,77,2024-01-01
STU09859,Math,Core,72,2024-01-01
STU09860,Math,Core,90,2024-01-01
STU09861,Math,Core,94,2024-01-01
STU09862,Math,Core,96,2024-01-01
STU09863,Math,Core,37,2024-01-01
STU09864,Math,Core,27,2024-01-01
STU09865,Math,Core,17,2024-01-01
STU09866,Math,Core,8,2024-01-01
STU09867,Math,Core,49,2024-01-01
STU09868,Math,Core,15,2024-01-01
STU09869,Math,Core,13,2024-01-01
STU09870,Math,Core,90,2024-01-01
STU09871,Math,Core,91,2024-01-01
STU09872,Math,Core,90,2024-01-01
STU09873,Math,Core,26,2024-01-01
STU09874,Math,Core,100,2024-01-01
STU09875,Math,Core,51,2024-01-01
STU09876,Math,Core,96,2024-01-01
STU09877,Math,Core,51,2024-01-01
STU09878,Math,Core,68,2024-01-01
STU09879,Math,Core,68,2024-01-01
STU09880,Math,Core,68,2024-01-01
STU09881,Math,Core,81,2024-01-01
STU09882,Math,Core,27,2024-01-01
STU09883,Math,Core,53,2024-01-01
STU09884,Math,Core,10,2024-01-01
STU09885,Math,Core,92,2024-01-01
STU09886,Math,Core,93,2024-01-01
STU09887,Math,Core,40,2024-01-01
STU09888,Math,Core,71,2024-01-01
STU09889,Math,Core,78,2024-01-01
STU09890,Math,Core,13,2024-01-01
STU09891,Math,Core,28,2024-01-01
STU09892,Math,Core,31,2024-01-01
STU09893,Math,Core,89,2024-01-01
STU09894,Math,Core,40,2024-01-01
STU09895,Math,Core,50,2024-01-01
STU09896,Math,Core,26,2024-01-01
STU09897,Math,Core,62,2024-01-01
STU09898,Math,Core,0,2024-01-01
STU09899,Math,Core,39,2024-01-01
STU09900,Math,Core,47,2024-01-01
STU09901,Math,Core,14,2024-01-01
STU09902,Math,Core,47,2024-01-01
STU09903,Math,Core,69,2024-01-01
STU09904,Math,Core,57,2024-01-01
STU09905,Math,Core,100,2024-01-01
STU09906,Math,Core,69,2024-01-01
STU09907,Math,Core,52,2024-01-01
STU09908,Math,Core,31,2024-01-01
STU09909,Math,Core,69,2024-01-01
STU09910,Math,Core,29,2024-01-01
STU09911,Math,Core,84,2024-01-01
STU09912,Math,Core,31,2024-01-01
STU09913,Math,Core,71,2024-01-01
STU09914,Math,Core,82,2024-01-01
STU09915,Math,Core,50,2024-01-01
STU09916,Math,Core,59,2024-01-01
STU09917,Math,Core,92,2024-01-01
STU09918,Math,Core,78,2024-01-01
STU09919,Math,Core,23,2024-01-01
STU09920,Math,Core,21,2024-01-01
STU09921,Math,Core,31,2024-01-01
STU09922,Math,Core,12,2024-01-01
STU09923,Math,Core,15,2024-01-01
STU09924,Math,Core,83,2024-01-01
STU09925,Math,Core,54,2024-01-01
STU09926,Math,Core,98,2024-01-01
STU09927,Math,Core,0,2024-01-01
STU09928,Math,Core,47,2024-01-01
STU09929,Math,Core,100,2024-01-01
STU09930,Math,Core,44,2024-01-01
STU09931,Math,Core,48,2024-01-01
STU09932,Math,Core,70,2024-01-01
STU09933,Math,Core,33,2024-01-01
STU09934,Math,Core,19,2024-01-01
STU09935,Math,Core,23,2024-01-01
STU09936,Math,Core,31,2024-01-01
STU09937,Math,Core,40,2024-01-01
STU09938,Math,Core,37,2024-01-01
STU09939,Math,Core,14,2024-01-01
STU09940,Math,Core,4,2024-01-01
STU09941,Math,Core,88,2024-01-01
STU09942,Math,Core,97,2024-01-01
STU09943,Math,Core,4,2024-01-01
STU09944,Math,Core,14,2024-01-01
STU09945,Math,Core,41,2024-01-01
STU09946,Math,Core,77,2024-01-01
STU09947,Math,Core,1,2024-01-01
STU09948,Math,Core,3,2024-01-01
STU09949,Math,Core,20,2024-01-01
STU09950,Math,Core,11,2024-01-01
STU09951,Math,Core,9,2024-01-01
STU09952,Math,Core,56,2024-01-01
STU09953,Math,Core,83,2024-01-01
STU09954,Math,Core,73,2024-01-01
STU09955,Math,Core,77,2024-01-01
STU09956,Math,Core,94,2024-01-01
STU09957,Math,Core,86,2024-01-01
STU09958,Math,Core,51,2024-01-01
STU09959,Math,Core,30,2024-01-01
STU09960,Math,Core,77,2024-01-01
STU09961,Math,Core,8,2024-01-01
STU09962,Math,Core,19,2024-01-01
STU09963,Math,Core,21,2024-01-01
STU09964,Math,Core,35,2024-01-01
STU09965,Math,Core,82,2024-01-01
STU09966,Math,Core,7,2024-01-01
STU09967,Math,Core,90,2024-01-01
STU09968,Math,Core,77,2024-01-01
STU09969,Math,Core,72,2024-01-01
STU09970,Math,Core,46,2024-01-01
STU09971,Math,Core,36,2024-01-01
STU09972,Math,Core,88,2024-01-01
STU09973,Math,Core,69,2024-01-01
STU09974,Math,Core,70,2024-01-01
STU09975,Math,Core,54,2024-01-01
STU09976,Math,Core,73,2024-01-01
STU09977,Math,Core,9,2024-01-01
STU09978,Math,Core,12,2024-01-01
STU09979,Math,Core,17,2024-01-01
STU09980,Math,Core,23,2024-01-01
STU09981,Math,Core,88,2024-01-01
STU09982,Math,Core,5,2024-01-01
STU09983,Math,Core,75,2024-01-01
STU09984,Math,Core,1,2024-01-01
STU09985,Math,Core,63,2024-01-01
STU09986,Math,Core,3,2024-01-01
STU09987,Math,Core,19,2024-01-01
STU09988,Math,Core,81,2024-01-01
STU09989,Math,Core,32,2024-01-01
STU09990,Math,Core,47,2024-01-01
STU09991,Math,Core,62,2024-01-01
STU09992,Math,Core,40,2024-01-01
STU09993,Math,Core,57,2024-01-01
STU09994,Math,Core,27,2024-01-01
STU09995,Math,Core,14,2024-01-01
STU09996,Math,Core,46,2024-01-01
STU09997,Math,Core,30,2024-01-01
STU09998,Math,Core,95,2024-01-01
STU09999,Math,Core,58,2024-01-01
